iteration_no,link_id,from_node_id,to_node_id,volume,ref_volume,base_volume,obs_volume,capacity,D,doc,fftt,travel_time,VDF_alpha,VDF_beta,VDF_plf,speed_mph,speed_kmph,VMT,VHT,PMT,PHT,VHT_QVDF,PHT_QVDF,geometry,mod_vol_sov,P,t0,t2,t3,vt2_mph,vt2_kmph,mu,Q_gamma,free_speed_mph,cutoff_speed_mph,free_speed_kmph,cutoff_speed_kmph,congestion_ref_speed_mph,avg_queue_speed_mph,avg_QVDF_period_speed_mph,congestion_ref_speed_kmph,avg_queue_speed_kmph,avg_QVDF_period_speed_kmph,avg_QVDF_period_travel_time,Severe_Congestion_P,spd_mph_07:00,spd_mph_07:05,spd_mph_07:10,spd_mph_07:15,spd_mph_07:20,spd_mph_07:25,spd_mph_07:30,spd_mph_07:35,spd_mph_07:40,spd_mph_07:45,spd_mph_07:50,spd_mph_07:55,
10,1,0,1,0.0000,0.0000,0.0000,-1.0000,1000.0000,0.0000,0.0000,0.4063,0.4063,0.1500,4.0000,1.0000,18.6451,30.0000,0.000000,0.000000,0.000000,0.000000,0.000000,0.000000,"LINESTRING (-111.9304264 33.4231268, -111.9304120 33.4231839, -111.9304005 33.4232277, -111.9303882 33.4232950, -111.9303108 33.4236887, -111.9302973 33.4237531, -111.9302813 33.4238045, -111.9302430 33.4238667, -111.9302129 33.4238974, -111.9301639 33.4239305, -111.9301123 33.4239534, -111.9299243 33.4240186, -111.9296860 33.4241011, -111.9296630 33.4241090, -111.9292198 33.4242567, -111.9290798 33.4242989)",0.000000,0.000000,7.500000,7.500000,7.500000,13.983840,22.499999,0.000000,-nan(ind),18.645121,13.983840,29.999999,22.499999,18.645121,18.645121,18.645121,29.999999,29.999999,29.999999,0.406340,0.000000,18.645,18.645,18.645,18.645,18.645,18.645,-nan(ind),18.645,18.645,18.645,18.645,18.645,
10,2,0,91,0.0000,0.0000,0.0000,-1.0000,1200.0000,0.0000,0.0000,0.1209,0.1209,0.1500,4.0000,1.0000,29.8322,48.0000,0.000000,0.000000,0.000000,0.000000,0.000000,0.000000,"LINESTRING (-111.9304264 33.4231268, -111.9303102 33.4231118, -111.9301089 33.4230616, -111.9299067 33.4229799, -111.9295421 33.4227616, -111.9295097 33.4227418)",0.000000,0.000000,7.500000,7.500000,7.500000,22.374145,35.999999,0.000000,-nan(ind),29.832193,22.374145,47.999999,35.999999,29.832193,29.832193,29.832193,47.999999,47.999999,47.999999,0.120875,0.000000,29.832,29.832,29.832,29.832,29.832,29.832,-nan(ind),29.832,29.832,29.832,29.832,29.832,
10,3,0,94,0.0000,0.0000,0.0000,-1.0000,1200.0000,0.0000,0.0000,0.2455,0.2455,0.1500,4.0000,1.0000,29.8322,48.0000,0.000000,0.000000,0.000000,0.000000,0.000000,0.000000,"LINESTRING (-111.9304264 33.4231268, -111.9305248 33.4232046, -111.9306079 33.4232582, -111.9307360 33.4233106, -111.9309357 33.4233812, -111.9311333 33.4234587, -111.9312907 33.4235414, -111.9314200 33.4236319, -111.9319949 33.4241089, -111.9320888 33.4241868)",0.000000,0.000000,7.500000,7.500000,7.500000,22.374145,35.999999,0.000000,-nan(ind),29.832193,22.374145,47.999999,35.999999,29.832193,29.832193,29.832193,47.999999,47.999999,47.999999,0.245488,0.000000,29.832,29.832,29.832,29.832,29.832,29.832,-nan(ind),29.832,29.832,29.832,29.832,29.832,
10,4,1,0,0.0000,0.0000,0.0000,-1.0000,1000.0000,0.0000,0.0000,0.4063,0.4063,0.1500,4.0000,1.0000,18.6451,30.0000,0.000000,0.000000,0.000000,0.000000,0.000000,0.000000,"LINESTRING (-111.9290798 33.4242989, -111.9292198 33.4242567, -111.9296630 33.4241090, -111.9296860 33.4241011, -111.9299243 33.4240186, -111.9301123 33.4239534, -111.9301639 33.4239305, -111.9302129 33.4238974, -111.9302430 33.4238667, -111.9302813 33.4238045, -111.9302973 33.4237531, -111.9303108 33.4236887, -111.9303882 33.4232950, -111.9304005 33.4232277, -111.9304120 33.4231839, -111.9304264 33.4231268)",0.000000,0.000000,7.500000,7.500000,7.500000,13.983840,22.499999,0.000000,-nan(ind),18.645121,13.983840,29.999999,22.499999,18.645121,18.645121,18.645121,29.999999,29.999999,29.999999,0.406340,0.000000,18.645,18.645,18.645,18.645,18.645,18.645,-nan(ind),18.645,18.645,18.645,18.645,18.645,
10,5,1,364,0.0000,0.0000,0.0000,-1.0000,1000.0000,0.0000,0.0000,0.5068,0.5068,0.1500,4.0000,1.0000,18.6451,30.0000,0.000000,0.000000,0.000000,0.000000,0.000000,0.000000,"LINESTRING (-111.9290798 33.4242989, -111.9289046 33.4243452, -111.9287135 33.4243933, -111.9286430 33.4244053, -111.9283655 33.4244526, -111.9282474 33.4244664, -111.9281214 33.4244812, -111.9278961 33.4244980, -111.9276205 33.4245014, -111.9275146 33.4245016, -111.9274180 33.4245018, -111.9264710 33.4245060, -111.9263814 33.4245047)",0.000000,0.000000,7.500000,7.500000,7.500000,13.983840,22.499999,0.000000,-nan(ind),18.645121,13.983840,29.999999,22.499999,18.645121,18.645121,18.645121,29.999999,29.999999,29.999999,0.506800,0.000000,18.645,18.645,18.645,18.645,18.645,18.645,-nan(ind),18.645,18.645,18.645,18.645,18.645,
10,6,2,292,0.0000,0.0000,0.0000,-1.0000,1000.0000,0.0000,0.0000,0.1264,0.1264,0.1500,4.0000,1.0000,18.6451,30.0000,0.000000,0.000000,0.000000,0.000000,0.000000,0.000000,"LINESTRING (-111.9412691 33.4243385, -111.9412759 33.4240511, -111.9412789 33.4240102, -111.9413077 33.4239694, -111.9414688 33.4238299)",0.000000,0.000000,7.500000,7.500000,7.500000,13.983840,22.499999,0.000000,-nan(ind),18.645121,13.983840,29.999999,22.499999,18.645121,18.645121,18.645121,29.999999,29.999999,29.999999,0.126400,0.000000,18.645,18.645,18.645,18.645,18.645,18.645,-nan(ind),18.645,18.645,18.645,18.645,18.645,
10,7,2,317,0.0000,0.0000,0.0000,-1.0000,1000.0000,0.0000,0.0000,0.2192,0.2192,0.1500,4.0000,1.0000,18.6451,30.0000,0.000000,0.000000,0.000000,0.000000,0.000000,0.000000,"LINESTRING (-111.9412691 33.4243385, -111.9417777 33.4243358, -111.9418110 33.4243431, -111.9418436 33.4243558, -111.9419645 33.4244387, -111.9420123 33.4244614, -111.9420536 33.4244698, -111.9424000 33.4244683)",0.000000,0.000000,7.500000,7.500000,7.500000,13.983840,22.499999,0.000000,-nan(ind),18.645121,13.983840,29.999999,22.499999,18.645121,18.645121,18.645121,29.999999,29.999999,29.999999,0.219220,0.000000,18.645,18.645,18.645,18.645,18.645,18.645,-nan(ind),18.645,18.645,18.645,18.645,18.645,
10,8,2,349,83.9169,0.0000,0.0000,-1.0000,1000.0000,83.9169,0.0839,0.1670,0.1670,0.1500,4.0000,1.0000,24.8600,39.9997,5.804817,0.233501,5.804817,0.233501,0.236184,0.236184,"LINESTRING (-111.9412691 33.4243385, -111.9407083 33.4243409, -111.9400719 33.4243450)",83.916900,0.083917,7.458042,7.500000,7.541958,18.644861,29.999581,1000.000000,1120121.243026,24.860161,18.645121,39.999999,29.999999,24.338614,24.338433,24.577489,39.160830,39.160538,39.545180,0.168870,0.000000,24.860,24.765,24.670,24.575,24.481,24.386,18.645,24.386,24.481,24.575,24.670,24.765,
10,9,4,5,6.8611,0.0000,0.0000,-1.0000,1000.0000,6.8611,0.0069,0.1349,0.1349,0.1500,4.0000,1.0000,24.8602,40.0000,0.383522,0.015427,0.383522,0.015427,0.015441,0.015441,"LINESTRING (-111.9376334 33.4243567, -111.9375411 33.4243581, -111.9373581 33.4243583, -111.9367572 33.4243590, -111.9366660 33.4243591)",6.861100,0.006861,7.496569,7.500000,7.503431,18.645121,29.999999,686.110000,14774947457.560238,24.860161,18.645121,39.999999,29.999999,24.817519,24.817519,24.838694,39.931388,39.931388,39.965458,0.135027,0.000000,24.860,24.853,24.846,24.839,24.832,24.824,18.645,24.824,24.832,24.839,24.846,24.853,
10,10,4,329,0.0000,0.0000,0.0000,-1.0000,1000.0000,0.0000,0.0000,0.0650,0.0650,0.1500,4.0000,1.0000,24.8602,40.0000,0.000000,0.000000,0.000000,0.000000,0.000000,0.000000,"LINESTRING (-111.9376334 33.4243567, -111.9376328 33.4243841, -111.9376425 33.4244102, -111.9376617 33.4244324, -111.9376883 33.4244484, -111.9377197 33.4244566, -111.9377525 33.4244560, -111.9377834 33.4244468, -111.9378092 33.4244299, -111.9378273 33.4244071, -111.9378360 33.4243793, -111.9378330 33.4243506, -111.9378189 33.4243244, -111.9377951 33.4243036, -111.9377644 33.4242905)",0.000000,0.000000,7.500000,7.500000,7.500000,18.645121,29.999999,0.000000,-nan(ind),24.860161,18.645121,39.999999,29.999999,24.860161,24.860161,24.860161,39.999999,39.999999,39.999999,0.065025,0.000000,24.860,24.860,24.860,24.860,24.860,24.860,-nan(ind),24.860,24.860,24.860,24.860,24.860,
10,11,5,4,6.8611,0.0000,0.0000,-1.0000,1000.0000,6.8611,0.0069,0.1349,0.1349,0.1500,4.0000,1.0000,24.8602,40.0000,0.383522,0.015427,0.383522,0.015427,0.015441,0.015441,"LINESTRING (-111.9366660 33.4243591, -111.9367572 33.4243590, -111.9373581 33.4243583, -111.9375411 33.4243581, -111.9376334 33.4243567)",6.861100,0.006861,7.496569,7.500000,7.503431,18.645121,29.999999,686.110000,14774947457.560238,24.860161,18.645121,39.999999,29.999999,24.817519,24.817519,24.838694,39.931388,39.931388,39.965458,0.135027,0.000000,24.860,24.853,24.846,24.839,24.832,24.824,18.645,24.824,24.832,24.839,24.846,24.853,
10,12,5,6,10.2917,0.0000,0.0000,-1.0000,1000.0000,10.2917,0.0103,0.2356,0.2356,0.1500,4.0000,1.0000,24.8602,40.0000,1.004736,0.040416,1.004736,0.040416,0.040468,0.040468,"LINESTRING (-111.9366660 33.4243591, -111.9365605 33.4243597, -111.9362338 33.4243617, -111.9358561 33.4243639, -111.9355078 33.4243660, -111.9353948 33.4243414, -111.9353091 33.4243324, -111.9350964 33.4243366, -111.9349809 33.4243346)",10.291700,0.010292,7.494854,7.500000,7.505146,18.645121,29.999999,1000.000000,7409642014.874353,24.860161,18.645121,39.999999,29.999999,24.796197,24.796197,24.827850,39.897082,39.897082,39.948011,0.235927,0.000000,24.860,24.849,24.839,24.828,24.817,24.806,18.645,24.806,24.817,24.828,24.839,24.849,
10,13,5,31,10.2917,0.0000,0.0000,-1.0000,1000.0000,10.2917,0.0103,0.1896,0.1896,0.1500,4.0000,1.0000,24.8602,40.0000,0.808497,0.032522,0.808497,0.032522,0.032564,0.032564,"LINESTRING (-111.9366660 33.4243591, -111.9366683 33.4244745, -111.9366697 33.4248479, -111.9366717 33.4253795, -111.9366718 33.4253943, -111.9366724 33.4254992)",10.291700,0.010292,7.494854,7.500000,7.505146,18.645121,29.999999,1000.000000,5962431567.864262,24.860161,18.645121,39.999999,29.999999,24.796197,24.796197,24.827850,39.897082,39.897082,39.948011,0.189847,0.000000,24.860,24.849,24.839,24.828,24.817,24.806,18.645,24.806,24.817,24.828,24.839,24.849,
10,14,5,64,48.0280,0.0000,0.0000,-1.0000,1000.0000,48.0280,0.0480,0.1922,0.1922,0.1500,4.0000,1.0000,24.8601,40.0000,3.823733,0.153810,3.823733,0.153810,0.154784,0.154784,"LINESTRING (-111.9366660 33.4243591, -111.9366669 33.4242409, -111.9366703 33.4237840, -111.9366641 33.4233211, -111.9366651 33.4232037)",48.028000,0.048028,7.475986,7.500000,7.524014,18.645093,29.999954,1000.000000,12372084.240494,24.860161,18.645121,39.999999,29.999999,24.561665,24.561645,24.703744,39.519719,39.519687,39.748324,0.193367,0.000000,24.860,24.808,24.756,24.703,24.651,24.599,18.645,24.599,24.651,24.703,24.756,24.808,
10,15,6,5,10.4896,0.0000,0.0000,-1.0000,1000.0000,10.4896,0.0105,0.2356,0.2356,0.1500,4.0000,1.0000,24.8602,40.0000,1.024056,0.041193,1.024056,0.041193,0.041247,0.041247,"LINESTRING (-111.9349809 33.4243346, -111.9350964 33.4243366, -111.9353091 33.4243324, -111.9353948 33.4243414, -111.9355078 33.4243660, -111.9358561 33.4243639, -111.9362338 33.4243617, -111.9365605 33.4243597, -111.9366660 33.4243591)",10.489600,0.010490,7.494755,7.500000,7.505245,18.645121,29.999999,1000.000000,6865065457.094787,24.860161,18.645121,39.999999,29.999999,24.794968,24.794967,24.827222,39.895103,39.895103,39.947001,0.235933,0.000000,24.860,24.849,24.838,24.827,24.816,24.805,18.645,24.805,24.816,24.827,24.838,24.849,
10,16,6,52,15.7345,0.0000,0.0000,-1.0000,1200.0000,15.7345,0.0131,0.1845,0.1845,0.1500,4.0000,1.0000,24.8602,40.0000,1.202628,0.048376,1.202628,0.048376,0.048456,0.048456,"LINESTRING (-111.9349809 33.4243346, -111.9349808 33.4243956, -111.9349838 33.4248448, -111.9349717 33.4252787, -111.9349278 33.4254396)",15.734500,0.013112,7.493444,7.500000,7.506556,18.645120,29.999999,1200.000000,2636461805.833442,24.860161,18.645121,39.999999,29.999999,24.778669,24.778669,24.818880,39.868878,39.868878,39.933579,0.184777,0.000000,24.860,24.846,24.833,24.819,24.805,24.791,18.645,24.791,24.805,24.819,24.833,24.846,
10,17,6,53,73.4273,0.0000,0.0000,-1.0000,1200.0000,73.4273,0.0612,0.1873,0.1873,0.1500,4.0000,1.0000,24.8601,39.9999,5.698031,0.229204,5.698031,0.229204,0.231079,0.231079,"LINESTRING (-111.9349809 33.4243346, -111.9349826 33.4242604, -111.9349897 33.4234920, -111.9349900 33.4233768, -111.9349911 33.4233422, -111.9349907 33.4232970, -111.9349761 33.4232093)",73.427300,0.061189,7.469405,7.500000,7.530595,18.645047,29.999881,1200.000000,5434731.863834,24.860161,18.645121,39.999999,29.999999,24.479866,24.479815,24.658375,39.388105,39.388022,39.675326,0.188823,0.000000,24.860,24.793,24.725,24.658,24.590,24.523,18.645,24.523,24.590,24.658,24.725,24.793,
10,18,7,8,1.6835,0.0000,0.0000,-1.0000,1000.0000,1.6835,0.0017,0.3123,0.3123,0.1500,4.0000,1.0000,18.6451,30.0000,0.163391,0.008763,0.163391,0.008763,0.008765,0.008765,"LINESTRING (-111.9412608 33.4219305, -111.9412597 33.4219207, -111.9412482 33.4215187, -111.9412477 33.4215016, -111.9412432 33.4213251, -111.9412418 33.4212879, -111.9412404 33.4212296, -111.9412399 33.4211998, -111.9412309 33.4205714, -111.9412300 33.4205223)",1.683500,0.001684,7.499158,7.500000,7.500842,13.983840,22.499999,168.350000,2324443462632.297363,18.645121,13.983840,29.999999,22.499999,18.637273,18.637273,18.641190,29.987373,29.987373,29.993675,0.312386,0.000000,18.645,18.644,18.643,18.641,18.640,18.639,13.984,18.639,18.640,18.641,18.643,18.644,
10,19,7,237,0.0000,0.0000,0.0000,-1.0000,3600.0000,0.0000,0.0000,0.0484,0.0484,0.1500,4.0000,1.0000,28.0485,45.1300,0.000000,0.000000,0.000000,0.000000,0.000000,0.000000,"LINESTRING (-111.9412608 33.4219305, -111.9417462 33.4219298)",0.000000,0.000000,7.500000,7.500000,7.500000,26.103169,42.000000,0.000000,-nan(ind),34.804226,26.103169,56.000000,42.000000,34.804226,34.804226,34.804226,56.000000,56.000000,56.000000,0.048354,0.000000,34.804,34.804,34.804,34.804,34.804,34.804,-nan(ind),34.804,34.804,34.804,34.804,34.804,
10,20,7,239,28.6197,0.0000,0.0000,-1.0000,3600.0000,14.3098,0.0079,0.0511,0.0511,0.1500,4.0000,1.0000,29.6395,47.6900,0.848274,0.024373,0.848274,0.024373,0.024397,0.024397,"LINESTRING (-111.9412608 33.4219305, -111.9407478 33.4219322)",28.619700,0.007950,7.496025,7.500000,7.503975,26.103169,42.000000,1430.985000,6469644313.392612,34.804226,26.103169,56.000000,42.000000,34.735053,34.735053,34.769365,55.888701,55.888701,55.943908,0.051148,0.000000,34.804,34.793,34.781,34.769,34.758,34.746,26.103,34.746,34.758,34.769,34.781,34.793,
10,21,8,7,1.6835,0.0000,0.0000,-1.0000,1000.0000,1.6835,0.0017,0.3123,0.3123,0.1500,4.0000,1.0000,18.6451,30.0000,0.163391,0.008763,0.163391,0.008763,0.008765,0.008765,"LINESTRING (-111.9412300 33.4205223, -111.9412309 33.4205714, -111.9412399 33.4211998, -111.9412404 33.4212296, -111.9412418 33.4212879, -111.9412432 33.4213251, -111.9412477 33.4215016, -111.9412482 33.4215187, -111.9412597 33.4219207, -111.9412608 33.4219305)",1.683500,0.001684,7.499158,7.500000,7.500842,13.983840,22.499999,168.350000,2324443462632.297363,18.645121,13.983840,29.999999,22.499999,18.637273,18.637273,18.641190,29.987373,29.987373,29.993675,0.312386,0.000000,18.645,18.644,18.643,18.641,18.640,18.639,13.984,18.639,18.640,18.641,18.643,18.644,
10,22,8,337,28.6197,0.0000,0.0000,-1.0000,1000.0000,28.6197,0.0286,0.0141,0.0141,0.1500,4.0000,1.0000,4.3878,7.0600,0.125578,0.006735,0.125578,0.006735,0.006760,0.006760,"LINESTRING (-111.9412300 33.4205223, -111.9412457 33.4205209, -111.9412600 33.4205153, -111.9412706 33.4205066, -111.9412774 33.4204956, -111.9412797 33.4204834)",28.619700,0.028620,7.485690,7.500000,7.514310,13.983838,22.499995,1000.000000,7321330.487352,18.645121,13.983840,29.999999,22.499999,18.511716,18.511714,18.576509,29.785351,29.785348,29.889604,0.014172,0.000000,18.645,18.622,18.599,18.576,18.554,18.531,13.984,18.531,18.554,18.576,18.599,18.622,
10,23,9,10,3.4306,0.0000,0.0000,-1.0000,1000.0000,3.4306,0.0034,0.2424,0.2424,0.1500,4.0000,1.0000,18.6451,30.0000,0.258457,0.013862,0.258457,0.013862,0.013868,0.013868,"LINESTRING (-111.9423400 33.4136148, -111.9423490 33.4142597, -111.9423597 33.4144744, -111.9423738 33.4146487, -111.9423885 33.4146873, -111.9424000 33.4147029)",3.430600,0.003431,7.498285,7.500000,7.501715,13.983840,22.499999,343.060000,212951982796.521057,18.645121,13.983840,29.999999,22.499999,18.629130,18.629130,18.637098,29.974270,29.974270,29.987090,0.242544,0.000000,18.645,18.642,18.640,18.637,18.634,18.632,13.984,18.632,18.634,18.637,18.640,18.642,
10,24,9,25,3.4306,0.0000,0.0000,-1.0000,1000.0000,3.4306,0.0034,0.4551,0.4551,0.1500,4.0000,1.0000,18.6451,30.0000,0.485145,0.026020,0.485145,0.026020,0.026031,0.026031,"LINESTRING (-111.9423400 33.4136148, -111.9421721 33.4136157, -111.9412969 33.4136201, -111.9404614 33.4136244, -111.9400289 33.4136266, -111.9398928 33.4136273)",3.430600,0.003431,7.498285,7.500000,7.501715,13.983840,22.499999,343.060000,399728544510.150085,18.645121,13.983840,29.999999,22.499999,18.629130,18.629130,18.637098,29.974270,29.974270,29.987090,0.455276,0.000000,18.645,18.642,18.640,18.637,18.634,18.632,13.984,18.632,18.634,18.637,18.640,18.642,
10,25,9,26,3.4306,0.0000,0.0000,-1.0000,1000.0000,3.4306,0.0034,0.0112,0.0112,0.1500,4.0000,1.0000,3.4680,5.5800,0.011897,0.000638,0.011897,0.000638,0.000638,0.000638,"LINESTRING (-111.9423400 33.4136148, -111.9424000 33.4136138)",3.430600,0.003431,7.498285,7.500000,7.501715,13.983840,22.499999,343.060000,9802607358.559534,18.645121,13.983840,29.999999,22.499999,18.629130,18.629130,18.637098,29.974270,29.974270,29.987090,0.011165,0.000000,18.645,18.642,18.640,18.637,18.634,18.632,13.984,18.632,18.634,18.637,18.640,18.642,
10,26,10,9,3.3670,0.0000,0.0000,-1.0000,1000.0000,3.3670,0.0034,0.2424,0.2424,0.1500,4.0000,1.0000,18.6451,30.0000,0.253665,0.013605,0.253665,0.013605,0.013611,0.013611,"LINESTRING (-111.9424000 33.4147029, -111.9423885 33.4146873, -111.9423738 33.4146487, -111.9423597 33.4144744, -111.9423490 33.4142597, -111.9423400 33.4136148)",3.367000,0.003367,7.498316,7.500000,7.501684,13.983840,22.499999,336.700000,225259643775.861328,18.645121,13.983840,29.999999,22.499999,18.629426,18.629426,18.637247,29.974747,29.974747,29.987330,0.242542,0.000000,18.645,18.642,18.640,18.637,18.635,18.632,13.984,18.632,18.635,18.637,18.640,18.642,
10,27,11,12,3.3670,0.0000,0.0000,-1.0000,1000.0000,3.3670,0.0034,0.0017,0.0017,0.1500,4.0000,1.0000,0.5158,0.8300,0.001737,0.000093,0.001737,0.000093,0.000093,0.000093,"LINESTRING (-111.9424000 33.4190423, -111.9423945 33.4190482)",3.367000,0.003367,7.498316,7.500000,7.501684,13.983840,22.499999,336.700000,1542365157.020004,18.645121,13.983840,29.999999,22.499999,18.629426,18.629426,18.637247,29.974747,29.974747,29.987330,0.001661,0.000000,18.645,18.642,18.640,18.637,18.635,18.632,13.984,18.632,18.635,18.637,18.640,18.642,
10,28,12,11,3.4306,0.0000,0.0000,-1.0000,1000.0000,3.4306,0.0034,0.0017,0.0017,0.1500,4.0000,1.0000,0.5158,0.8300,0.001770,0.000095,0.001770,0.000095,0.000095,0.000095,"LINESTRING (-111.9423945 33.4190482, -111.9424000 33.4190423)",3.430600,0.003431,7.498285,7.500000,7.501715,13.983840,22.499999,343.060000,1458093926.093982,18.645121,13.983840,29.999999,22.499999,18.629130,18.629130,18.637098,29.974270,29.974270,29.987090,0.001661,0.000000,18.645,18.642,18.640,18.637,18.634,18.632,13.984,18.632,18.634,18.637,18.640,18.642,
10,29,12,13,3.4306,0.0000,0.0000,-1.0000,1000.0000,3.4306,0.0034,0.3080,0.3080,0.1500,4.0000,1.0000,18.6451,30.0000,0.328348,0.017610,0.328348,0.017610,0.017618,0.017618,"LINESTRING (-111.9423945 33.4190482, -111.9423684 33.4190899, -111.9423603 33.4191344, -111.9423658 33.4196106, -111.9423680 33.4197262, -111.9423711 33.4201216, -111.9423768 33.4204094, -111.9423773 33.4204312)",3.430600,0.003431,7.498285,7.500000,7.501715,13.983840,22.499999,343.060000,270537909178.883209,18.645121,13.983840,29.999999,22.499999,18.629130,18.629130,18.637098,29.974270,29.974270,29.987090,0.308133,0.000000,18.645,18.642,18.640,18.637,18.634,18.632,13.984,18.632,18.634,18.637,18.640,18.642,
10,30,12,23,6.8611,0.0000,0.0000,-1.0000,1000.0000,6.8611,0.0069,0.2155,0.2155,0.1500,4.0000,1.0000,18.6451,30.0000,0.459553,0.024647,0.459553,0.024647,0.024669,0.024669,"LINESTRING (-111.9423945 33.4190482, -111.9418437 33.4190521, -111.9417794 33.4190532, -111.9412354 33.4190569)",6.861100,0.006861,7.496569,7.500000,7.503431,13.983840,22.499999,686.110000,23605308539.044804,18.645121,13.983840,29.999999,22.499999,18.613139,18.613139,18.629020,29.948541,29.948541,29.974093,0.215726,0.000000,18.645,18.640,18.634,18.629,18.624,18.618,13.984,18.618,18.624,18.629,18.634,18.640,
10,31,12,24,3.4306,0.0000,0.0000,-1.0000,1000.0000,3.4306,0.0034,0.0010,0.0010,0.1500,4.0000,1.0000,0.3170,0.5100,0.001087,0.000058,0.001087,0.000058,0.000058,0.000058,"LINESTRING (-111.9423945 33.4190482, -111.9424000 33.4190481)",3.430600,0.003431,7.498285,7.500000,7.501715,13.983840,22.499999,343.060000,895937231.696302,18.645121,13.983840,29.999999,22.499999,18.629130,18.629130,18.637098,29.974270,29.974270,29.987090,0.001020,0.000000,18.645,18.642,18.640,18.637,18.634,18.632,13.984,18.632,18.634,18.637,18.640,18.642,
10,32,13,12,3.3670,0.0000,0.0000,-1.0000,1000.0000,3.3670,0.0034,0.3080,0.3080,0.1500,4.0000,1.0000,18.6451,30.0000,0.322261,0.017284,0.322261,0.017284,0.017291,0.017291,"LINESTRING (-111.9423773 33.4204312, -111.9423768 33.4204094, -111.9423711 33.4201216, -111.9423680 33.4197262, -111.9423658 33.4196106, -111.9423603 33.4191344, -111.9423684 33.4190899, -111.9423945 33.4190482)",3.367000,0.003367,7.498316,7.500000,7.501684,13.983840,22.499999,336.700000,286173776121.783875,18.645121,13.983840,29.999999,22.499999,18.629426,18.629426,18.637247,29.974747,29.974747,29.987330,0.308130,0.000000,18.645,18.642,18.640,18.637,18.635,18.632,13.984,18.632,18.635,18.637,18.640,18.642,
10,33,13,335,31.9867,0.0000,0.0000,-1.0000,1000.0000,31.9867,0.0320,0.0140,0.0140,0.1500,4.0000,1.0000,4.3567,7.0100,0.139358,0.007474,0.139358,0.007474,0.007505,0.007505,"LINESTRING (-111.9423773 33.4204312, -111.9423590 33.4204335, -111.9423465 33.4204393, -111.9423367 33.4204479, -111.9423305 33.4204586, -111.9423284 33.4204704)",31.986700,0.031987,7.484007,7.500000,7.515993,13.983836,22.499993,1000.000000,4646719.616204,18.645121,13.983840,29.999999,22.499999,18.496022,18.496019,18.568186,29.760099,29.760094,29.876212,0.014078,0.000000,18.645,18.619,18.594,18.568,18.542,18.517,13.984,18.517,18.542,18.568,18.594,18.619,
10,34,15,16,6.8611,0.0000,0.0000,-1.0000,3600.0000,3.4306,0.0019,0.0687,0.0687,0.1500,4.0000,1.0000,49.7203,80.0000,0.390473,0.007853,0.390473,0.007853,0.007855,0.007855,"LINESTRING (-111.9382922 33.4149218, -111.9381040 33.4148441, -111.9378250 33.4147525, -111.9375837 33.4146896, -111.9373669 33.4146466)",6.861100,0.001906,7.499047,7.500000,7.500953,37.290241,59.999998,343.055000,634014514794.627686,49.720322,37.290241,79.999998,59.999998,49.696632,49.696632,49.708454,79.961880,79.961880,79.980903,0.068694,0.000000,49.720,49.716,49.712,49.708,49.704,49.701,37.290,49.701,49.704,49.708,49.712,49.716,
10,35,15,359,51.4586,0.0000,0.0000,-1.0000,1000.0000,51.4586,0.0515,0.3090,0.3090,0.1500,4.0000,1.0000,18.6451,30.0000,4.941177,0.265012,4.941177,0.265012,0.266816,0.266816,"LINESTRING (-111.9382922 33.4149218, -111.9383332 33.4148959, -111.9384187 33.4148364, -111.9385303 33.4148077, -111.9386934 33.4147934, -111.9389766 33.4147934, -111.9391325 33.4147957, -111.9397571 33.4147835, -111.9397761 33.4147831, -111.9399117 33.4147844)",51.458600,0.051459,7.474271,7.500000,7.525729,13.983813,22.499955,1000.000000,15056264.903930,18.645121,13.983840,29.999999,22.499999,18.405258,18.405238,18.519017,29.614060,29.614028,29.797098,0.311104,0.000000,18.645,18.603,18.561,18.519,18.477,18.434,13.984,18.434,18.477,18.519,18.561,18.603,
10,36,16,17,20.5831,0.0000,0.0000,-1.0000,3600.0000,10.2916,0.0057,0.0243,0.0243,0.1500,4.0000,1.0000,20.1305,32.3900,0.414348,0.008334,0.414348,0.008334,0.008340,0.008340,"LINESTRING (-111.9373669 33.4146466, -111.9370926 33.4146142, -111.9370216 33.4146084)",20.583100,0.005718,7.497141,7.500000,7.502859,37.290241,59.999998,1029.155000,8282440979.497256,49.720322,37.290241,79.999998,59.999998,49.649252,49.649252,49.684584,79.885647,79.885647,79.942495,0.024310,0.000000,49.720,49.708,49.696,49.685,49.673,49.661,37.290,49.661,49.673,49.685,49.696,49.708,
10,37,17,356,211.5010,0.0000,0.0000,-1.0000,5400.0000,70.5003,0.0392,0.0287,0.0287,0.1500,4.0000,1.0000,23.7725,38.2500,5.027914,0.101124,5.027914,0.101124,0.101641,0.101641,"LINESTRING (-111.9370216 33.4146084, -111.9368695 33.4146039, -111.9366104 33.4145994)",211.501000,0.039167,7.480417,7.500000,7.519583,37.290217,59.999958,1800.000000,7570431.513225,49.720322,37.290241,79.999998,59.999998,49.233475,49.233457,49.467363,79.216661,79.216633,79.592988,0.028834,0.000000,49.720,49.636,49.551,49.467,49.383,49.298,37.290,49.298,49.383,49.467,49.551,49.636,
10,38,18,19,1.6835,0.0000,0.0000,-1.0000,1000.0000,1.6835,0.0017,0.0977,0.0977,0.1500,4.0000,1.0000,24.8602,40.0000,0.068125,0.002740,0.068125,0.002740,0.002741,0.002741,"LINESTRING (-111.9400776 33.4264624, -111.9407780 33.4264585)",1.683500,0.001684,7.499158,7.500000,7.500842,18.645121,29.999999,168.350000,726872344960.243774,24.860161,18.645121,39.999999,29.999999,24.849698,24.849698,24.854921,39.983164,39.983164,39.991567,0.097686,0.000000,24.860,24.858,24.857,24.855,24.853,24.851,18.645,24.851,24.853,24.855,24.857,24.858,
10,39,18,212,30.3032,0.0000,0.0000,-1.0000,3600.0000,15.1516,0.0084,0.0592,0.0592,0.1500,4.0000,1.0000,29.4282,47.3500,0.891769,0.029893,0.891769,0.029893,0.029925,0.029925,"LINESTRING (-111.9400776 33.4264624, -111.9400785 33.4260353)",30.303200,0.008418,7.495791,7.500000,7.504209,22.374145,35.999999,1515.160000,6310964293.551503,29.832193,22.374145,47.999999,35.999999,29.769415,29.769415,29.800540,47.898988,47.898988,47.949069,0.059250,0.000000,29.832,29.822,29.811,29.801,29.790,29.779,22.374,29.779,29.790,29.801,29.811,29.822,
10,40,19,18,1.6835,0.0000,0.0000,-1.0000,1000.0000,1.6835,0.0017,0.0977,0.0977,0.1500,4.0000,1.0000,24.8602,40.0000,0.068125,0.002740,0.068125,0.002740,0.002741,0.002741,"LINESTRING (-111.9407780 33.4264585, -111.9400776 33.4264624)",1.683500,0.001684,7.499158,7.500000,7.500842,18.645121,29.999999,168.350000,726872344960.243774,24.860161,18.645121,39.999999,29.999999,24.849698,24.849698,24.854921,39.983164,39.983164,39.991567,0.097686,0.000000,24.860,24.858,24.857,24.855,24.853,24.851,18.645,24.851,24.853,24.855,24.857,24.858,
10,41,19,330,30.3032,0.0000,0.0000,-1.0000,1000.0000,30.3032,0.0303,0.0872,0.0872,0.1500,4.0000,1.0000,18.6451,30.0000,0.820955,0.044031,0.820955,0.044031,0.044203,0.044203,"LINESTRING (-111.9407780 33.4264585, -111.9412469 33.4264549)",30.303200,0.030303,7.484848,7.500000,7.515152,13.983837,22.499994,1000.000000,35917774.245559,18.645121,13.983840,29.999999,22.499999,18.503869,18.503867,18.572355,29.772725,29.772721,29.882918,0.087522,0.000000,18.645,18.621,18.597,18.572,18.548,18.524,13.984,18.524,18.548,18.572,18.597,18.621,
10,42,23,12,6.8611,0.0000,0.0000,-1.0000,1000.0000,6.8611,0.0069,0.2155,0.2155,0.1500,4.0000,1.0000,18.6451,30.0000,0.459553,0.024647,0.459553,0.024647,0.024669,0.024669,"LINESTRING (-111.9412354 33.4190569, -111.9417794 33.4190532, -111.9418437 33.4190521, -111.9423945 33.4190482)",6.861100,0.006861,7.496569,7.500000,7.503431,13.983840,22.499999,686.110000,23605308539.044804,18.645121,13.983840,29.999999,22.499999,18.613139,18.613139,18.629020,29.948541,29.948541,29.974093,0.215726,0.000000,18.645,18.640,18.634,18.629,18.624,18.618,13.984,18.618,18.624,18.629,18.634,18.640,
10,43,23,66,0.0000,0.0000,0.0000,-1.0000,1000.0000,0.0000,0.0000,0.3187,0.3187,0.1500,4.0000,1.0000,18.6451,30.0000,0.000000,0.000000,0.000000,0.000000,0.000000,0.000000,"LINESTRING (-111.9412354 33.4190569, -111.9412370 33.4189818, -111.9412300 33.4176195)",0.000000,0.000000,7.500000,7.500000,7.500000,13.983840,22.499999,0.000000,-nan(ind),18.645121,13.983840,29.999999,22.499999,18.645121,18.645121,18.645121,29.999999,29.999999,29.999999,0.318720,0.000000,18.645,18.645,18.645,18.645,18.645,18.645,-nan(ind),18.645,18.645,18.645,18.645,18.645,
10,44,23,338,3.4306,0.0000,0.0000,-1.0000,1000.0000,3.4306,0.0034,0.3080,0.3080,0.1500,4.0000,1.0000,18.6451,30.0000,0.328306,0.017608,0.328306,0.017608,0.017616,0.017616,"LINESTRING (-111.9412354 33.4190569, -111.9412220 33.4191313, -111.9412339 33.4200543, -111.9412317 33.4203907, -111.9412313 33.4204449)",3.430600,0.003431,7.498285,7.500000,7.501715,13.983840,22.499999,343.060000,270502774385.483398,18.645121,13.983840,29.999999,22.499999,18.629130,18.629130,18.637098,29.974270,29.974270,29.987090,0.308093,0.000000,18.645,18.642,18.640,18.637,18.634,18.632,13.984,18.632,18.634,18.637,18.640,18.642,
10,45,23,353,54.8891,0.0000,0.0000,-1.0000,1000.0000,54.8891,0.0549,0.2246,0.2246,0.1500,4.0000,1.0000,18.6451,30.0000,3.831321,0.205487,3.831321,0.205487,0.206985,0.206985,"LINESTRING (-111.9412354 33.4190569, -111.9406070 33.4190602, -111.9404880 33.4190608, -111.9404610 33.4190613, -111.9401097 33.4190635, -111.9400280 33.4190552)",54.889100,0.054889,7.472555,7.500000,7.527445,13.983805,22.499942,1000.000000,8431398.980929,18.645121,13.983840,29.999999,22.499999,18.389267,18.389242,18.510171,29.588331,29.588291,29.782865,0.226258,0.000000,18.645,18.600,18.555,18.510,18.465,18.420,13.984,18.420,18.465,18.510,18.555,18.600,
10,46,24,12,3.3670,0.0000,0.0000,-1.0000,1000.0000,3.3670,0.0034,0.0010,0.0010,0.1500,4.0000,1.0000,0.3170,0.5100,0.001067,0.000057,0.001067,0.000057,0.000057,0.000057,"LINESTRING (-111.9424000 33.4190481, -111.9423945 33.4190482)",3.367000,0.003367,7.498316,7.500000,7.501684,13.983840,22.499999,336.700000,947718349.494219,18.645121,13.983840,29.999999,22.499999,18.629426,18.629426,18.637247,29.974747,29.974747,29.987330,0.001020,0.000000,18.645,18.642,18.640,18.637,18.635,18.632,13.984,18.632,18.635,18.637,18.640,18.642,
10,47,25,9,3.3670,0.0000,0.0000,-1.0000,1000.0000,3.3670,0.0034,0.4551,0.4551,0.1500,4.0000,1.0000,18.6451,30.0000,0.476151,0.025538,0.476151,0.025538,0.025548,0.025548,"LINESTRING (-111.9398928 33.4136273, -111.9400289 33.4136266, -111.9404614 33.4136244, -111.9412969 33.4136201, -111.9421721 33.4136157, -111.9423400 33.4136148)",3.367000,0.003367,7.498316,7.500000,7.501684,13.983840,22.499999,336.700000,422831045576.303162,18.645121,13.983840,29.999999,22.499999,18.629426,18.629426,18.637247,29.974747,29.974747,29.987330,0.455272,0.000000,18.645,18.642,18.640,18.637,18.635,18.632,13.984,18.632,18.635,18.637,18.640,18.642,
10,48,25,80,30.3032,0.0000,0.0000,-1.0000,3200.0000,15.1516,0.0095,0.0778,0.0778,0.1500,4.0000,1.0000,34.8042,56.0000,1.368258,0.039313,1.368258,0.039313,0.039360,0.039360,"LINESTRING (-111.9398928 33.4136273, -111.9398955 33.4139983, -111.9399016 33.4142825)",30.303200,0.009470,7.495265,7.500000,7.504735,26.103169,42.000000,1515.160000,5177354311.692577,34.804226,26.103169,56.000000,42.000000,34.721829,34.721829,34.762637,55.867423,55.867423,55.933084,0.077932,0.000000,34.804,34.790,34.776,34.763,34.749,34.735,26.103,34.735,34.749,34.763,34.776,34.790,
10,49,25,300,0.0000,0.0000,0.0000,-1.0000,3200.0000,0.0000,0.0000,0.0147,0.0147,0.1500,4.0000,1.0000,8.5519,13.7600,0.000000,0.000000,0.000000,0.000000,0.000000,0.000000,"LINESTRING (-111.9398928 33.4136273, -111.9398917 33.4135032)",0.000000,0.000000,7.500000,7.500000,7.500000,26.103169,42.000000,0.000000,-nan(ind),34.804226,26.103169,56.000000,42.000000,34.804226,34.804226,34.804226,56.000000,56.000000,56.000000,0.014743,0.000000,34.804,34.804,34.804,34.804,34.804,34.804,-nan(ind),34.804,34.804,34.804,34.804,34.804,
10,50,26,9,3.3670,0.0000,0.0000,-1.0000,1000.0000,3.3670,0.0034,0.0112,0.0112,0.1500,4.0000,1.0000,3.4680,5.5800,0.011677,0.000626,0.011677,0.000626,0.000627,0.000627,"LINESTRING (-111.9424000 33.4136138, -111.9423400 33.4136148)",3.367000,0.003367,7.498316,7.500000,7.501684,13.983840,22.499999,336.700000,10369153706.230875,18.645121,13.983840,29.999999,22.499999,18.629426,18.629426,18.637247,29.974747,29.974747,29.987330,0.011165,0.000000,18.645,18.642,18.640,18.637,18.635,18.632,13.984,18.632,18.635,18.637,18.640,18.642,
10,51,29,30,5.0506,0.0000,0.0000,-1.0000,1200.0000,5.0506,0.0042,0.1459,0.1459,0.1500,4.0000,1.0000,29.8322,48.0000,0.366255,0.012277,0.366255,0.012277,0.012284,0.012284,"LINESTRING (-111.9394161 33.4254973, -111.9392877 33.4254971, -111.9390426 33.4254967, -111.9388368 33.4254969, -111.9382883 33.4254956, -111.9382749 33.4254956, -111.9381610 33.4254954)",5.050600,0.004209,7.497896,7.500000,7.502104,22.374145,35.999999,505.060000,83202322556.464035,29.832193,22.374145,47.999999,35.999999,29.800804,29.800804,29.816432,47.949493,47.949493,47.974640,0.145927,0.000000,29.832,29.827,29.822,29.816,29.811,29.806,22.374,29.806,29.811,29.816,29.822,29.827,
10,52,29,366,30.3032,0.0000,0.0000,-1.0000,2400.0000,15.1516,0.0126,0.0633,0.0633,0.1500,4.0000,1.0000,29.8322,48.0000,0.953355,0.031957,0.953355,0.031957,0.032008,0.032008,"LINESTRING (-111.9394161 33.4254973, -111.9398427 33.4254931, -111.9399606 33.4254920)",30.303200,0.012626,7.493687,7.500000,7.506313,22.374145,35.999999,1200.000000,1052122922.373350,29.832193,22.374145,47.999999,35.999999,29.738026,29.738025,29.784515,47.848483,47.848483,47.923285,0.063376,0.000000,29.832,29.816,29.800,29.785,29.769,29.753,22.374,29.753,29.769,29.785,29.800,29.816,
10,53,30,29,5.2448,0.0000,0.0000,-1.0000,1200.0000,5.2448,0.0044,0.1459,0.1459,0.1500,4.0000,1.0000,29.8322,48.0000,0.380338,0.012749,0.380338,0.012749,0.012756,0.012756,"LINESTRING (-111.9381610 33.4254954, -111.9382749 33.4254956, -111.9382883 33.4254956, -111.9388368 33.4254969, -111.9390426 33.4254967, -111.9392877 33.4254971, -111.9394161 33.4254973)",5.244800,0.004371,7.497815,7.500000,7.502185,22.374145,35.999999,524.480000,74289011691.345871,29.832193,22.374145,47.999999,35.999999,29.799597,29.799597,29.815824,47.947551,47.947551,47.973661,0.145930,0.000000,29.832,29.827,29.821,29.816,29.810,29.805,22.374,29.805,29.810,29.816,29.821,29.827,
10,54,30,31,26.2241,0.0000,0.0000,-1.0000,1200.0000,26.2241,0.0219,0.1730,0.1730,0.1500,4.0000,1.0000,29.8322,48.0000,2.255533,0.075607,2.255533,0.075607,0.075819,0.075819,"LINESTRING (-111.9381610 33.4254954, -111.9380281 33.4254952, -111.9367711 33.4254993, -111.9366724 33.4254992)",26.224100,0.021853,7.489073,7.500000,7.510927,22.374144,35.999997,1200.000000,318279982.325420,29.832193,22.374145,47.999999,35.999999,29.669210,29.669209,29.748921,47.737758,47.737757,47.866013,0.173472,0.000000,29.832,29.804,29.777,29.749,29.721,29.693,22.374,29.693,29.721,29.749,29.777,29.804,
10,55,30,150,0.0000,0.0000,0.0000,-1.0000,1000.0000,0.0000,0.0000,0.4315,0.4315,0.1500,4.0000,1.0000,24.8602,40.0000,0.000000,0.000000,0.000000,0.000000,0.000000,0.000000,"LINESTRING (-111.9381610 33.4254954, -111.9381622 33.4256128, -111.9381626 33.4256503, -111.9381648 33.4259301, -111.9381745 33.4268482, -111.9387635 33.4270760, -111.9392411 33.4272607, -111.9393679 33.4273021, -111.9394470 33.4273267, -111.9395019 33.4273825)",0.000000,0.000000,7.500000,7.500000,7.500000,18.645121,29.999999,0.000000,-nan(ind),24.860161,18.645121,39.999999,29.999999,24.860161,24.860161,24.860161,39.999999,39.999999,39.999999,0.431535,0.000000,24.860,24.860,24.860,24.860,24.860,24.860,-nan(ind),24.860,24.860,24.860,24.860,24.860,
10,56,31,5,10.4896,0.0000,0.0000,-1.0000,1000.0000,10.4896,0.0105,0.1896,0.1896,0.1500,4.0000,1.0000,24.8602,40.0000,0.824043,0.033147,0.824043,0.033147,0.033191,0.033191,"LINESTRING (-111.9366724 33.4254992, -111.9366718 33.4253943, -111.9366717 33.4253795, -111.9366697 33.4248479, -111.9366683 33.4244745, -111.9366660 33.4243591)",10.489600,0.010490,7.494755,7.500000,7.505245,18.645121,29.999999,1000.000000,5524218702.424123,24.860161,18.645121,39.999999,29.999999,24.794968,24.794967,24.827222,39.895103,39.895103,39.947001,0.189852,0.000000,24.860,24.849,24.838,24.827,24.816,24.805,18.645,24.805,24.816,24.827,24.838,24.849,
10,57,31,30,26.0262,0.0000,0.0000,-1.0000,1200.0000,26.0262,0.0217,0.1730,0.1730,0.1500,4.0000,1.0000,29.8322,48.0000,2.238512,0.075037,2.238512,0.075037,0.075245,0.075245,"LINESTRING (-111.9366724 33.4254992, -111.9367711 33.4254993, -111.9380281 33.4254952, -111.9381610 33.4254954)",26.026200,0.021689,7.489156,7.500000,7.510844,22.374144,35.999997,1200.000000,328113313.502553,29.832193,22.374145,47.999999,35.999999,29.670439,29.670439,29.749562,47.739737,47.739736,47.867046,0.173468,0.000000,29.832,29.805,29.777,29.750,29.722,29.694,22.374,29.694,29.722,29.750,29.777,29.805,
10,58,31,160,15.7345,0.0000,0.0000,-1.0000,1200.0000,15.7345,0.0131,0.0411,0.0411,0.1500,4.0000,1.0000,20.4226,32.8600,0.321340,0.010772,0.321340,0.010772,0.010789,0.010789,"LINESTRING (-111.9366724 33.4254992, -111.9365805 33.4255003, -111.9364880 33.4255014, -111.9363613 33.4255029, -111.9363190 33.4255035)",15.734500,0.013112,7.493444,7.500000,7.506556,22.374145,35.999999,1200.000000,587047581.123492,29.832193,22.374145,47.999999,35.999999,29.734403,29.734403,29.782657,47.842654,47.842654,47.920295,0.041143,0.000000,29.832,29.816,29.799,29.783,29.766,29.750,22.374,29.750,29.766,29.783,29.799,29.816,
10,59,32,33,0.0000,0.0000,0.0000,-1.0000,1200.0000,0.0000,0.0000,0.2535,0.2535,0.1500,4.0000,1.0000,24.8602,40.0000,0.000000,0.000000,0.000000,0.000000,0.000000,0.000000,"LINESTRING (-111.9288440 33.4180457, -111.9288373 33.4178241, -111.9288571 33.4176455, -111.9288750 33.4175250, -111.9288928 33.4174421, -111.9289116 33.4173734, -111.9289319 33.4173116, -111.9289833 33.4171900, -111.9290438 33.4170786, -111.9290870 33.4170020, -111.9291424 33.4169279, -111.9292592 33.4167849, -111.9294043 33.4166443)",0.000000,0.000000,7.500000,7.500000,7.500000,18.645121,29.999999,0.000000,-nan(ind),24.860161,18.645121,39.999999,29.999999,24.860161,24.860161,24.860161,39.999999,39.999999,39.999999,0.253470,0.000000,24.860,24.860,24.860,24.860,24.860,24.860,-nan(ind),24.860,24.860,24.860,24.860,24.860,
10,60,32,83,0.0000,0.0000,0.0000,-1.0000,2400.0000,0.0000,0.0000,0.0651,0.0651,0.1500,4.0000,1.0000,24.8602,40.0000,0.000000,0.000000,0.000000,0.000000,0.000000,0.000000,"LINESTRING (-111.9288440 33.4180457, -111.9288530 33.4183465, -111.9288549 33.4184369)",0.000000,0.000000,7.500000,7.500000,7.500000,18.645121,29.999999,0.000000,-nan(ind),24.860161,18.645121,39.999999,29.999999,24.860161,24.860161,24.860161,39.999999,39.999999,39.999999,0.065070,0.000000,24.860,24.860,24.860,24.860,24.860,24.860,-nan(ind),24.860,24.860,24.860,24.860,24.860,
10,61,33,32,0.0000,0.0000,0.0000,-1.0000,1200.0000,0.0000,0.0000,0.2535,0.2535,0.1500,4.0000,1.0000,24.8602,40.0000,0.000000,0.000000,0.000000,0.000000,0.000000,0.000000,"LINESTRING (-111.9294043 33.4166443, -111.9292592 33.4167849, -111.9291424 33.4169279, -111.9290870 33.4170020, -111.9290438 33.4170786, -111.9289833 33.4171900, -111.9289319 33.4173116, -111.9289116 33.4173734, -111.9288928 33.4174421, -111.9288750 33.4175250, -111.9288571 33.4176455, -111.9288373 33.4178241, -111.9288440 33.4180457)",0.000000,0.000000,7.500000,7.500000,7.500000,18.645121,29.999999,0.000000,-nan(ind),24.860161,18.645121,39.999999,29.999999,24.860161,24.860161,24.860161,39.999999,39.999999,39.999999,0.253470,0.000000,24.860,24.860,24.860,24.860,24.860,24.860,-nan(ind),24.860,24.860,24.860,24.860,24.860,
10,62,33,270,0.0000,0.0000,0.0000,-1.0000,1000.0000,0.0000,0.0000,0.5831,0.5831,0.1500,4.0000,1.0000,18.6451,30.0000,0.000000,0.000000,0.000000,0.000000,0.000000,0.000000,"LINESTRING (-111.9294043 33.4166443, -111.9292738 33.4166437, -111.9291845 33.4166419, -111.9287510 33.4166318, -111.9279378 33.4166216, -111.9275795 33.4166248, -111.9274785 33.4166304, -111.9273827 33.4166406, -111.9272923 33.4166614, -111.9271917 33.4166831, -111.9271601 33.4166905, -111.9268530 33.4167857, -111.9267505 33.4168087, -111.9266440 33.4168225, -111.9265633 33.4168309, -111.9264704 33.4168349, -111.9263035 33.4168382)",0.000000,0.000000,7.500000,7.500000,7.500000,13.983840,22.499999,0.000000,-nan(ind),18.645121,13.983840,29.999999,22.499999,18.645121,18.645121,18.645121,29.999999,29.999999,29.999999,0.583120,0.000000,18.645,18.645,18.645,18.645,18.645,18.645,-nan(ind),18.645,18.645,18.645,18.645,18.645,
10,63,33,289,0.0000,0.0000,0.0000,-1.0000,1000.0000,0.0000,0.0000,0.2964,0.2964,0.1500,4.0000,1.0000,18.6451,30.0000,0.000000,0.000000,0.000000,0.000000,0.000000,0.000000,"LINESTRING (-111.9294043 33.4166443, -111.9295418 33.4166375, -111.9296389 33.4166347, -111.9299767 33.4166314, -111.9300319 33.4166347, -111.9300852 33.4166556, -111.9301124 33.4166739, -111.9301267 33.4166972, -111.9301410 33.4167334, -111.9301600 33.4173668, -111.9301745 33.4173982)",0.000000,0.000000,7.500000,7.500000,7.500000,13.983840,22.499999,0.000000,-nan(ind),18.645121,13.983840,29.999999,22.499999,18.645121,18.645121,18.645121,29.999999,29.999999,29.999999,0.296440,0.000000,18.645,18.645,18.645,18.645,18.645,18.645,-nan(ind),18.645,18.645,18.645,18.645,18.645,
10,64,33,323,0.0000,0.0000,0.0000,-1.0000,2400.0000,0.0000,0.0000,0.1680,0.1680,0.1500,4.0000,1.0000,24.8602,40.0000,0.000000,0.000000,0.000000,0.000000,0.000000,0.000000,"LINESTRING (-111.9294043 33.4166443, -111.9295169 33.4165881, -111.9296074 33.4165060, -111.9302220 33.4159090)",0.000000,0.000000,7.500000,7.500000,7.500000,18.645121,29.999999,0.000000,-nan(ind),24.860161,18.645121,39.999999,29.999999,24.860161,24.860161,24.860161,39.999999,39.999999,39.999999,0.168030,0.000000,24.860,24.860,24.860,24.860,24.860,24.860,-nan(ind),24.860,24.860,24.860,24.860,24.860,
10,65,34,35,0.0000,0.0000,0.0000,-1.0000,1000.0000,0.0000,0.0000,0.3976,0.3976,0.1500,4.0000,1.0000,18.6451,30.0000,0.000000,0.000000,0.000000,0.000000,0.000000,0.000000,"LINESTRING (-111.9370709 33.4135303, -111.9350416 33.4135466, -111.9349328 33.4135475)",0.000000,0.000000,7.500000,7.500000,7.500000,13.983840,22.499999,0.000000,-nan(ind),18.645121,13.983840,29.999999,22.499999,18.645121,18.645121,18.645121,29.999999,29.999999,29.999999,0.397600,0.000000,18.645,18.645,18.645,18.645,18.645,18.645,-nan(ind),18.645,18.645,18.645,18.645,18.645,
10,66,34,43,0.0000,0.0000,0.0000,-1.0000,1000.0000,0.0000,0.0000,0.2203,0.2203,0.1500,4.0000,1.0000,18.6451,30.0000,0.000000,0.000000,0.000000,0.000000,0.000000,0.000000,"LINESTRING (-111.9370709 33.4135303, -111.9370743 33.4140281, -111.9370852 33.4145236)",0.000000,0.000000,7.500000,7.500000,7.500000,13.983840,22.499999,0.000000,-nan(ind),18.645121,13.983840,29.999999,22.499999,18.645121,18.645121,18.645121,29.999999,29.999999,29.999999,0.220260,0.000000,18.645,18.645,18.645,18.645,18.645,18.645,-nan(ind),18.645,18.645,18.645,18.645,18.645,
10,67,34,300,0.0000,0.0000,0.0000,-1.0000,1000.0000,0.0000,0.0000,0.5246,0.5246,0.1500,4.0000,1.0000,18.6451,30.0000,0.000000,0.000000,0.000000,0.000000,0.000000,0.000000,"LINESTRING (-111.9370709 33.4135303, -111.9398917 33.4135032)",0.000000,0.000000,7.500000,7.500000,7.500000,13.983840,22.499999,0.000000,-nan(ind),18.645121,13.983840,29.999999,22.499999,18.645121,18.645121,18.645121,29.999999,29.999999,29.999999,0.524580,0.000000,18.645,18.645,18.645,18.645,18.645,18.645,-nan(ind),18.645,18.645,18.645,18.645,18.645,
10,68,35,34,0.0000,0.0000,0.0000,-1.0000,1000.0000,0.0000,0.0000,0.3976,0.3976,0.1500,4.0000,1.0000,18.6451,30.0000,0.000000,0.000000,0.000000,0.000000,0.000000,0.000000,"LINESTRING (-111.9349328 33.4135475, -111.9350416 33.4135466, -111.9370709 33.4135303)",0.000000,0.000000,7.500000,7.500000,7.500000,13.983840,22.499999,0.000000,-nan(ind),18.645121,13.983840,29.999999,22.499999,18.645121,18.645121,18.645121,29.999999,29.999999,29.999999,0.397600,0.000000,18.645,18.645,18.645,18.645,18.645,18.645,-nan(ind),18.645,18.645,18.645,18.645,18.645,
10,69,35,84,0.0000,0.0000,0.0000,-1.0000,1200.0000,0.0000,0.0000,0.1275,0.1275,0.1500,4.0000,1.0000,24.8602,40.0000,0.000000,0.000000,0.000000,0.000000,0.000000,0.000000,"LINESTRING (-111.9349328 33.4135475, -111.9349449 33.4140490, -111.9349469 33.4141674, -111.9349492 33.4143062, -111.9349493 33.4143140)",0.000000,0.000000,7.500000,7.500000,7.500000,18.645121,29.999999,0.000000,-nan(ind),24.860161,18.645121,39.999999,29.999999,24.860161,24.860161,24.860161,39.999999,39.999999,39.999999,0.127485,0.000000,24.860,24.860,24.860,24.860,24.860,24.860,-nan(ind),24.860,24.860,24.860,24.860,24.860,
10,70,35,321,0.0000,0.0000,0.0000,-1.0000,1000.0000,0.0000,0.0000,0.4008,0.4008,0.1500,4.0000,1.0000,18.6451,30.0000,0.000000,0.000000,0.000000,0.000000,0.000000,0.000000,"LINESTRING (-111.9349328 33.4135475, -111.9348369 33.4135485, -111.9327775 33.4135705)",0.000000,0.000000,7.500000,7.500000,7.500000,13.983840,22.499999,0.000000,-nan(ind),18.645121,13.983840,29.999999,22.499999,18.645121,18.645121,18.645121,29.999999,29.999999,29.999999,0.400820,0.000000,18.645,18.645,18.645,18.645,18.645,18.645,-nan(ind),18.645,18.645,18.645,18.645,18.645,
10,71,35,322,0.0000,0.0000,0.0000,-1.0000,1200.0000,0.0000,0.0000,0.1409,0.1409,0.1500,4.0000,1.0000,24.8602,40.0000,0.000000,0.000000,0.000000,0.000000,0.000000,0.000000,"LINESTRING (-111.9349328 33.4135475, -111.9349354 33.4130207, -111.9349327 33.4129448, -111.9349319 33.4127000)",0.000000,0.000000,7.500000,7.500000,7.500000,18.645121,29.999999,0.000000,-nan(ind),24.860161,18.645121,39.999999,29.999999,24.860161,24.860161,24.860161,39.999999,39.999999,39.999999,0.140940,0.000000,24.860,24.860,24.860,24.860,24.860,24.860,-nan(ind),24.860,24.860,24.860,24.860,24.860,
10,72,36,37,0.0000,0.0000,0.0000,-1.0000,1000.0000,0.0000,0.0000,0.0431,0.0431,0.1500,4.0000,1.0000,13.3996,21.5600,0.000000,0.000000,0.000000,0.000000,0.000000,0.000000,"LINESTRING (-111.9225915 33.4128945, -111.9225896 33.4127000)",0.000000,0.000000,7.500000,7.500000,7.500000,13.983840,22.499999,0.000000,-nan(ind),18.645121,13.983840,29.999999,22.499999,18.645121,18.645121,18.645121,29.999999,29.999999,29.999999,0.043120,0.000000,18.645,18.645,18.645,18.645,18.645,18.645,-nan(ind),18.645,18.645,18.645,18.645,18.645,
10,73,36,45,0.0000,0.0000,0.0000,-1.0000,1000.0000,0.0000,0.0000,0.1245,0.1245,0.1500,4.0000,1.0000,18.6451,30.0000,0.000000,0.000000,0.000000,0.000000,0.000000,0.000000,"LINESTRING (-111.9225915 33.4128945, -111.9228708 33.4128936, -111.9232609 33.4128945)",0.000000,0.000000,7.500000,7.500000,7.500000,13.983840,22.499999,0.000000,-nan(ind),18.645121,13.983840,29.999999,22.499999,18.645121,18.645121,18.645121,29.999999,29.999999,29.999999,0.124480,0.000000,18.645,18.645,18.645,18.645,18.645,18.645,-nan(ind),18.645,18.645,18.645,18.645,18.645,
10,74,36,46,0.0000,0.0000,0.0000,-1.0000,1000.0000,0.0000,0.0000,0.0356,0.0356,0.1500,4.0000,1.0000,11.0690,17.8100,0.000000,0.000000,0.000000,0.000000,0.000000,0.000000,"LINESTRING (-111.9225915 33.4128945, -111.9224000 33.4128945)",0.000000,0.000000,7.500000,7.500000,7.500000,13.983840,22.499999,0.000000,-nan(ind),18.645121,13.983840,29.999999,22.499999,18.645121,18.645121,18.645121,29.999999,29.999999,29.999999,0.035620,0.000000,18.645,18.645,18.645,18.645,18.645,18.645,-nan(ind),18.645,18.645,18.645,18.645,18.645,
10,75,37,36,0.0000,0.0000,0.0000,-1.0000,1000.0000,0.0000,0.0000,0.0431,0.0431,0.1500,4.0000,1.0000,13.3996,21.5600,0.000000,0.000000,0.000000,0.000000,0.000000,0.000000,"LINESTRING (-111.9225896 33.4127000, -111.9225915 33.4128945)",0.000000,0.000000,7.500000,7.500000,7.500000,13.983840,22.499999,0.000000,-nan(ind),18.645121,13.983840,29.999999,22.499999,18.645121,18.645121,18.645121,29.999999,29.999999,29.999999,0.043120,0.000000,18.645,18.645,18.645,18.645,18.645,18.645,-nan(ind),18.645,18.645,18.645,18.645,18.645,
10,76,38,39,0.0000,0.0000,0.0000,-1.0000,1200.0000,0.0000,0.0000,0.4598,0.4598,0.1500,4.0000,1.0000,29.8322,48.0000,0.000000,0.000000,0.000000,0.000000,0.000000,0.000000,"LINESTRING (-111.9262379 33.4209763, -111.9261191 33.4209521, -111.9243772 33.4205887, -111.9242516 33.4205624, -111.9241712 33.4205457, -111.9239250 33.4204935, -111.9231271 33.4203242, -111.9228355 33.4202623, -111.9224000 33.4201699)",0.000000,0.000000,7.500000,7.500000,7.500000,22.374145,35.999999,0.000000,-nan(ind),29.832193,22.374145,47.999999,35.999999,29.832193,29.832193,29.832193,47.999999,47.999999,47.999999,0.459800,0.000000,29.832,29.832,29.832,29.832,29.832,29.832,-nan(ind),29.832,29.832,29.832,29.832,29.832,
10,77,38,280,0.0000,0.0000,0.0000,-1.0000,5400.0000,0.0000,0.0000,0.0536,0.0536,0.1500,4.0000,1.0000,31.0938,50.0300,0.000000,0.000000,0.000000,0.000000,0.000000,0.000000,"LINESTRING (-111.9262379 33.4209763, -111.9262382 33.4210663, -111.9262393 33.4213576, -111.9262395 33.4214276)",0.000000,0.000000,7.500000,7.500000,7.500000,26.103169,42.000000,0.000000,-nan(ind),34.804226,26.103169,56.000000,42.000000,34.804226,34.804226,34.804226,56.000000,56.000000,56.000000,0.053604,0.000000,34.804,34.804,34.804,34.804,34.804,34.804,-nan(ind),34.804,34.804,34.804,34.804,34.804,
10,78,39,38,0.0000,0.0000,0.0000,-1.0000,1200.0000,0.0000,0.0000,0.4598,0.4598,0.1500,4.0000,1.0000,29.8322,48.0000,0.000000,0.000000,0.000000,0.000000,0.000000,0.000000,"LINESTRING (-111.9224000 33.4201699, -111.9228355 33.4202623, -111.9231271 33.4203242, -111.9239250 33.4204935, -111.9241712 33.4205457, -111.9242516 33.4205624, -111.9243772 33.4205887, -111.9261191 33.4209521, -111.9262379 33.4209763)",0.000000,0.000000,7.500000,7.500000,7.500000,22.374145,35.999999,0.000000,-nan(ind),29.832193,22.374145,47.999999,35.999999,29.832193,29.832193,29.832193,47.999999,47.999999,47.999999,0.459800,0.000000,29.832,29.832,29.832,29.832,29.832,29.832,-nan(ind),29.832,29.832,29.832,29.832,29.832,
10,79,40,41,0.0000,0.0000,0.0000,-1.0000,1000.0000,0.0000,0.0000,0.3541,0.3541,0.1500,4.0000,1.0000,14.9161,24.0000,0.000000,0.000000,0.000000,0.000000,0.000000,0.000000,"LINESTRING (-111.9366550 33.4174833, -111.9366520 33.4173873, -111.9366318 33.4164108, -111.9366289 33.4162774, -111.9366276 33.4162059)",0.000000,0.000000,7.500000,7.500000,7.500000,11.187073,18.000000,0.000000,-nan(ind),14.916097,11.187073,24.000000,18.000000,14.916097,14.916097,14.916097,24.000000,24.000000,24.000000,0.354125,0.000000,14.916,14.916,14.916,14.916,14.916,14.916,-nan(ind),14.916,14.916,14.916,14.916,14.916,
10,80,40,101,0.0000,0.0000,0.0000,-1.0000,1000.0000,0.0000,0.0000,0.0472,0.0472,0.1500,4.0000,1.0000,11.7278,18.8700,0.000000,0.000000,0.000000,0.000000,0.000000,0.000000,"LINESTRING (-111.9366550 33.4174833, -111.9366575 33.4176535)",0.000000,0.000000,7.500000,7.500000,7.500000,11.187073,18.000000,0.000000,-nan(ind),14.916097,11.187073,24.000000,18.000000,14.916097,14.916097,14.916097,24.000000,24.000000,24.000000,0.047175,0.000000,14.916,14.916,14.916,14.916,14.916,14.916,-nan(ind),14.916,14.916,14.916,14.916,14.916,
10,81,41,40,0.0000,0.0000,0.0000,-1.0000,1000.0000,0.0000,0.0000,0.3541,0.3541,0.1500,4.0000,1.0000,14.9161,24.0000,0.000000,0.000000,0.000000,0.000000,0.000000,0.000000,"LINESTRING (-111.9366276 33.4162059, -111.9366289 33.4162774, -111.9366318 33.4164108, -111.9366520 33.4173873, -111.9366550 33.4174833)",0.000000,0.000000,7.500000,7.500000,7.500000,11.187073,18.000000,0.000000,-nan(ind),14.916097,11.187073,24.000000,18.000000,14.916097,14.916097,14.916097,24.000000,24.000000,24.000000,0.354125,0.000000,14.916,14.916,14.916,14.916,14.916,14.916,-nan(ind),14.916,14.916,14.916,14.916,14.916,
10,82,41,103,0.0000,0.0000,0.0000,-1.0000,1000.0000,0.0000,0.0000,0.3932,0.3932,0.1500,4.0000,1.0000,14.9161,24.0000,0.000000,0.000000,0.000000,0.000000,0.000000,0.000000,"LINESTRING (-111.9366276 33.4162059, -111.9365009 33.4161980, -111.9363553 33.4161918, -111.9362854 33.4161798, -111.9362434 33.4161713, -111.9361764 33.4161524, -111.9360509 33.4161184, -111.9359828 33.4161084, -111.9359170 33.4161044, -111.9352400 33.4161082, -111.9350462 33.4161097, -111.9349506 33.4161111)",0.000000,0.000000,7.500000,7.500000,7.500000,11.187073,18.000000,0.000000,-nan(ind),14.916097,11.187073,24.000000,18.000000,14.916097,14.916097,14.916097,24.000000,24.000000,24.000000,0.393175,0.000000,14.916,14.916,14.916,14.916,14.916,14.916,-nan(ind),14.916,14.916,14.916,14.916,14.916,
10,83,41,356,0.0000,0.0000,0.0000,-1.0000,1000.0000,0.0000,0.0000,0.4062,0.4062,0.1500,4.0000,1.0000,14.9161,24.0000,0.000000,0.000000,0.000000,0.000000,0.000000,0.000000,"LINESTRING (-111.9366276 33.4162059, -111.9366262 33.4161337, -111.9366159 33.4154174, -111.9366121 33.4151484, -111.9366113 33.4150834, -111.9366063 33.4149395, -111.9366078 33.4148100, -111.9366081 33.4147406)",0.000000,0.000000,7.500000,7.500000,7.500000,11.187073,18.000000,0.000000,-nan(ind),14.916097,11.187073,24.000000,18.000000,14.916097,14.916097,14.916097,24.000000,24.000000,24.000000,0.406175,0.000000,14.916,14.916,14.916,14.916,14.916,14.916,-nan(ind),14.916,14.916,14.916,14.916,14.916,
10,84,43,34,0.0000,0.0000,0.0000,-1.0000,1000.0000,0.0000,0.0000,0.2203,0.2203,0.1500,4.0000,1.0000,18.6451,30.0000,0.000000,0.000000,0.000000,0.000000,0.000000,0.000000,"LINESTRING (-111.9370852 33.4145236, -111.9370743 33.4140281, -111.9370709 33.4135303)",0.000000,0.000000,7.500000,7.500000,7.500000,13.983840,22.499999,0.000000,-nan(ind),18.645121,13.983840,29.999999,22.499999,18.645121,18.645121,18.645121,29.999999,29.999999,29.999999,0.220260,0.000000,18.645,18.645,18.645,18.645,18.645,18.645,-nan(ind),18.645,18.645,18.645,18.645,18.645,
10,85,43,147,0.0000,0.0000,0.0000,-1.0000,1000.0000,0.0000,0.0000,0.3859,0.3859,0.1500,4.0000,1.0000,18.6451,30.0000,0.000000,0.000000,0.000000,0.000000,0.000000,0.000000,"LINESTRING (-111.9370852 33.4145236, -111.9372334 33.4145237, -111.9391606 33.4145063)",0.000000,0.000000,7.500000,7.500000,7.500000,13.983840,22.499999,0.000000,-nan(ind),18.645121,13.983840,29.999999,22.499999,18.645121,18.645121,18.645121,29.999999,29.999999,29.999999,0.385940,0.000000,18.645,18.645,18.645,18.645,18.645,18.645,-nan(ind),18.645,18.645,18.645,18.645,18.645,
10,86,44,45,0.0000,0.0000,0.0000,-1.0000,1000.0000,0.0000,0.0000,0.5647,0.5647,0.1500,4.0000,1.0000,18.6451,30.0000,0.000000,0.000000,0.000000,0.000000,0.000000,0.000000,"LINESTRING (-111.9262973 33.4128826, -111.9261355 33.4128828, -111.9261230 33.4128827, -111.9258083 33.4128812, -111.9253426 33.4128789, -111.9251673 33.4128802, -111.9249906 33.4128815, -111.9239684 33.4128892, -111.9238608 33.4128900, -111.9232609 33.4128945)",0.000000,0.000000,7.500000,7.500000,7.500000,13.983840,22.499999,0.000000,-nan(ind),18.645121,13.983840,29.999999,22.499999,18.645121,18.645121,18.645121,29.999999,29.999999,29.999999,0.564660,0.000000,18.645,18.645,18.645,18.645,18.645,18.645,-nan(ind),18.645,18.645,18.645,18.645,18.645,
10,87,44,282,0.0000,0.0000,0.0000,-1.0000,5400.0000,0.0000,0.0000,0.0293,0.0293,0.1500,4.0000,1.0000,16.9981,27.3500,0.000000,0.000000,0.000000,0.000000,0.000000,0.000000,"LINESTRING (-111.9262973 33.4128826, -111.9262991 33.4129511, -111.9262984 33.4131293)",0.000000,0.000000,7.500000,7.500000,7.500000,26.103169,42.000000,0.000000,-nan(ind),34.804226,26.103169,56.000000,42.000000,34.804226,34.804226,34.804226,56.000000,56.000000,56.000000,0.029304,0.000000,34.804,34.804,34.804,34.804,34.804,34.804,-nan(ind),34.804,34.804,34.804,34.804,34.804,
10,88,44,283,0.0000,0.0000,0.0000,-1.0000,5400.0000,0.0000,0.0000,0.0217,0.0217,0.1500,4.0000,1.0000,12.5792,20.2400,0.000000,0.000000,0.000000,0.000000,0.000000,0.000000,"LINESTRING (-111.9262973 33.4128826, -111.9262950 33.4127914, -111.9262950 33.4127843, -111.9262948 33.4127000)",0.000000,0.000000,7.500000,7.500000,7.500000,26.103169,42.000000,0.000000,-nan(ind),34.804226,26.103169,56.000000,42.000000,34.804226,34.804226,34.804226,56.000000,56.000000,56.000000,0.021686,0.000000,34.804,34.804,34.804,34.804,34.804,34.804,-nan(ind),34.804,34.804,34.804,34.804,34.804,
10,89,45,36,0.0000,0.0000,0.0000,-1.0000,1000.0000,0.0000,0.0000,0.1245,0.1245,0.1500,4.0000,1.0000,18.6451,30.0000,0.000000,0.000000,0.000000,0.000000,0.000000,0.000000,"LINESTRING (-111.9232609 33.4128945, -111.9228708 33.4128936, -111.9225915 33.4128945)",0.000000,0.000000,7.500000,7.500000,7.500000,13.983840,22.499999,0.000000,-nan(ind),18.645121,13.983840,29.999999,22.499999,18.645121,18.645121,18.645121,29.999999,29.999999,29.999999,0.124480,0.000000,18.645,18.645,18.645,18.645,18.645,18.645,-nan(ind),18.645,18.645,18.645,18.645,18.645,
10,90,45,44,0.0000,0.0000,0.0000,-1.0000,1000.0000,0.0000,0.0000,0.5647,0.5647,0.1500,4.0000,1.0000,18.6451,30.0000,0.000000,0.000000,0.000000,0.000000,0.000000,0.000000,"LINESTRING (-111.9232609 33.4128945, -111.9238608 33.4128900, -111.9239684 33.4128892, -111.9249906 33.4128815, -111.9251673 33.4128802, -111.9253426 33.4128789, -111.9258083 33.4128812, -111.9261230 33.4128827, -111.9261355 33.4128828, -111.9262973 33.4128826)",0.000000,0.000000,7.500000,7.500000,7.500000,13.983840,22.499999,0.000000,-nan(ind),18.645121,13.983840,29.999999,22.499999,18.645121,18.645121,18.645121,29.999999,29.999999,29.999999,0.564660,0.000000,18.645,18.645,18.645,18.645,18.645,18.645,-nan(ind),18.645,18.645,18.645,18.645,18.645,
10,91,45,49,0.0000,0.0000,0.0000,-1.0000,1000.0000,0.0000,0.0000,0.0431,0.0431,0.1500,4.0000,1.0000,13.3996,21.5600,0.000000,0.000000,0.000000,0.000000,0.000000,0.000000,"LINESTRING (-111.9232609 33.4128945, -111.9232589 33.4127000)",0.000000,0.000000,7.500000,7.500000,7.500000,13.983840,22.499999,0.000000,-nan(ind),18.645121,13.983840,29.999999,22.499999,18.645121,18.645121,18.645121,29.999999,29.999999,29.999999,0.043120,0.000000,18.645,18.645,18.645,18.645,18.645,18.645,-nan(ind),18.645,18.645,18.645,18.645,18.645,
10,92,46,36,0.0000,0.0000,0.0000,-1.0000,1000.0000,0.0000,0.0000,0.0356,0.0356,0.1500,4.0000,1.0000,11.0690,17.8100,0.000000,0.000000,0.000000,0.000000,0.000000,0.000000,"LINESTRING (-111.9224000 33.4128945, -111.9225915 33.4128945)",0.000000,0.000000,7.500000,7.500000,7.500000,13.983840,22.499999,0.000000,-nan(ind),18.645121,13.983840,29.999999,22.499999,18.645121,18.645121,18.645121,29.999999,29.999999,29.999999,0.035620,0.000000,18.645,18.645,18.645,18.645,18.645,18.645,-nan(ind),18.645,18.645,18.645,18.645,18.645,
10,93,47,51,0.0000,0.0000,0.0000,-1.0000,1000.0000,0.0000,0.0000,0.3187,0.3187,0.1500,4.0000,1.0000,18.6451,30.0000,0.000000,0.000000,0.000000,0.000000,0.000000,0.000000,"LINESTRING (-111.9381178 33.4190780, -111.9381177 33.4191316, -111.9381172 33.4196844, -111.9381211 33.4199626, -111.9381294 33.4205154)",0.000000,0.000000,7.500000,7.500000,7.500000,13.983840,22.499999,0.000000,-nan(ind),18.645121,13.983840,29.999999,22.499999,18.645121,18.645121,18.645121,29.999999,29.999999,29.999999,0.318740,0.000000,18.645,18.645,18.645,18.645,18.645,18.645,-nan(ind),18.645,18.645,18.645,18.645,18.645,
10,94,47,149,0.0000,0.0000,0.0000,-1.0000,1000.0000,0.0000,0.0000,0.2791,0.2791,0.1500,4.0000,1.0000,18.6451,30.0000,0.000000,0.000000,0.000000,0.000000,0.000000,0.000000,"LINESTRING (-111.9381178 33.4190780, -111.9380385 33.4190779, -111.9377709 33.4190774, -111.9373118 33.4190765, -111.9366170 33.4190938)",0.000000,0.000000,7.500000,7.500000,7.500000,13.983840,22.499999,0.000000,-nan(ind),18.645121,13.983840,29.999999,22.499999,18.645121,18.645121,18.645121,29.999999,29.999999,29.999999,0.279120,0.000000,18.645,18.645,18.645,18.645,18.645,18.645,-nan(ind),18.645,18.645,18.645,18.645,18.645,
10,95,47,353,0.0000,0.0000,0.0000,-1.0000,1000.0000,0.0000,0.0000,0.3229,0.3229,0.1500,4.0000,1.0000,18.6451,30.0000,0.000000,0.000000,0.000000,0.000000,0.000000,0.000000,"LINESTRING (-111.9381178 33.4190780, -111.9385216 33.4190719, -111.9387912 33.4190679, -111.9394786 33.4190668, -111.9398004 33.4190634, -111.9398540 33.4190575)",0.000000,0.000000,7.500000,7.500000,7.500000,13.983840,22.499999,0.000000,-nan(ind),18.645121,13.983840,29.999999,22.499999,18.645121,18.645121,18.645121,29.999999,29.999999,29.999999,0.322940,0.000000,18.645,18.645,18.645,18.645,18.645,18.645,-nan(ind),18.645,18.645,18.645,18.645,18.645,
10,96,49,45,0.0000,0.0000,0.0000,-1.0000,1000.0000,0.0000,0.0000,0.0431,0.0431,0.1500,4.0000,1.0000,13.3996,21.5600,0.000000,0.000000,0.000000,0.000000,0.000000,0.000000,"LINESTRING (-111.9232589 33.4127000, -111.9232609 33.4128945)",0.000000,0.000000,7.500000,7.500000,7.500000,13.983840,22.499999,0.000000,-nan(ind),18.645121,13.983840,29.999999,22.499999,18.645121,18.645121,18.645121,29.999999,29.999999,29.999999,0.043120,0.000000,18.645,18.645,18.645,18.645,18.645,18.645,-nan(ind),18.645,18.645,18.645,18.645,18.645,
10,97,51,47,0.0000,0.0000,0.0000,-1.0000,1000.0000,0.0000,0.0000,0.3187,0.3187,0.1500,4.0000,1.0000,18.6451,30.0000,0.000000,0.000000,0.000000,0.000000,0.000000,0.000000,"LINESTRING (-111.9381294 33.4205154, -111.9381211 33.4199626, -111.9381172 33.4196844, -111.9381177 33.4191316, -111.9381178 33.4190780)",0.000000,0.000000,7.500000,7.500000,7.500000,13.983840,22.499999,0.000000,-nan(ind),18.645121,13.983840,29.999999,22.499999,18.645121,18.645121,18.645121,29.999999,29.999999,29.999999,0.318740,0.000000,18.645,18.645,18.645,18.645,18.645,18.645,-nan(ind),18.645,18.645,18.645,18.645,18.645,
10,98,51,61,0.0000,0.0000,0.0000,-1.0000,1000.0000,0.0000,0.0000,0.1075,0.1075,0.1500,4.0000,1.0000,24.8602,40.0000,0.000000,0.000000,0.000000,0.000000,0.000000,0.000000,"LINESTRING (-111.9381294 33.4205154, -111.9384389 33.4205124, -111.9385710 33.4205111, -111.9388999 33.4205078)",0.000000,0.000000,7.500000,7.500000,7.500000,18.645121,29.999999,0.000000,-nan(ind),24.860161,18.645121,39.999999,29.999999,24.860161,24.860161,24.860161,39.999999,39.999999,39.999999,0.107460,0.000000,24.860,24.860,24.860,24.860,24.860,24.860,-nan(ind),24.860,24.860,24.860,24.860,24.860,
10,99,51,357,0.0000,0.0000,0.0000,-1.0000,1000.0000,0.0000,0.0000,0.3065,0.3065,0.1500,4.0000,1.0000,18.6451,30.0000,0.000000,0.000000,0.000000,0.000000,0.000000,0.000000,"LINESTRING (-111.9381294 33.4205154, -111.9381331 33.4212166, -111.9381352 33.4213307, -111.9381441 33.4218230, -111.9381440 33.4218328, -111.9381462 33.4218977)",0.000000,0.000000,7.500000,7.500000,7.500000,13.983840,22.499999,0.000000,-nan(ind),18.645121,13.983840,29.999999,22.499999,18.645121,18.645121,18.645121,29.999999,29.999999,29.999999,0.306520,0.000000,18.645,18.645,18.645,18.645,18.645,18.645,-nan(ind),18.645,18.645,18.645,18.645,18.645,
10,100,52,6,15.7345,0.0000,0.0000,-1.0000,1200.0000,15.7345,0.0131,0.1845,0.1845,0.1500,4.0000,1.0000,24.8602,40.0000,1.202628,0.048376,1.202628,0.048376,0.048456,0.048456,"LINESTRING (-111.9349278 33.4254396, -111.9349717 33.4252787, -111.9349838 33.4248448, -111.9349808 33.4243956, -111.9349809 33.4243346)",15.734500,0.013112,7.493444,7.500000,7.506556,18.645120,29.999999,1200.000000,2636461805.833442,24.860161,18.645121,39.999999,29.999999,24.778669,24.778669,24.818880,39.868878,39.868878,39.933579,0.184777,0.000000,24.860,24.846,24.833,24.819,24.805,24.791,18.645,24.791,24.805,24.819,24.833,24.846,
10,101,52,92,0.0000,0.0000,0.0000,-1.0000,1200.0000,0.0000,0.0000,0.1387,0.1387,0.1500,4.0000,1.0000,29.8322,48.0000,0.000000,0.000000,0.000000,0.000000,0.000000,0.000000,"LINESTRING (-111.9349278 33.4254396, -111.9348667 33.4253526, -111.9347700 33.4253016, -111.9344827 33.4252009, -111.9338795 33.4250026)",0.000000,0.000000,7.500000,7.500000,7.500000,22.374145,35.999999,0.000000,-nan(ind),29.832193,22.374145,47.999999,35.999999,29.832193,29.832193,29.832193,47.999999,47.999999,47.999999,0.138738,0.000000,29.832,29.832,29.832,29.832,29.832,29.832,-nan(ind),29.832,29.832,29.832,29.832,29.832,
10,102,52,161,15.7345,0.0000,0.0000,-1.0000,1200.0000,15.7345,0.0131,0.0506,0.0506,0.1500,4.0000,1.0000,25.1523,40.4700,0.395758,0.013266,0.395758,0.013266,0.013288,0.013288,"LINESTRING (-111.9349278 33.4254396, -111.9350723 33.4254800, -111.9351511 33.4254952, -111.9353519 33.4255151)",15.734500,0.013112,7.493444,7.500000,7.506556,22.374145,35.999999,1200.000000,723001083.629571,29.832193,22.374145,47.999999,35.999999,29.734403,29.734403,29.782657,47.842654,47.842654,47.920295,0.050672,0.000000,29.832,29.816,29.799,29.783,29.766,29.750,22.374,29.750,29.766,29.783,29.799,29.816,
10,103,53,6,105.0670,0.0000,0.0000,-1.0000,1200.0000,105.0670,0.0876,0.1873,0.1873,0.1500,4.0000,1.0000,24.8599,39.9996,8.153304,0.327970,8.153304,0.327970,0.331918,0.331918,"LINESTRING (-111.9349761 33.4232093, -111.9349907 33.4232970, -111.9349911 33.4233422, -111.9349900 33.4233768, -111.9349897 33.4234920, -111.9349826 33.4242604, -111.9349809 33.4243346)",105.067000,0.087556,7.456222,7.500000,7.543778,18.644812,29.999503,1200.000000,1268562.561347,24.860161,18.645121,39.999999,29.999999,24.315998,24.315783,24.564238,39.124440,39.124096,39.523859,0.189546,0.000000,24.860,24.761,24.661,24.562,24.463,24.363,18.645,24.363,24.463,24.562,24.661,24.761,
10,104,53,64,26.2241,0.0000,0.0000,-1.0000,1000.0000,26.2241,0.0262,0.2355,0.2355,0.1500,4.0000,1.0000,24.8602,40.0000,2.559335,0.102949,2.559335,0.102949,0.103297,0.103297,"LINESTRING (-111.9349761 33.4232093, -111.9351141 33.4232087, -111.9354760 33.4232079, -111.9365584 33.4232063, -111.9366651 33.4232037)",26.224100,0.026224,7.486888,7.500000,7.513112,18.645118,29.999995,1000.000000,173578079.994921,24.860161,18.645121,39.999999,29.999999,24.697177,24.697175,24.776532,39.737758,39.737755,39.865440,0.236340,0.000000,24.860,24.832,24.804,24.776,24.749,24.721,18.645,24.721,24.749,24.776,24.804,24.832,
10,105,53,355,47.2032,0.0000,0.0000,-1.0000,1200.0000,47.2032,0.0393,0.2008,0.2008,0.1500,4.0000,1.0000,24.8602,40.0000,3.926755,0.157954,3.926755,0.157954,0.158765,0.158765,"LINESTRING (-111.9349761 33.4232093, -111.9349741 33.4231487, -111.9349739 33.4231174, -111.9349706 33.4226097, -111.9349659 33.4220803, -111.9349691 33.4220021)",47.203200,0.039336,7.480332,7.500000,7.519668,18.645108,29.999979,1200.000000,34713810.953646,24.860161,18.645121,39.999999,29.999999,24.615686,24.615677,24.733115,39.606639,39.606625,39.795582,0.201806,0.000000,24.860,24.818,24.775,24.733,24.691,24.648,18.645,24.648,24.691,24.733,24.775,24.818,
10,106,55,56,0.0000,0.0000,0.0000,-1.0000,1000.0000,0.0000,0.0000,0.2281,0.2281,0.1500,4.0000,1.0000,18.6451,30.0000,0.000000,0.000000,0.000000,0.000000,0.000000,0.000000,"LINESTRING (-111.9399783 33.4162056, -111.9400367 33.4162052, -111.9405834 33.4162013, -111.9412050 33.4162040)",0.000000,0.000000,7.500000,7.500000,7.500000,13.983840,22.499999,0.000000,-nan(ind),18.645121,13.983840,29.999999,22.499999,18.645121,18.645121,18.645121,29.999999,29.999999,29.999999,0.228100,0.000000,18.645,18.645,18.645,18.645,18.645,18.645,-nan(ind),18.645,18.645,18.645,18.645,18.645,
10,107,55,153,115.7501,0.0000,0.0000,-1.0000,3200.0000,57.8750,0.0362,0.0851,0.0851,0.1500,4.0000,1.0000,37.2902,60.0000,6.120583,0.164134,6.120583,0.164134,0.164906,0.164906,"LINESTRING (-111.9399783 33.4162056, -111.9399777 33.4161231, -111.9399673 33.4155001, -111.9399200 33.4154527)",115.750100,0.036172,7.481914,7.500000,7.518086,27.967667,44.999977,1600.000000,27498878.408059,37.290241,27.967681,59.999998,44.999999,36.953026,36.953017,37.115535,59.457420,59.457404,59.718895,0.085480,0.000000,37.290,37.232,37.174,37.115,37.057,36.999,27.968,36.999,37.057,37.115,37.174,37.232,
10,108,56,55,0.0000,0.0000,0.0000,-1.0000,1000.0000,0.0000,0.0000,0.2281,0.2281,0.1500,4.0000,1.0000,18.6451,30.0000,0.000000,0.000000,0.000000,0.000000,0.000000,0.000000,"LINESTRING (-111.9412050 33.4162040, -111.9405834 33.4162013, -111.9400367 33.4162052, -111.9399783 33.4162056)",0.000000,0.000000,7.500000,7.500000,7.500000,13.983840,22.499999,0.000000,-nan(ind),18.645121,13.983840,29.999999,22.499999,18.645121,18.645121,18.645121,29.999999,29.999999,29.999999,0.228100,0.000000,18.645,18.645,18.645,18.645,18.645,18.645,-nan(ind),18.645,18.645,18.645,18.645,18.645,
10,109,56,57,0.0000,0.0000,0.0000,-1.0000,1000.0000,0.0000,0.0000,0.2222,0.2222,0.1500,4.0000,1.0000,18.6451,30.0000,0.000000,0.000000,0.000000,0.000000,0.000000,0.000000,"LINESTRING (-111.9412050 33.4162040, -111.9418210 33.4161933, -111.9424000 33.4161906)",0.000000,0.000000,7.500000,7.500000,7.500000,13.983840,22.499999,0.000000,-nan(ind),18.645121,13.983840,29.999999,22.499999,18.645121,18.645121,18.645121,29.999999,29.999999,29.999999,0.222240,0.000000,18.645,18.645,18.645,18.645,18.645,18.645,-nan(ind),18.645,18.645,18.645,18.645,18.645,
10,110,56,66,0.0000,0.0000,0.0000,-1.0000,1000.0000,0.0000,0.0000,0.3139,0.3139,0.1500,4.0000,1.0000,18.6451,30.0000,0.000000,0.000000,0.000000,0.000000,0.000000,0.000000,"LINESTRING (-111.9412050 33.4162040, -111.9412300 33.4176195)",0.000000,0.000000,7.500000,7.500000,7.500000,13.983840,22.499999,0.000000,-nan(ind),18.645121,13.983840,29.999999,22.499999,18.645121,18.645121,18.645121,29.999999,29.999999,29.999999,0.313900,0.000000,18.645,18.645,18.645,18.645,18.645,18.645,-nan(ind),18.645,18.645,18.645,18.645,18.645,
10,111,56,105,0.0000,0.0000,0.0000,-1.0000,1000.0000,0.0000,0.0000,0.3237,0.3237,0.1500,4.0000,1.0000,18.6451,30.0000,0.000000,0.000000,0.000000,0.000000,0.000000,0.000000,"LINESTRING (-111.9412050 33.4162040, -111.9411894 33.4147443)",0.000000,0.000000,7.500000,7.500000,7.500000,13.983840,22.499999,0.000000,-nan(ind),18.645121,13.983840,29.999999,22.499999,18.645121,18.645121,18.645121,29.999999,29.999999,29.999999,0.323680,0.000000,18.645,18.645,18.645,18.645,18.645,18.645,-nan(ind),18.645,18.645,18.645,18.645,18.645,
10,112,57,56,0.0000,0.0000,0.0000,-1.0000,1000.0000,0.0000,0.0000,0.2222,0.2222,0.1500,4.0000,1.0000,18.6451,30.0000,0.000000,0.000000,0.000000,0.000000,0.000000,0.000000,"LINESTRING (-111.9424000 33.4161906, -111.9418210 33.4161933, -111.9412050 33.4162040)",0.000000,0.000000,7.500000,7.500000,7.500000,13.983840,22.499999,0.000000,-nan(ind),18.645121,13.983840,29.999999,22.499999,18.645121,18.645121,18.645121,29.999999,29.999999,29.999999,0.222240,0.000000,18.645,18.645,18.645,18.645,18.645,18.645,-nan(ind),18.645,18.645,18.645,18.645,18.645,
10,113,58,59,0.0000,0.0000,0.0000,-1.0000,1000.0000,0.0000,0.0000,0.1949,0.1949,0.1500,4.0000,1.0000,18.6451,30.0000,0.000000,0.000000,0.000000,0.000000,0.000000,0.000000,"LINESTRING (-111.9289198 33.4202704, -111.9288130 33.4202727, -111.9288000 33.4202730, -111.9280217 33.4202698, -111.9278714 33.4202692)",0.000000,0.000000,7.500000,7.500000,7.500000,13.983840,22.499999,0.000000,-nan(ind),18.645121,13.983840,29.999999,22.499999,18.645121,18.645121,18.645121,29.999999,29.999999,29.999999,0.194940,0.000000,18.645,18.645,18.645,18.645,18.645,18.645,-nan(ind),18.645,18.645,18.645,18.645,18.645,
10,114,58,309,0.0000,0.0000,0.0000,-1.0000,1200.0000,0.0000,0.0000,0.0368,0.0368,0.1500,4.0000,1.0000,15.2517,24.5400,0.000000,0.000000,0.000000,0.000000,0.000000,0.000000,"LINESTRING (-111.9289198 33.4202704, -111.9289133 33.4201645, -111.9289065 33.4200493)",0.000000,0.000000,7.500000,7.500000,7.500000,18.645121,29.999999,0.000000,-nan(ind),24.860161,18.645121,39.999999,29.999999,24.860161,24.860161,24.860161,39.999999,39.999999,39.999999,0.036810,0.000000,24.860,24.860,24.860,24.860,24.860,24.860,-nan(ind),24.860,24.860,24.860,24.860,24.860,
10,115,58,310,0.0000,0.0000,0.0000,-1.0000,1200.0000,0.0000,0.0000,0.0999,0.0999,0.1500,4.0000,1.0000,24.8602,40.0000,0.000000,0.000000,0.000000,0.000000,0.000000,0.000000,"LINESTRING (-111.9289198 33.4202704, -111.9289287 33.4203474, -111.9289438 33.4204819, -111.9289538 33.4206435, -111.9289561 33.4206801, -111.9289562 33.4206884, -111.9289604 33.4208451, -111.9289618 33.4208697)",0.000000,0.000000,7.500000,7.500000,7.500000,18.645121,29.999999,0.000000,-nan(ind),24.860161,18.645121,39.999999,29.999999,24.860161,24.860161,24.860161,39.999999,39.999999,39.999999,0.099885,0.000000,24.860,24.860,24.860,24.860,24.860,24.860,-nan(ind),24.860,24.860,24.860,24.860,24.860,
10,116,59,58,0.0000,0.0000,0.0000,-1.0000,1000.0000,0.0000,0.0000,0.1949,0.1949,0.1500,4.0000,1.0000,18.6451,30.0000,0.000000,0.000000,0.000000,0.000000,0.000000,0.000000,"LINESTRING (-111.9278714 33.4202692, -111.9280217 33.4202698, -111.9288000 33.4202730, -111.9288130 33.4202727, -111.9289198 33.4202704)",0.000000,0.000000,7.500000,7.500000,7.500000,13.983840,22.499999,0.000000,-nan(ind),18.645121,13.983840,29.999999,22.499999,18.645121,18.645121,18.645121,29.999999,29.999999,29.999999,0.194940,0.000000,18.645,18.645,18.645,18.645,18.645,18.645,-nan(ind),18.645,18.645,18.645,18.645,18.645,
10,117,60,16,80.5337,0.0000,0.0000,-1.0000,1000.0000,80.5337,0.0805,0.3356,0.3356,0.1500,4.0000,1.0000,18.6450,29.9998,8.399229,0.450482,8.399229,0.450482,0.455433,0.455433,"LINESTRING (-111.9391660 33.4147167, -111.9390998 33.4147175, -111.9389509 33.4147146, -111.9388947 33.4147102, -111.9388268 33.4147020, -111.9386759 33.4146732, -111.9385770 33.4146636, -111.9384793 33.4146618, -111.9380531 33.4146540, -111.9378899 33.4146534, -111.9376248 33.4146524, -111.9374558 33.4146478, -111.9373669 33.4146466)",80.533700,0.080534,7.459733,7.500000,7.540267,13.983675,22.499733,1000.000000,2662168.124501,18.645121,13.983840,29.999999,22.499999,18.269730,18.269615,18.442300,29.395996,29.395811,29.673661,0.339311,0.000000,18.645,18.577,18.509,18.441,18.373,18.305,13.984,18.305,18.373,18.441,18.509,18.577,
10,118,60,147,0.0000,0.0000,0.0000,-1.0000,1000.0000,0.0000,0.0000,0.0467,0.0467,0.1500,4.0000,1.0000,14.4997,23.3300,0.000000,0.000000,0.000000,0.000000,0.000000,0.000000,"LINESTRING (-111.9391660 33.4147167, -111.9391648 33.4146744, -111.9391606 33.4145063)",0.000000,0.000000,7.500000,7.500000,7.500000,13.983840,22.499999,0.000000,-nan(ind),18.645121,13.983840,29.999999,22.499999,18.645121,18.645121,18.645121,29.999999,29.999999,29.999999,0.046660,0.000000,18.645,18.645,18.645,18.645,18.645,18.645,-nan(ind),18.645,18.645,18.645,18.645,18.645,
10,119,61,51,0.0000,0.0000,0.0000,-1.0000,1000.0000,0.0000,0.0000,0.1075,0.1075,0.1500,4.0000,1.0000,24.8602,40.0000,0.000000,0.000000,0.000000,0.000000,0.000000,0.000000,"LINESTRING (-111.9388999 33.4205078, -111.9385710 33.4205111, -111.9384389 33.4205124, -111.9381294 33.4205154)",0.000000,0.000000,7.500000,7.500000,7.500000,18.645121,29.999999,0.000000,-nan(ind),24.860161,18.645121,39.999999,29.999999,24.860161,24.860161,24.860161,39.999999,39.999999,39.999999,0.107460,0.000000,24.860,24.860,24.860,24.860,24.860,24.860,-nan(ind),24.860,24.860,24.860,24.860,24.860,
10,120,61,345,0.0000,0.0000,0.0000,-1.0000,1000.0000,0.0000,0.0000,0.0790,0.0790,0.1500,4.0000,1.0000,18.6451,30.0000,0.000000,0.000000,0.000000,0.000000,0.000000,0.000000,"LINESTRING (-111.9388999 33.4205078, -111.9389176 33.4205445, -111.9389477 33.4205749, -111.9389876 33.4205962, -111.9390333 33.4206064, -111.9390805 33.4206046, -111.9391249 33.4205909, -111.9391621 33.4205665, -111.9391888 33.4205339, -111.9392023 33.4204960)",0.000000,0.000000,7.500000,7.500000,7.500000,13.983840,22.499999,0.000000,-nan(ind),18.645121,13.983840,29.999999,22.499999,18.645121,18.645121,18.645121,29.999999,29.999999,29.999999,0.079040,0.000000,18.645,18.645,18.645,18.645,18.645,18.645,-nan(ind),18.645,18.645,18.645,18.645,18.645,
10,121,63,64,51.4769,0.0000,0.0000,-1.0000,1000.0000,51.4769,0.0515,0.2084,0.2084,0.1500,4.0000,1.0000,24.8601,40.0000,4.445121,0.178805,4.445121,0.178805,0.180023,0.180023,"LINESTRING (-111.9381595 33.4231914, -111.9380587 33.4231924, -111.9374296 33.4231985, -111.9370222 33.4232024, -111.9367632 33.4232049, -111.9366651 33.4232037)",51.476900,0.051477,7.474262,7.500000,7.525738,18.645084,29.999940,1000.000000,10140357.939980,24.860161,18.645121,39.999999,29.999999,24.540230,24.540204,24.691959,39.485230,39.485188,39.729363,0.209830,0.000000,24.860,24.804,24.748,24.692,24.635,24.579,18.645,24.579,24.635,24.692,24.748,24.804,
10,122,63,357,0.0000,0.0000,0.0000,-1.0000,1000.0000,0.0000,0.0000,0.2670,0.2670,0.1500,4.0000,1.0000,18.6451,30.0000,0.000000,0.000000,0.000000,0.000000,0.000000,0.000000,"LINESTRING (-111.9381595 33.4231914, -111.9381582 33.4230826, -111.9381521 33.4225867, -111.9381494 33.4223700, -111.9381450 33.4220520, -111.9381452 33.4219872)",0.000000,0.000000,7.500000,7.500000,7.500000,13.983840,22.499999,0.000000,-nan(ind),18.645121,13.983840,29.999999,22.499999,18.645121,18.645121,18.645121,29.999999,29.999999,29.999999,0.267020,0.000000,18.645,18.645,18.645,18.645,18.645,18.645,-nan(ind),18.645,18.645,18.645,18.645,18.645,
10,123,63,358,43.3770,0.0000,0.0000,-1.0000,1000.0000,43.3770,0.0434,0.2508,0.2508,0.1500,4.0000,1.0000,24.8601,40.0000,4.507811,0.181327,4.507811,0.181327,0.182358,0.182358,"LINESTRING (-111.9381595 33.4231914, -111.9382169 33.4231912, -111.9386834 33.4231902, -111.9386929 33.4231902, -111.9394081 33.4231893, -111.9398537 33.4231887, -111.9399581 33.4231886)",43.377000,0.043377,7.478312,7.500000,7.521688,18.645102,29.999969,1000.000000,24361322.740064,24.860161,18.645121,39.999999,29.999999,24.590571,24.590558,24.719518,39.566229,39.566208,39.773705,0.252242,0.000000,24.860,24.813,24.766,24.719,24.672,24.625,18.645,24.625,24.672,24.719,24.766,24.813,
10,124,64,5,70.0441,0.0000,0.0000,-1.0000,1000.0000,70.0441,0.0700,0.1922,0.1922,0.1500,4.0000,1.0000,24.8601,39.9999,5.576538,0.224317,5.576538,0.224317,0.226438,0.226438,"LINESTRING (-111.9366651 33.4232037, -111.9366641 33.4233211, -111.9366703 33.4237840, -111.9366669 33.4242409, -111.9366660 33.4243591)",70.044100,0.070044,7.464978,7.500000,7.535022,18.644994,29.999796,1000.000000,2686635.360781,24.860161,18.645121,39.999999,29.999999,24.424834,24.424746,24.627245,39.299558,39.299416,39.625237,0.193967,0.000000,24.860,24.782,24.704,24.626,24.548,24.470,18.645,24.470,24.548,24.626,24.704,24.782,
10,125,64,53,30.8863,0.0000,0.0000,-1.0000,1000.0000,30.8863,0.0309,0.2355,0.2355,0.1500,4.0000,1.0000,24.8602,40.0000,3.014342,0.121252,3.014342,0.121252,0.121736,0.121736,"LINESTRING (-111.9366651 33.4232037, -111.9365584 33.4232063, -111.9354760 33.4232079, -111.9351141 33.4232087, -111.9349761 33.4232093)",30.886300,0.030886,7.484557,7.500000,7.515443,18.645116,29.999991,1000.000000,89879256.222331,24.860161,18.645121,39.999999,29.999999,24.668201,24.668198,24.761216,39.691136,39.691130,39.840797,0.236486,0.000000,24.860,24.827,24.794,24.761,24.728,24.695,18.645,24.695,24.728,24.761,24.794,24.827,
10,126,64,63,43.3770,0.0000,0.0000,-1.0000,1000.0000,43.3770,0.0434,0.2084,0.2084,0.1500,4.0000,1.0000,24.8601,40.0000,3.745681,0.150670,3.745681,0.150670,0.151527,0.151527,"LINESTRING (-111.9366651 33.4232037, -111.9367632 33.4232049, -111.9370222 33.4232024, -111.9374296 33.4231985, -111.9380587 33.4231924, -111.9381595 33.4231914)",43.377000,0.043377,7.478312,7.500000,7.521688,18.645102,29.999969,1000.000000,20242582.270824,24.860161,18.645121,39.999999,29.999999,24.590571,24.590558,24.719518,39.566229,39.566208,39.773705,0.209596,0.000000,24.860,24.813,24.766,24.719,24.672,24.625,18.645,24.625,24.672,24.719,24.766,24.813,
10,127,64,107,30.8751,0.0000,0.0000,-1.0000,1000.0000,30.8751,0.0309,0.1397,0.1397,0.1500,4.0000,1.0000,24.8602,40.0000,1.787455,0.071900,1.787455,0.071900,0.072188,0.072188,"LINESTRING (-111.9366651 33.4232037, -111.9366654 33.4230893, -111.9366642 33.4225993, -111.9366668 33.4224568, -111.9366651 33.4223635)",30.875100,0.030875,7.484562,7.500000,7.515438,18.645116,29.999991,1000.000000,53394133.325199,24.860161,18.645121,39.999999,29.999999,24.668271,24.668267,24.761253,39.691248,39.691242,39.840857,0.140283,0.000000,24.860,24.827,24.794,24.761,24.728,24.695,18.645,24.695,24.728,24.761,24.794,24.827,
10,128,65,66,0.0000,0.0000,0.0000,-1.0000,1000.0000,0.0000,0.0000,0.1680,0.1680,0.1500,4.0000,1.0000,24.8602,40.0000,0.000000,0.000000,0.000000,0.000000,0.000000,0.000000,"LINESTRING (-111.9400253 33.4176249, -111.9401446 33.4176277, -111.9405079 33.4176276, -111.9406098 33.4176261, -111.9412300 33.4176195)",0.000000,0.000000,7.500000,7.500000,7.500000,18.645121,29.999999,0.000000,-nan(ind),24.860161,18.645121,39.999999,29.999999,24.860161,24.860161,24.860161,39.999999,39.999999,39.999999,0.168030,0.000000,24.860,24.860,24.860,24.860,24.860,24.860,-nan(ind),24.860,24.860,24.860,24.860,24.860,
10,129,65,110,170.6535,0.0000,0.0000,-1.0000,5400.0000,56.8845,0.0316,0.0234,0.0234,0.1500,4.0000,1.0000,11.6532,18.7500,1.988659,0.066662,1.988659,0.066662,0.066934,0.066934,"LINESTRING (-111.9400253 33.4176249, -111.9400290 33.4174558)",170.653500,0.031602,7.484199,7.500000,7.515801,22.374139,35.999989,1800.000000,14679271.047992,29.832193,22.374145,47.999999,35.999999,29.596500,29.596496,29.710623,47.620769,47.620762,47.804392,0.023533,0.000000,29.832,29.792,29.751,29.711,29.670,29.629,22.374,29.629,29.670,29.711,29.751,29.792,
10,130,66,23,0.0000,0.0000,0.0000,-1.0000,1000.0000,0.0000,0.0000,0.3187,0.3187,0.1500,4.0000,1.0000,18.6451,30.0000,0.000000,0.000000,0.000000,0.000000,0.000000,0.000000,"LINESTRING (-111.9412300 33.4176195, -111.9412370 33.4189818, -111.9412354 33.4190569)",0.000000,0.000000,7.500000,7.500000,7.500000,13.983840,22.499999,0.000000,-nan(ind),18.645121,13.983840,29.999999,22.499999,18.645121,18.645121,18.645121,29.999999,29.999999,29.999999,0.318720,0.000000,18.645,18.645,18.645,18.645,18.645,18.645,-nan(ind),18.645,18.645,18.645,18.645,18.645,
10,131,66,56,0.0000,0.0000,0.0000,-1.0000,1000.0000,0.0000,0.0000,0.3139,0.3139,0.1500,4.0000,1.0000,18.6451,30.0000,0.000000,0.000000,0.000000,0.000000,0.000000,0.000000,"LINESTRING (-111.9412300 33.4176195, -111.9412050 33.4162040)",0.000000,0.000000,7.500000,7.500000,7.500000,13.983840,22.499999,0.000000,-nan(ind),18.645121,13.983840,29.999999,22.499999,18.645121,18.645121,18.645121,29.999999,29.999999,29.999999,0.313900,0.000000,18.645,18.645,18.645,18.645,18.645,18.645,-nan(ind),18.645,18.645,18.645,18.645,18.645,
10,132,66,65,0.0000,0.0000,0.0000,-1.0000,1000.0000,0.0000,0.0000,0.1680,0.1680,0.1500,4.0000,1.0000,24.8602,40.0000,0.000000,0.000000,0.000000,0.000000,0.000000,0.000000,"LINESTRING (-111.9412300 33.4176195, -111.9406098 33.4176261, -111.9405079 33.4176276, -111.9401446 33.4176277, -111.9400253 33.4176249)",0.000000,0.000000,7.500000,7.500000,7.500000,18.645121,29.999999,0.000000,-nan(ind),24.860161,18.645121,39.999999,29.999999,24.860161,24.860161,24.860161,39.999999,39.999999,39.999999,0.168030,0.000000,24.860,24.860,24.860,24.860,24.860,24.860,-nan(ind),24.860,24.860,24.860,24.860,24.860,
10,133,66,67,0.0000,0.0000,0.0000,-1.0000,1000.0000,0.0000,0.0000,0.1632,0.1632,0.1500,4.0000,1.0000,24.8602,40.0000,0.000000,0.000000,0.000000,0.000000,0.000000,0.000000,"LINESTRING (-111.9412300 33.4176195, -111.9418304 33.4176181, -111.9424000 33.4176183)",0.000000,0.000000,7.500000,7.500000,7.500000,18.645121,29.999999,0.000000,-nan(ind),24.860161,18.645121,39.999999,29.999999,24.860161,24.860161,24.860161,39.999999,39.999999,39.999999,0.163170,0.000000,24.860,24.860,24.860,24.860,24.860,24.860,-nan(ind),24.860,24.860,24.860,24.860,24.860,
10,134,67,66,0.0000,0.0000,0.0000,-1.0000,1000.0000,0.0000,0.0000,0.1632,0.1632,0.1500,4.0000,1.0000,24.8602,40.0000,0.000000,0.000000,0.000000,0.000000,0.000000,0.000000,"LINESTRING (-111.9424000 33.4176183, -111.9418304 33.4176181, -111.9412300 33.4176195)",0.000000,0.000000,7.500000,7.500000,7.500000,18.645121,29.999999,0.000000,-nan(ind),24.860161,18.645121,39.999999,29.999999,24.860161,24.860161,24.860161,39.999999,39.999999,39.999999,0.163170,0.000000,24.860,24.860,24.860,24.860,24.860,24.860,-nan(ind),24.860,24.860,24.860,24.860,24.860,
10,135,68,69,0.0000,0.0000,0.0000,-1.0000,3200.0000,0.0000,0.0000,0.1810,0.1810,0.1500,4.0000,1.0000,34.8042,56.0000,0.000000,0.000000,0.000000,0.000000,0.000000,0.000000,"LINESTRING (-111.9374158 33.4304040, -111.9373130 33.4304390, -111.9372259 33.4304688, -111.9368333 33.4305487, -111.9364650 33.4305639, -111.9360834 33.4305321, -111.9356428 33.4304350)",0.000000,0.000000,7.500000,7.500000,7.500000,26.103169,42.000000,0.000000,-nan(ind),34.804226,26.103169,56.000000,42.000000,34.804226,34.804226,34.804226,56.000000,56.000000,56.000000,0.180954,0.000000,34.804,34.804,34.804,34.804,34.804,34.804,-nan(ind),34.804,34.804,34.804,34.804,34.804,
10,136,69,70,0.0000,0.0000,0.0000,-1.0000,3200.0000,0.0000,0.0000,0.0843,0.0843,0.1500,4.0000,1.0000,34.8042,56.0000,0.000000,0.000000,0.000000,0.000000,0.000000,0.000000,"LINESTRING (-111.9356428 33.4304350, -111.9351525 33.4302054, -111.9349285 33.4300573)",0.000000,0.000000,7.500000,7.500000,7.500000,26.103169,42.000000,0.000000,-nan(ind),34.804226,26.103169,56.000000,42.000000,34.804226,34.804226,34.804226,56.000000,56.000000,56.000000,0.084343,0.000000,34.804,34.804,34.804,34.804,34.804,34.804,-nan(ind),34.804,34.804,34.804,34.804,34.804,
10,137,69,134,0.0000,0.0000,0.0000,-1.0000,1600.0000,0.0000,0.0000,0.0586,0.0586,0.1500,4.0000,1.0000,36.4450,58.6400,0.000000,0.000000,0.000000,0.000000,0.000000,0.000000,"LINESTRING (-111.9356428 33.4304350, -111.9354335 33.4304075, -111.9352097 33.4303103, -111.9351597 33.4302987, -111.9351245 33.4302912, -111.9351143 33.4302968, -111.9350596 33.4303286)",0.000000,0.000000,7.500000,7.500000,7.500000,27.967681,44.999999,0.000000,-nan(ind),37.290241,27.967681,59.999998,44.999999,37.290241,37.290241,37.290241,59.999998,59.999998,59.999998,0.058640,0.000000,37.290,37.290,37.290,37.290,37.290,37.290,-nan(ind),37.290,37.290,37.290,37.290,37.290,
10,138,70,71,0.0000,0.0000,0.0000,-1.0000,3200.0000,0.0000,0.0000,0.0337,0.0337,0.1500,4.0000,1.0000,19.5463,31.4500,0.000000,0.000000,0.000000,0.000000,0.000000,0.000000,"LINESTRING (-111.9349285 33.4300573, -111.9346717 33.4298726)",0.000000,0.000000,7.500000,7.500000,7.500000,26.103169,42.000000,0.000000,-nan(ind),34.804226,26.103169,56.000000,42.000000,34.804226,34.804226,34.804226,56.000000,56.000000,56.000000,0.033696,0.000000,34.804,34.804,34.804,34.804,34.804,34.804,-nan(ind),34.804,34.804,34.804,34.804,34.804,
10,139,71,257,0.0000,0.0000,0.0000,-1.0000,4800.0000,0.0000,0.0000,0.0109,0.0109,0.1500,4.0000,1.0000,6.3021,10.1400,0.000000,0.000000,0.000000,0.000000,0.000000,0.000000,"LINESTRING (-111.9346717 33.4298726, -111.9345889 33.4298130)",0.000000,0.000000,7.500000,7.500000,7.500000,26.103169,42.000000,0.000000,-nan(ind),34.804226,26.103169,56.000000,42.000000,34.804226,34.804226,34.804226,56.000000,56.000000,56.000000,0.010864,0.000000,34.804,34.804,34.804,34.804,34.804,34.804,-nan(ind),34.804,34.804,34.804,34.804,34.804,
10,140,72,73,0.0000,0.0000,0.0000,-1.0000,3600.0000,0.0000,0.0000,0.1262,0.1262,0.1500,4.0000,1.0000,29.8322,48.0000,0.000000,0.000000,0.000000,0.000000,0.000000,0.000000,"LINESTRING (-111.9404178 33.4312000, -111.9403980 33.4311519, -111.9403060 33.4308981, -111.9402509 33.4307385, -111.9401986 33.4305606, -111.9401399 33.4303209)",0.000000,0.000000,7.500000,7.500000,7.500000,22.374145,35.999999,0.000000,-nan(ind),29.832193,22.374145,47.999999,35.999999,29.832193,29.832193,29.832193,47.999999,47.999999,47.999999,0.126150,0.000000,29.832,29.832,29.832,29.832,29.832,29.832,-nan(ind),29.832,29.832,29.832,29.832,29.832,
10,141,73,236,0.0000,0.0000,0.0000,-1.0000,3600.0000,0.0000,0.0000,0.0160,0.0160,0.1500,4.0000,1.0000,7.9366,12.7700,0.000000,0.000000,0.000000,0.000000,0.000000,0.000000,"LINESTRING (-111.9401399 33.4303209, -111.9401286 33.4302061)",0.000000,0.000000,7.500000,7.500000,7.500000,22.374145,35.999999,0.000000,-nan(ind),29.832193,22.374145,47.999999,35.999999,29.832193,29.832193,29.832193,47.999999,47.999999,47.999999,0.015963,0.000000,29.832,29.832,29.832,29.832,29.832,29.832,-nan(ind),29.832,29.832,29.832,29.832,29.832,
10,142,74,75,0.0000,0.0000,0.0000,-1.0000,5400.0000,0.0000,0.0000,0.1614,0.1614,0.1500,4.0000,1.0000,34.8042,56.0000,0.000000,0.000000,0.000000,0.000000,0.000000,0.000000,"LINESTRING (-111.9262890 33.4298413, -111.9262877 33.4312000)",0.000000,0.000000,7.500000,7.500000,7.500000,26.103169,42.000000,0.000000,-nan(ind),34.804226,26.103169,56.000000,42.000000,34.804226,34.804226,34.804226,56.000000,56.000000,56.000000,0.161400,0.000000,34.804,34.804,34.804,34.804,34.804,34.804,-nan(ind),34.804,34.804,34.804,34.804,34.804,
10,143,74,121,0.0000,0.0000,0.0000,-1.0000,5400.0000,0.0000,0.0000,0.0431,0.0431,0.1500,4.0000,1.0000,24.9845,40.2000,0.000000,0.000000,0.000000,0.000000,0.000000,0.000000,"LINESTRING (-111.9262890 33.4298413, -111.9262931 33.4294787)",0.000000,0.000000,7.500000,7.500000,7.500000,26.103169,42.000000,0.000000,-nan(ind),34.804226,26.103169,56.000000,42.000000,34.804226,34.804226,34.804226,56.000000,56.000000,56.000000,0.043071,0.000000,34.804,34.804,34.804,34.804,34.804,34.804,-nan(ind),34.804,34.804,34.804,34.804,34.804,
10,144,75,74,0.0000,0.0000,0.0000,-1.0000,5400.0000,0.0000,0.0000,0.1614,0.1614,0.1500,4.0000,1.0000,34.8042,56.0000,0.000000,0.000000,0.000000,0.000000,0.000000,0.000000,"LINESTRING (-111.9262877 33.4312000, -111.9262890 33.4298413)",0.000000,0.000000,7.500000,7.500000,7.500000,26.103169,42.000000,0.000000,-nan(ind),34.804226,26.103169,56.000000,42.000000,34.804226,34.804226,34.804226,56.000000,56.000000,56.000000,0.161400,0.000000,34.804,34.804,34.804,34.804,34.804,34.804,-nan(ind),34.804,34.804,34.804,34.804,34.804,
10,145,76,105,0.0000,0.0000,0.0000,-1.0000,1000.0000,0.0000,0.0000,0.0508,0.0508,0.1500,4.0000,1.0000,21.0379,33.8500,0.000000,0.000000,0.000000,0.000000,0.000000,0.000000,"LINESTRING (-111.9408253 33.4147456, -111.9409804 33.4147446, -111.9411894 33.4147443)",0.000000,0.000000,7.500000,7.500000,7.500000,18.645121,29.999999,0.000000,-nan(ind),24.860161,18.645121,39.999999,29.999999,24.860161,24.860161,24.860161,39.999999,39.999999,39.999999,0.050775,0.000000,24.860,24.860,24.860,24.860,24.860,24.860,-nan(ind),24.860,24.860,24.860,24.860,24.860,
10,146,76,359,0.0000,0.0000,0.0000,-1.0000,1000.0000,0.0000,0.0000,0.1710,0.1710,0.1500,4.0000,1.0000,18.6451,30.0000,0.000000,0.000000,0.000000,0.000000,0.000000,0.000000,"LINESTRING (-111.9408253 33.4147456, -111.9407023 33.4147245, -111.9405641 33.4147222, -111.9404620 33.4147190, -111.9403334 33.4147072, -111.9400873 33.4147093, -111.9399094 33.4147094)",0.000000,0.000000,7.500000,7.500000,7.500000,13.983840,22.499999,0.000000,-nan(ind),18.645121,13.983840,29.999999,22.499999,18.645121,18.645121,18.645121,29.999999,29.999999,29.999999,0.170960,0.000000,18.645,18.645,18.645,18.645,18.645,18.645,-nan(ind),18.645,18.645,18.645,18.645,18.645,
10,147,78,15,22.2633,0.0000,0.0000,-1.0000,1000.0000,22.2633,0.0223,0.0328,0.0328,0.1500,4.0000,1.0000,10.1865,16.3900,0.226784,0.012163,0.226784,0.012163,0.012198,0.012198,"LINESTRING (-111.9381424 33.4149982, -111.9381757 33.4149863, -111.9382691 33.4149393, -111.9382922 33.4149218)",22.263300,0.022263,7.488868,7.500000,7.511132,13.983839,22.499998,1000.000000,46644911.729776,18.645121,13.983840,29.999999,22.499999,18.541345,18.541344,18.592078,29.833024,29.833023,29.914653,0.032874,0.000000,18.645,18.627,18.610,18.592,18.574,18.557,13.984,18.557,18.574,18.592,18.610,18.627,
10,148,78,350,189.2377,0.0000,0.0000,-1.0000,7200.0000,47.3094,0.0263,0.1319,0.1319,0.1500,4.0000,1.0000,49.7203,80.0000,20.680893,0.415944,20.680893,0.415944,0.417352,0.417352,"LINESTRING (-111.9381424 33.4149982, -111.9383541 33.4150954, -111.9385452 33.4151936, -111.9388391 33.4153857, -111.9391299 33.4156399, -111.9392616 33.4157769, -111.9393788 33.4159142, -111.9394362 33.4159978, -111.9394923 33.4160741)",189.237700,0.026283,7.486858,7.500000,7.513142,37.290236,59.999990,1800.000000,173362160.296098,49.720322,37.290241,79.999998,59.999998,49.393622,49.393618,49.552678,79.474337,79.474332,79.730259,0.132326,0.000000,49.720,49.664,49.608,49.553,49.497,49.441,37.290,49.441,49.497,49.553,49.608,49.664,
10,149,80,25,42.0140,0.0000,0.0000,-1.0000,3200.0000,21.0070,0.0131,0.0778,0.0778,0.1500,4.0000,1.0000,34.8042,56.0000,1.897027,0.054506,1.897027,0.054506,0.054596,0.054596,"LINESTRING (-111.9399016 33.4142825, -111.9398955 33.4139983, -111.9398928 33.4136273)",42.014000,0.013129,7.493435,7.500000,7.506565,26.103169,41.999999,1600.000000,1475496458.167369,34.804226,26.103169,56.000000,42.000000,34.689986,34.689986,34.746356,55.816188,55.816188,55.906887,0.077969,0.000000,34.804,34.785,34.766,34.746,34.727,34.708,26.103,34.708,34.727,34.746,34.766,34.785,
10,150,80,359,30.3032,0.0000,0.0000,-1.0000,4800.0000,10.1011,0.0063,0.0507,0.0507,0.1500,4.0000,1.0000,29.4220,47.3400,0.891581,0.025617,0.891581,0.025617,0.025637,0.025637,"LINESTRING (-111.9399016 33.4142825, -111.9399085 33.4146357, -111.9399088 33.4146490, -111.9399094 33.4147094)",30.303200,0.006313,7.496843,7.500000,7.503157,26.103169,42.000000,1010.106667,11413338263.907175,34.804226,26.103169,56.000000,42.000000,34.749295,34.749295,34.776587,55.911615,55.911615,55.955528,0.050762,0.000000,34.804,34.795,34.786,34.777,34.767,34.758,26.103,34.758,34.767,34.777,34.786,34.795,
10,151,81,82,0.0000,0.0000,0.0000,-1.0000,1000.0000,0.0000,0.0000,0.0328,0.0328,0.1500,4.0000,1.0000,8.1417,13.1000,0.000000,0.000000,0.000000,0.000000,0.000000,0.000000,"LINESTRING (-111.9339665 33.4183547, -111.9338292 33.4183283)",0.000000,0.000000,7.500000,7.500000,7.500000,11.187073,18.000000,0.000000,-nan(ind),14.916097,11.187073,24.000000,18.000000,14.916097,14.916097,14.916097,24.000000,24.000000,24.000000,0.032750,0.000000,14.916,14.916,14.916,14.916,14.916,14.916,-nan(ind),14.916,14.916,14.916,14.916,14.916,
10,152,82,81,0.0000,0.0000,0.0000,-1.0000,1000.0000,0.0000,0.0000,0.0328,0.0328,0.1500,4.0000,1.0000,8.1417,13.1000,0.000000,0.000000,0.000000,0.000000,0.000000,0.000000,"LINESTRING (-111.9338292 33.4183283, -111.9339665 33.4183547)",0.000000,0.000000,7.500000,7.500000,7.500000,11.187073,18.000000,0.000000,-nan(ind),14.916097,11.187073,24.000000,18.000000,14.916097,14.916097,14.916097,24.000000,24.000000,24.000000,0.032750,0.000000,14.916,14.916,14.916,14.916,14.916,14.916,-nan(ind),14.916,14.916,14.916,14.916,14.916,
10,153,82,83,0.0000,0.0000,0.0000,-1.0000,1000.0000,0.0000,0.0000,1.1574,1.1574,0.1500,4.0000,1.0000,14.9161,24.0000,0.000000,0.000000,0.000000,0.000000,0.000000,0.000000,"LINESTRING (-111.9338292 33.4183283, -111.9334167 33.4183318, -111.9333084 33.4183327, -111.9328931 33.4183363, -111.9327230 33.4183408, -111.9317400 33.4183562, -111.9316695 33.4183576, -111.9313989 33.4183647, -111.9310811 33.4184092, -111.9307743 33.4184114, -111.9302058 33.4184156, -111.9300770 33.4184165, -111.9289495 33.4184318, -111.9288549 33.4184369)",0.000000,0.000000,7.500000,7.500000,7.500000,11.187073,18.000000,0.000000,-nan(ind),14.916097,11.187073,24.000000,18.000000,14.916097,14.916097,14.916097,24.000000,24.000000,24.000000,1.157400,0.000000,14.916,14.916,14.916,14.916,14.916,14.916,-nan(ind),14.916,14.916,14.916,14.916,14.916,
10,154,82,146,0.0000,0.0000,0.0000,-1.0000,1000.0000,0.0000,0.0000,0.2225,0.2225,0.1500,4.0000,1.0000,18.6451,30.0000,0.000000,0.000000,0.000000,0.000000,0.000000,0.000000,"LINESTRING (-111.9338292 33.4183283, -111.9338279 33.4182646, -111.9338274 33.4182431, -111.9338270 33.4182220, -111.9338244 33.4181047, -111.9338109 33.4174841, -111.9338024 33.4174345, -111.9337564 33.4173875, -111.9337435 33.4173789, -111.9337083 33.4173613)",0.000000,0.000000,7.500000,7.500000,7.500000,13.983840,22.499999,0.000000,-nan(ind),18.645121,13.983840,29.999999,22.499999,18.645121,18.645121,18.645121,29.999999,29.999999,29.999999,0.222500,0.000000,18.645,18.645,18.645,18.645,18.645,18.645,-nan(ind),18.645,18.645,18.645,18.645,18.645,
10,155,83,32,0.0000,0.0000,0.0000,-1.0000,1200.0000,0.0000,0.0000,0.0651,0.0651,0.1500,4.0000,1.0000,24.8602,40.0000,0.000000,0.000000,0.000000,0.000000,0.000000,0.000000,"LINESTRING (-111.9288549 33.4184369, -111.9288530 33.4183465, -111.9288440 33.4180457)",0.000000,0.000000,7.500000,7.500000,7.500000,18.645121,29.999999,0.000000,-nan(ind),24.860161,18.645121,39.999999,29.999999,24.860161,24.860161,24.860161,39.999999,39.999999,39.999999,0.065070,0.000000,24.860,24.860,24.860,24.860,24.860,24.860,-nan(ind),24.860,24.860,24.860,24.860,24.860,
10,156,83,82,0.0000,0.0000,0.0000,-1.0000,1000.0000,0.0000,0.0000,1.1574,1.1574,0.1500,4.0000,1.0000,14.9161,24.0000,0.000000,0.000000,0.000000,0.000000,0.000000,0.000000,"LINESTRING (-111.9288549 33.4184369, -111.9289495 33.4184318, -111.9300770 33.4184165, -111.9302058 33.4184156, -111.9307743 33.4184114, -111.9310811 33.4184092, -111.9313989 33.4183647, -111.9316695 33.4183576, -111.9317400 33.4183562, -111.9327230 33.4183408, -111.9328931 33.4183363, -111.9333084 33.4183327, -111.9334167 33.4183318, -111.9338292 33.4183283)",0.000000,0.000000,7.500000,7.500000,7.500000,11.187073,18.000000,0.000000,-nan(ind),14.916097,11.187073,24.000000,18.000000,14.916097,14.916097,14.916097,24.000000,24.000000,24.000000,1.157400,0.000000,14.916,14.916,14.916,14.916,14.916,14.916,-nan(ind),14.916,14.916,14.916,14.916,14.916,
10,157,83,308,0.0000,0.0000,0.0000,-1.0000,1200.0000,0.0000,0.0000,0.1913,0.1913,0.1500,4.0000,1.0000,24.8602,40.0000,0.000000,0.000000,0.000000,0.000000,0.000000,0.000000,"LINESTRING (-111.9288549 33.4184369, -111.9288562 33.4185348, -111.9288681 33.4190594, -111.9288716 33.4192147, -111.9288758 33.4193999, -111.9288784 33.4195156, -111.9288801 33.4195869)",0.000000,0.000000,7.500000,7.500000,7.500000,18.645121,29.999999,0.000000,-nan(ind),24.860161,18.645121,39.999999,29.999999,24.860161,24.860161,24.860161,39.999999,39.999999,39.999999,0.191280,0.000000,24.860,24.860,24.860,24.860,24.860,24.860,-nan(ind),24.860,24.860,24.860,24.860,24.860,
10,158,84,35,0.0000,0.0000,0.0000,-1.0000,1200.0000,0.0000,0.0000,0.1275,0.1275,0.1500,4.0000,1.0000,24.8602,40.0000,0.000000,0.000000,0.000000,0.000000,0.000000,0.000000,"LINESTRING (-111.9349493 33.4143140, -111.9349492 33.4143062, -111.9349469 33.4141674, -111.9349449 33.4140490, -111.9349328 33.4135475)",0.000000,0.000000,7.500000,7.500000,7.500000,18.645121,29.999999,0.000000,-nan(ind),24.860161,18.645121,39.999999,29.999999,24.860161,24.860161,24.860161,39.999999,39.999999,39.999999,0.127485,0.000000,24.860,24.860,24.860,24.860,24.860,24.860,-nan(ind),24.860,24.860,24.860,24.860,24.860,
10,159,84,367,0.0000,0.0000,0.0000,-1.0000,2400.0000,0.0000,0.0000,0.0500,0.0500,0.1500,4.0000,1.0000,20.7209,33.3400,0.000000,0.000000,0.000000,0.000000,0.000000,0.000000,"LINESTRING (-111.9349493 33.4143140, -111.9349540 33.4145627, -111.9349552 33.4146147)",0.000000,0.000000,7.500000,7.500000,7.500000,18.645121,29.999999,0.000000,-nan(ind),24.860161,18.645121,39.999999,29.999999,24.860161,24.860161,24.860161,39.999999,39.999999,39.999999,0.050010,0.000000,24.860,24.860,24.860,24.860,24.860,24.860,-nan(ind),24.860,24.860,24.860,24.860,24.860,
10,160,86,299,0.0000,0.0000,0.0000,-1.0000,5400.0000,0.0000,0.0000,0.0097,0.0097,0.1500,4.0000,1.0000,5.5998,9.0100,0.000000,0.000000,0.000000,0.000000,0.000000,0.000000,"LINESTRING (-111.9224969 33.4147141, -111.9224000 33.4147131)",0.000000,0.000000,7.500000,7.500000,7.500000,26.103169,42.000000,0.000000,-nan(ind),34.804226,26.103169,56.000000,42.000000,34.804226,34.804226,34.804226,56.000000,56.000000,56.000000,0.009654,0.000000,34.804,34.804,34.804,34.804,34.804,34.804,-nan(ind),34.804,34.804,34.804,34.804,34.804,
10,161,88,361,0.0000,0.0000,0.0000,-1.0000,1000.0000,0.0000,0.0000,0.3282,0.3282,0.1500,4.0000,1.0000,24.8602,40.0000,0.000000,0.000000,0.000000,0.000000,0.000000,0.000000,"LINESTRING (-111.9305537 33.4127000, -111.9305606 33.4135119, -111.9305817 33.4136333, -111.9306308 33.4138130, -111.9306450 33.4138920, -111.9306575 33.4139710, -111.9306656 33.4140941, -111.9306650 33.4145842, -111.9306654 33.4146657)",0.000000,0.000000,7.500000,7.500000,7.500000,18.645121,29.999999,0.000000,-nan(ind),24.860161,18.645121,39.999999,29.999999,24.860161,24.860161,24.860161,39.999999,39.999999,39.999999,0.328185,0.000000,24.860,24.860,24.860,24.860,24.860,24.860,-nan(ind),24.860,24.860,24.860,24.860,24.860,
10,162,89,90,0.0000,0.0000,0.0000,-1.0000,1200.0000,0.0000,0.0000,0.7642,0.7642,0.1500,4.0000,1.0000,24.8602,40.0000,0.000000,0.000000,0.000000,0.000000,0.000000,0.000000,"LINESTRING (-111.9262989 33.4200980, -111.9261371 33.4199597, -111.9260926 33.4199214, -111.9257296 33.4196086, -111.9254281 33.4193385, -111.9252926 33.4192193, -111.9252695 33.4192003, -111.9251995 33.4191427, -111.9243613 33.4184039, -111.9243278 33.4183748, -111.9242636 33.4183173, -111.9239316 33.4180199, -111.9232866 33.4174422, -111.9226459 33.4168567, -111.9225356 33.4167580)",0.000000,0.000000,7.500000,7.500000,7.500000,18.645121,29.999999,0.000000,-nan(ind),24.860161,18.645121,39.999999,29.999999,24.860161,24.860161,24.860161,39.999999,39.999999,39.999999,0.764220,0.000000,24.860,24.860,24.860,24.860,24.860,24.860,-nan(ind),24.860,24.860,24.860,24.860,24.860,
10,163,89,152,0.0000,0.0000,0.0000,-1.0000,5400.0000,0.0000,0.0000,0.0659,0.0659,0.1500,4.0000,1.0000,34.8042,56.0000,0.000000,0.000000,0.000000,0.000000,0.000000,0.000000,"LINESTRING (-111.9262989 33.4200980, -111.9262990 33.4195429)",0.000000,0.000000,7.500000,7.500000,7.500000,26.103169,42.000000,0.000000,-nan(ind),34.804226,26.103169,56.000000,42.000000,34.804226,34.804226,34.804226,56.000000,56.000000,56.000000,0.065936,0.000000,34.804,34.804,34.804,34.804,34.804,34.804,-nan(ind),34.804,34.804,34.804,34.804,34.804,
10,164,89,274,0.0000,0.0000,0.0000,-1.0000,7200.0000,0.0000,0.0000,0.0165,0.0165,0.1500,4.0000,1.0000,9.5525,15.3700,0.000000,0.000000,0.000000,0.000000,0.000000,0.000000,"LINESTRING (-111.9262989 33.4200980, -111.9262989 33.4201830, -111.9262989 33.4202366)",0.000000,0.000000,7.500000,7.500000,7.500000,26.103169,42.000000,0.000000,-nan(ind),34.804226,26.103169,56.000000,42.000000,34.804226,34.804226,34.804226,56.000000,56.000000,56.000000,0.016468,0.000000,34.804,34.804,34.804,34.804,34.804,34.804,-nan(ind),34.804,34.804,34.804,34.804,34.804,
10,165,90,342,0.0000,0.0000,0.0000,-1.0000,1000.0000,0.0000,0.0000,0.5358,0.5358,0.1500,4.0000,1.0000,18.6451,30.0000,0.000000,0.000000,0.000000,0.000000,0.000000,0.000000,"LINESTRING (-111.9225356 33.4167580, -111.9226157 33.4167614, -111.9226680 33.4167634, -111.9230789 33.4167704, -111.9232733 33.4167758, -111.9234712 33.4167813, -111.9240217 33.4167902, -111.9243362 33.4167953, -111.9245051 33.4167980, -111.9247194 33.4168015, -111.9247937 33.4168027, -111.9249009 33.4168044, -111.9253300 33.4168113, -111.9254160 33.4168118)",0.000000,0.000000,7.500000,7.500000,7.500000,13.983840,22.499999,0.000000,-nan(ind),18.645121,13.983840,29.999999,22.499999,18.645121,18.645121,18.645121,29.999999,29.999999,29.999999,0.535760,0.000000,18.645,18.645,18.645,18.645,18.645,18.645,-nan(ind),18.645,18.645,18.645,18.645,18.645,
10,166,90,346,0.0000,0.0000,0.0000,-1.0000,1200.0000,0.0000,0.0000,0.0280,0.0280,0.1500,4.0000,1.0000,11.6159,18.6900,0.000000,0.000000,0.000000,0.000000,0.000000,0.000000,"LINESTRING (-111.9225356 33.4167580, -111.9224468 33.4166758, -111.9224000 33.4166335)",0.000000,0.000000,7.500000,7.500000,7.500000,18.645121,29.999999,0.000000,-nan(ind),24.860161,18.645121,39.999999,29.999999,24.860161,24.860161,24.860161,39.999999,39.999999,39.999999,0.028035,0.000000,24.860,24.860,24.860,24.860,24.860,24.860,-nan(ind),24.860,24.860,24.860,24.860,24.860,
10,167,90,348,0.0000,0.0000,0.0000,-1.0000,1000.0000,0.0000,0.0000,0.0253,0.0253,0.1500,4.0000,1.0000,7.8558,12.6400,0.000000,0.000000,0.000000,0.000000,0.000000,0.000000,"LINESTRING (-111.9225356 33.4167580, -111.9224680 33.4167526, -111.9224000 33.4167504)",0.000000,0.000000,7.500000,7.500000,7.500000,13.983840,22.499999,0.000000,-nan(ind),18.645121,13.983840,29.999999,22.499999,18.645121,18.645121,18.645121,29.999999,29.999999,29.999999,0.025280,0.000000,18.645,18.645,18.645,18.645,18.645,18.645,-nan(ind),18.645,18.645,18.645,18.645,18.645,
10,168,91,0,0.0000,0.0000,0.0000,-1.0000,1200.0000,0.0000,0.0000,0.1209,0.1209,0.1500,4.0000,1.0000,29.8322,48.0000,0.000000,0.000000,0.000000,0.000000,0.000000,0.000000,"LINESTRING (-111.9295097 33.4227418, -111.9295421 33.4227616, -111.9299067 33.4229799, -111.9301089 33.4230616, -111.9303102 33.4231118, -111.9304264 33.4231268)",0.000000,0.000000,7.500000,7.500000,7.500000,22.374145,35.999999,0.000000,-nan(ind),29.832193,22.374145,47.999999,35.999999,29.832193,29.832193,29.832193,47.999999,47.999999,47.999999,0.120875,0.000000,29.832,29.832,29.832,29.832,29.832,29.832,-nan(ind),29.832,29.832,29.832,29.832,29.832,
10,169,91,313,0.0000,0.0000,0.0000,-1.0000,2400.0000,0.0000,0.0000,0.0272,0.0272,0.1500,4.0000,1.0000,13.5364,21.7800,0.000000,0.000000,0.000000,0.000000,0.000000,0.000000,"LINESTRING (-111.9295097 33.4227418, -111.9293204 33.4226260)",0.000000,0.000000,7.500000,7.500000,7.500000,22.374145,35.999999,0.000000,-nan(ind),29.832193,22.374145,47.999999,35.999999,29.832193,29.832193,29.832193,47.999999,47.999999,47.999999,0.027225,0.000000,29.832,29.832,29.832,29.832,29.832,29.832,-nan(ind),29.832,29.832,29.832,29.832,29.832,
10,170,92,93,0.0000,0.0000,0.0000,-1.0000,1200.0000,0.0000,0.0000,0.3843,0.3843,0.1500,4.0000,1.0000,29.8322,48.0000,0.000000,0.000000,0.000000,0.000000,0.000000,0.000000,"LINESTRING (-111.9338795 33.4250026, -111.9337642 33.4249627, -111.9336635 33.4249279, -111.9333623 33.4248268, -111.9331807 33.4247492, -111.9329899 33.4246525, -111.9328007 33.4245423, -111.9325820 33.4243921, -111.9323321 33.4241886, -111.9322412 33.4241145, -111.9321078 33.4240044, -111.9317139 33.4236702, -111.9315201 33.4235192, -111.9314790 33.4234892, -111.9314023 33.4234332, -111.9312627 33.4233579)",0.000000,0.000000,7.500000,7.500000,7.500000,22.374145,35.999999,0.000000,-nan(ind),29.832193,22.374145,47.999999,35.999999,29.832193,29.832193,29.832193,47.999999,47.999999,47.999999,0.384338,0.000000,29.832,29.832,29.832,29.832,29.832,29.832,-nan(ind),29.832,29.832,29.832,29.832,29.832,
10,171,93,0,0.0000,0.0000,0.0000,-1.0000,2400.0000,0.0000,0.0000,0.1033,0.1033,0.1500,4.0000,1.0000,29.8322,48.0000,0.000000,0.000000,0.000000,0.000000,0.000000,0.000000,"LINESTRING (-111.9312627 33.4233579, -111.9309728 33.4232310, -111.9307104 33.4231653, -111.9305402 33.4231415, -111.9304900 33.4231350, -111.9304264 33.4231268)",0.000000,0.000000,7.500000,7.500000,7.500000,22.374145,35.999999,0.000000,-nan(ind),29.832193,22.374145,47.999999,35.999999,29.832193,29.832193,29.832193,47.999999,47.999999,47.999999,0.103263,0.000000,29.832,29.832,29.832,29.832,29.832,29.832,-nan(ind),29.832,29.832,29.832,29.832,29.832,
10,172,94,95,0.0000,0.0000,0.0000,-1.0000,1200.0000,0.0000,0.0000,0.1979,0.1979,0.1500,4.0000,1.0000,29.8322,48.0000,0.000000,0.000000,0.000000,0.000000,0.000000,0.000000,"LINESTRING (-111.9320888 33.4241868, -111.9324904 33.4245105, -111.9327255 33.4246689, -111.9329471 33.4247963, -111.9332431 33.4249321, -111.9334639 33.4250070)",0.000000,0.000000,7.500000,7.500000,7.500000,22.374145,35.999999,0.000000,-nan(ind),29.832193,22.374145,47.999999,35.999999,29.832193,29.832193,29.832193,47.999999,47.999999,47.999999,0.197888,0.000000,29.832,29.832,29.832,29.832,29.832,29.832,-nan(ind),29.832,29.832,29.832,29.832,29.832,
10,173,95,96,0.0000,0.0000,0.0000,-1.0000,1200.0000,0.0000,0.0000,0.0620,0.0620,0.1500,4.0000,1.0000,29.8322,48.0000,0.000000,0.000000,0.000000,0.000000,0.000000,0.000000,"LINESTRING (-111.9334639 33.4250070, -111.9336026 33.4250545, -111.9338713 33.4251674, -111.9339446 33.4251998)",0.000000,0.000000,7.500000,7.500000,7.500000,22.374145,35.999999,0.000000,-nan(ind),29.832193,22.374145,47.999999,35.999999,29.832193,29.832193,29.832193,47.999999,47.999999,47.999999,0.061963,0.000000,29.832,29.832,29.832,29.832,29.832,29.832,-nan(ind),29.832,29.832,29.832,29.832,29.832,
10,174,96,52,0.0000,0.0000,0.0000,-1.0000,2400.0000,0.0000,0.0000,0.1254,0.1254,0.1500,4.0000,1.0000,29.8322,48.0000,0.000000,0.000000,0.000000,0.000000,0.000000,0.000000,"LINESTRING (-111.9339446 33.4251998, -111.9342460 33.4253330, -111.9343824 33.4253903, -111.9345254 33.4254357, -111.9346182 33.4254572, -111.9347083 33.4254777, -111.9347997 33.4254989, -111.9348577 33.4254844, -111.9349278 33.4254396)",0.000000,0.000000,7.500000,7.500000,7.500000,22.374145,35.999999,0.000000,-nan(ind),29.832193,22.374145,47.999999,35.999999,29.832193,29.832193,29.832193,47.999999,47.999999,47.999999,0.125425,0.000000,29.832,29.832,29.832,29.832,29.832,29.832,-nan(ind),29.832,29.832,29.832,29.832,29.832,
10,175,97,98,0.0000,0.0000,0.0000,-1.0000,1000.0000,0.0000,0.0000,0.1941,0.1941,0.1500,4.0000,1.0000,18.6451,30.0000,0.000000,0.000000,0.000000,0.000000,0.000000,0.000000,"LINESTRING (-111.9307043 33.4135726, -111.9306875 33.4135387, -111.9306846 33.4135070, -111.9306773 33.4130816, -111.9306767 33.4130436, -111.9306770 33.4130090, -111.9306797 33.4127000)",0.000000,0.000000,7.500000,7.500000,7.500000,13.983840,22.499999,0.000000,-nan(ind),18.645121,13.983840,29.999999,22.499999,18.645121,18.645121,18.645121,29.999999,29.999999,29.999999,0.194140,0.000000,18.645,18.645,18.645,18.645,18.645,18.645,-nan(ind),18.645,18.645,18.645,18.645,18.645,
10,176,97,321,0.0000,0.0000,0.0000,-1.0000,1000.0000,0.0000,0.0000,0.3859,0.3859,0.1500,4.0000,1.0000,18.6451,30.0000,0.000000,0.000000,0.000000,0.000000,0.000000,0.000000,"LINESTRING (-111.9307043 33.4135726, -111.9307346 33.4135807, -111.9307814 33.4135850, -111.9327775 33.4135705)",0.000000,0.000000,7.500000,7.500000,7.500000,13.983840,22.499999,0.000000,-nan(ind),18.645121,13.983840,29.999999,22.499999,18.645121,18.645121,18.645121,29.999999,29.999999,29.999999,0.385860,0.000000,18.645,18.645,18.645,18.645,18.645,18.645,-nan(ind),18.645,18.645,18.645,18.645,18.645,
10,177,98,97,0.0000,0.0000,0.0000,-1.0000,1000.0000,0.0000,0.0000,0.1941,0.1941,0.1500,4.0000,1.0000,18.6451,30.0000,0.000000,0.000000,0.000000,0.000000,0.000000,0.000000,"LINESTRING (-111.9306797 33.4127000, -111.9306770 33.4130090, -111.9306767 33.4130436, -111.9306773 33.4130816, -111.9306846 33.4135070, -111.9306875 33.4135387, -111.9307043 33.4135726)",0.000000,0.000000,7.500000,7.500000,7.500000,13.983840,22.499999,0.000000,-nan(ind),18.645121,13.983840,29.999999,22.499999,18.645121,18.645121,18.645121,29.999999,29.999999,29.999999,0.194140,0.000000,18.645,18.645,18.645,18.645,18.645,18.645,-nan(ind),18.645,18.645,18.645,18.645,18.645,
10,178,99,100,0.0000,0.0000,0.0000,-1.0000,1000.0000,0.0000,0.0000,0.3961,0.3961,0.1500,4.0000,1.0000,18.6451,30.0000,0.000000,0.000000,0.000000,0.000000,0.000000,0.000000,"LINESTRING (-111.9228964 33.4220263, -111.9228965 33.4221320, -111.9228968 33.4224269, -111.9228971 33.4227260, -111.9228975 33.4230536, -111.9228981 33.4236505, -111.9228983 33.4238125)",0.000000,0.000000,7.500000,7.500000,7.500000,13.983840,22.499999,0.000000,-nan(ind),18.645121,13.983840,29.999999,22.499999,18.645121,18.645121,18.645121,29.999999,29.999999,29.999999,0.396060,0.000000,18.645,18.645,18.645,18.645,18.645,18.645,-nan(ind),18.645,18.645,18.645,18.645,18.645,
10,179,99,224,0.0000,0.0000,0.0000,-1.0000,3200.0000,0.0000,0.0000,0.1732,0.1732,0.1500,4.0000,1.0000,39.7763,64.0000,0.000000,0.000000,0.000000,0.000000,0.000000,0.000000,"LINESTRING (-111.9228964 33.4220263, -111.9232160 33.4220268, -111.9238397 33.4220263, -111.9240913 33.4220281, -111.9241415 33.4220282, -111.9245690 33.4220289, -111.9245967 33.4220289, -111.9248832 33.4220294)",0.000000,0.000000,7.500000,7.500000,7.500000,29.832195,48.000002,0.000000,-nan(ind),39.776260,29.832195,64.000003,48.000002,39.776260,39.776260,39.776260,64.000003,64.000003,64.000003,0.173166,0.000000,39.776,39.776,39.776,39.776,39.776,39.776,-nan(ind),39.776,39.776,39.776,39.776,39.776,
10,180,99,225,0.0000,0.0000,0.0000,-1.0000,3200.0000,0.0000,0.0000,0.0433,0.0433,0.1500,4.0000,1.0000,28.6886,46.1600,0.000000,0.000000,0.000000,0.000000,0.000000,0.000000,"LINESTRING (-111.9228964 33.4220263, -111.9226440 33.4220242, -111.9224000 33.4220220)",0.000000,0.000000,7.500000,7.500000,7.500000,29.832195,48.000002,0.000000,-nan(ind),39.776260,29.832195,64.000003,48.000002,39.776260,39.776260,39.776260,64.000003,64.000003,64.000003,0.043275,0.000000,39.776,39.776,39.776,39.776,39.776,39.776,-nan(ind),39.776,39.776,39.776,39.776,39.776,
10,181,100,99,0.0000,0.0000,0.0000,-1.0000,1000.0000,0.0000,0.0000,0.3961,0.3961,0.1500,4.0000,1.0000,18.6451,30.0000,0.000000,0.000000,0.000000,0.000000,0.000000,0.000000,"LINESTRING (-111.9228983 33.4238125, -111.9228981 33.4236505, -111.9228975 33.4230536, -111.9228971 33.4227260, -111.9228968 33.4224269, -111.9228965 33.4221320, -111.9228964 33.4220263)",0.000000,0.000000,7.500000,7.500000,7.500000,13.983840,22.499999,0.000000,-nan(ind),18.645121,13.983840,29.999999,22.499999,18.645121,18.645121,18.645121,29.999999,29.999999,29.999999,0.396060,0.000000,18.645,18.645,18.645,18.645,18.645,18.645,-nan(ind),18.645,18.645,18.645,18.645,18.645,
10,182,101,40,0.0000,0.0000,0.0000,-1.0000,1000.0000,0.0000,0.0000,0.0472,0.0472,0.1500,4.0000,1.0000,11.7278,18.8700,0.000000,0.000000,0.000000,0.000000,0.000000,0.000000,"LINESTRING (-111.9366575 33.4176535, -111.9366550 33.4174833)",0.000000,0.000000,7.500000,7.500000,7.500000,11.187073,18.000000,0.000000,-nan(ind),14.916097,11.187073,24.000000,18.000000,14.916097,14.916097,14.916097,24.000000,24.000000,24.000000,0.047175,0.000000,14.916,14.916,14.916,14.916,14.916,14.916,-nan(ind),14.916,14.916,14.916,14.916,14.916,
10,183,101,102,0.0000,0.0000,0.0000,-1.0000,1000.0000,0.0000,0.0000,0.7414,0.7414,0.1500,4.0000,1.0000,14.9161,24.0000,0.000000,0.000000,0.000000,0.000000,0.000000,0.000000,"LINESTRING (-111.9366575 33.4176535, -111.9367917 33.4176523, -111.9381395 33.4176358, -111.9382220 33.4176349, -111.9397493 33.4176184, -111.9397865 33.4176185, -111.9398468 33.4176189)",0.000000,0.000000,7.500000,7.500000,7.500000,11.187073,18.000000,0.000000,-nan(ind),14.916097,11.187073,24.000000,18.000000,14.916097,14.916097,14.916097,24.000000,24.000000,24.000000,0.741375,0.000000,14.916,14.916,14.916,14.916,14.916,14.916,-nan(ind),14.916,14.916,14.916,14.916,14.916,
10,184,102,65,33.3949,0.0000,0.0000,-1.0000,1000.0000,33.3949,0.0334,0.0416,0.0416,0.1500,4.0000,1.0000,10.3294,16.6200,0.344949,0.023126,0.344949,0.023126,0.023226,0.023226,"LINESTRING (-111.9398468 33.4176189, -111.9398778 33.4176221, -111.9399555 33.4176243, -111.9400253 33.4176249)",33.394900,0.033395,7.483303,7.500000,7.516697,11.187069,17.999993,1000.000000,11578402.597453,14.916097,11.187073,24.000000,18.000000,14.791566,14.791564,14.851752,23.799630,23.799626,23.896469,0.041730,0.000000,14.916,14.895,14.873,14.852,14.830,14.809,11.187,14.809,14.830,14.852,14.873,14.895,
10,185,102,197,227.4400,0.0000,0.0000,-1.0000,3600.0000,113.7200,0.0632,0.1482,0.1482,0.1500,4.0000,1.0000,29.8322,48.0000,16.756207,0.561682,16.756207,0.561682,0.566438,0.566438,"LINESTRING (-111.9398468 33.4176189, -111.9398459 33.4177098, -111.9398450 33.4181798, -111.9398450 33.4184391, -111.9398502 33.4186881)",227.440000,0.063178,7.468411,7.500000,7.531589,22.374045,35.999838,1800.000000,5666006.694785,29.832193,22.374145,47.999999,35.999999,29.361010,29.360940,29.581713,47.241866,47.241753,47.596977,0.149430,0.000000,29.832,29.748,29.665,29.581,29.497,29.413,22.374,29.413,29.497,29.581,29.665,29.748,
10,186,103,41,0.0000,0.0000,0.0000,-1.0000,1000.0000,0.0000,0.0000,0.3932,0.3932,0.1500,4.0000,1.0000,14.9161,24.0000,0.000000,0.000000,0.000000,0.000000,0.000000,0.000000,"LINESTRING (-111.9349506 33.4161111, -111.9350462 33.4161097, -111.9352400 33.4161082, -111.9359170 33.4161044, -111.9359828 33.4161084, -111.9360509 33.4161184, -111.9361764 33.4161524, -111.9362434 33.4161713, -111.9362854 33.4161798, -111.9363553 33.4161918, -111.9365009 33.4161980, -111.9366276 33.4162059)",0.000000,0.000000,7.500000,7.500000,7.500000,11.187073,18.000000,0.000000,-nan(ind),14.916097,11.187073,24.000000,18.000000,14.916097,14.916097,14.916097,24.000000,24.000000,24.000000,0.393175,0.000000,14.916,14.916,14.916,14.916,14.916,14.916,-nan(ind),14.916,14.916,14.916,14.916,14.916,
10,187,103,104,0.0000,0.0000,0.0000,-1.0000,1000.0000,0.0000,0.0000,0.3905,0.3905,0.1500,4.0000,1.0000,14.9161,24.0000,0.000000,0.000000,0.000000,0.000000,0.000000,0.000000,"LINESTRING (-111.9349506 33.4161111, -111.9348472 33.4161125, -111.9341510 33.4161148, -111.9338439 33.4161174, -111.9334490 33.4161212, -111.9333800 33.4161208, -111.9332780 33.4160881)",0.000000,0.000000,7.500000,7.500000,7.500000,11.187073,18.000000,0.000000,-nan(ind),14.916097,11.187073,24.000000,18.000000,14.916097,14.916097,14.916097,24.000000,24.000000,24.000000,0.390450,0.000000,14.916,14.916,14.916,14.916,14.916,14.916,-nan(ind),14.916,14.916,14.916,14.916,14.916,
10,188,103,174,0.0000,0.0000,0.0000,-1.0000,1200.0000,0.0000,0.0000,0.1008,0.1008,0.1500,4.0000,1.0000,24.8602,40.0000,0.000000,0.000000,0.000000,0.000000,0.000000,0.000000,"LINESTRING (-111.9349506 33.4161111, -111.9349516 33.4160604, -111.9349490 33.4159047, -111.9349497 33.4156773, -111.9349498 33.4155051)",0.000000,0.000000,7.500000,7.500000,7.500000,18.645121,29.999999,0.000000,-nan(ind),24.860161,18.645121,39.999999,29.999999,24.860161,24.860161,24.860161,39.999999,39.999999,39.999999,0.100785,0.000000,24.860,24.860,24.860,24.860,24.860,24.860,-nan(ind),24.860,24.860,24.860,24.860,24.860,
10,189,104,103,0.0000,0.0000,0.0000,-1.0000,1000.0000,0.0000,0.0000,0.3905,0.3905,0.1500,4.0000,1.0000,14.9161,24.0000,0.000000,0.000000,0.000000,0.000000,0.000000,0.000000,"LINESTRING (-111.9332780 33.4160881, -111.9333800 33.4161208, -111.9334490 33.4161212, -111.9338439 33.4161174, -111.9341510 33.4161148, -111.9348472 33.4161125, -111.9349506 33.4161111)",0.000000,0.000000,7.500000,7.500000,7.500000,11.187073,18.000000,0.000000,-nan(ind),14.916097,11.187073,24.000000,18.000000,14.916097,14.916097,14.916097,24.000000,24.000000,24.000000,0.390450,0.000000,14.916,14.916,14.916,14.916,14.916,14.916,-nan(ind),14.916,14.916,14.916,14.916,14.916,
10,190,104,145,0.0000,0.0000,0.0000,-1.0000,1000.0000,0.0000,0.0000,0.3524,0.3524,0.1500,4.0000,1.0000,18.6451,30.0000,0.000000,0.000000,0.000000,0.000000,0.000000,0.000000,"LINESTRING (-111.9332780 33.4160881, -111.9332768 33.4160150, -111.9332636 33.4151942, -111.9332559 33.4151418, -111.9332413 33.4150997, -111.9332026 33.4150520, -111.9331283 33.4150215, -111.9330784 33.4150093, -111.9329104 33.4150107, -111.9328729 33.4150034, -111.9328365 33.4149747, -111.9328196 33.4149251, -111.9328110 33.4148640, -111.9328050 33.4147645)",0.000000,0.000000,7.500000,7.500000,7.500000,13.983840,22.499999,0.000000,-nan(ind),18.645121,13.983840,29.999999,22.499999,18.645121,18.645121,18.645121,29.999999,29.999999,29.999999,0.352360,0.000000,18.645,18.645,18.645,18.645,18.645,18.645,-nan(ind),18.645,18.645,18.645,18.645,18.645,
10,191,105,56,0.0000,0.0000,0.0000,-1.0000,1000.0000,0.0000,0.0000,0.3237,0.3237,0.1500,4.0000,1.0000,18.6451,30.0000,0.000000,0.000000,0.000000,0.000000,0.000000,0.000000,"LINESTRING (-111.9411894 33.4147443, -111.9412050 33.4162040)",0.000000,0.000000,7.500000,7.500000,7.500000,13.983840,22.499999,0.000000,-nan(ind),18.645121,13.983840,29.999999,22.499999,18.645121,18.645121,18.645121,29.999999,29.999999,29.999999,0.323680,0.000000,18.645,18.645,18.645,18.645,18.645,18.645,-nan(ind),18.645,18.645,18.645,18.645,18.645,
10,192,105,76,0.0000,0.0000,0.0000,-1.0000,1000.0000,0.0000,0.0000,0.0508,0.0508,0.1500,4.0000,1.0000,21.0379,33.8500,0.000000,0.000000,0.000000,0.000000,0.000000,0.000000,"LINESTRING (-111.9411894 33.4147443, -111.9409804 33.4147446, -111.9408253 33.4147456)",0.000000,0.000000,7.500000,7.500000,7.500000,18.645121,29.999999,0.000000,-nan(ind),24.860161,18.645121,39.999999,29.999999,24.860161,24.860161,24.860161,39.999999,39.999999,39.999999,0.050775,0.000000,24.860,24.860,24.860,24.860,24.860,24.860,-nan(ind),24.860,24.860,24.860,24.860,24.860,
10,193,105,106,0.0000,0.0000,0.0000,-1.0000,1000.0000,0.0000,0.0000,0.1689,0.1689,0.1500,4.0000,1.0000,24.8602,40.0000,0.000000,0.000000,0.000000,0.000000,0.000000,0.000000,"LINESTRING (-111.9411894 33.4147443, -111.9418209 33.4147362, -111.9424000 33.4147285)",0.000000,0.000000,7.500000,7.500000,7.500000,18.645121,29.999999,0.000000,-nan(ind),24.860161,18.645121,39.999999,29.999999,24.860161,24.860161,24.860161,39.999999,39.999999,39.999999,0.168855,0.000000,24.860,24.860,24.860,24.860,24.860,24.860,-nan(ind),24.860,24.860,24.860,24.860,24.860,
10,194,106,105,0.0000,0.0000,0.0000,-1.0000,1000.0000,0.0000,0.0000,0.1689,0.1689,0.1500,4.0000,1.0000,24.8602,40.0000,0.000000,0.000000,0.000000,0.000000,0.000000,0.000000,"LINESTRING (-111.9424000 33.4147285, -111.9418209 33.4147362, -111.9411894 33.4147443)",0.000000,0.000000,7.500000,7.500000,7.500000,18.645121,29.999999,0.000000,-nan(ind),24.860161,18.645121,39.999999,29.999999,24.860161,24.860161,24.860161,39.999999,39.999999,39.999999,0.168855,0.000000,24.860,24.860,24.860,24.860,24.860,24.860,-nan(ind),24.860,24.860,24.860,24.860,24.860,
10,195,107,64,49.4535,0.0000,0.0000,-1.0000,1000.0000,49.4535,0.0495,0.1397,0.1397,0.1500,4.0000,1.0000,24.8601,40.0000,2.863016,0.115165,2.863016,0.115165,0.115917,0.115917,"LINESTRING (-111.9366651 33.4223635, -111.9366668 33.4224568, -111.9366642 33.4225993, -111.9366654 33.4230893, -111.9366651 33.4232037)",49.453500,0.049454,7.475273,7.500000,7.524727,18.645089,29.999949,1000.000000,7994157.176320,24.860161,18.645121,39.999999,29.999999,24.552805,24.552783,24.698882,39.505464,39.505428,39.740501,0.140637,0.000000,24.860,24.806,24.752,24.698,24.645,24.591,18.645,24.591,24.645,24.698,24.752,24.806,
10,196,107,354,30.8751,0.0000,0.0000,-1.0000,1000.0000,30.8751,0.0309,0.0619,0.0619,0.1500,4.0000,1.0000,24.8602,40.0000,0.792314,0.031871,0.792314,0.031871,0.031998,0.031998,"LINESTRING (-111.9366651 33.4223635, -111.9366620 33.4220574, -111.9366619 33.4219911)",30.875100,0.030875,7.484562,7.500000,7.515438,18.645116,29.999991,1000.000000,23667673.268894,24.860161,18.645121,39.999999,29.999999,24.668271,24.668267,24.761253,39.691248,39.691242,39.840857,0.062182,0.000000,24.860,24.827,24.794,24.761,24.728,24.695,18.645,24.695,24.728,24.761,24.794,24.827,
10,197,108,109,0.0000,0.0000,0.0000,-1.0000,1000.0000,0.0000,0.0000,0.0856,0.0856,0.1500,4.0000,1.0000,18.6451,30.0000,0.000000,0.000000,0.000000,0.000000,0.000000,0.000000,"LINESTRING (-111.9366784 33.4212889, -111.9367022 33.4212782, -111.9367202 33.4212614, -111.9367302 33.4212404, -111.9367311 33.4212179, -111.9367228 33.4211964, -111.9367062 33.4211786, -111.9366833 33.4211666, -111.9366569 33.4211618, -111.9366313 33.4211646, -111.9366081 33.4211741, -111.9365899 33.4211894, -111.9365787 33.4212089, -111.9365757 33.4212303, -111.9365803 33.4212493, -111.9365914 33.4212664, -111.9366081 33.4212799, -111.9366288 33.4212888, -111.9366517 33.4212922)",0.000000,0.000000,7.500000,7.500000,7.500000,13.983840,22.499999,0.000000,-nan(ind),18.645121,13.983840,29.999999,22.499999,18.645121,18.645121,18.645121,29.999999,29.999999,29.999999,0.085640,0.000000,18.645,18.645,18.645,18.645,18.645,18.645,-nan(ind),18.645,18.645,18.645,18.645,18.645,
10,198,109,108,0.0000,0.0000,0.0000,-1.0000,1000.0000,0.0000,0.0000,0.0050,0.0050,0.1500,4.0000,1.0000,1.5600,2.5100,0.000000,0.000000,0.000000,0.000000,0.000000,0.000000,"LINESTRING (-111.9366517 33.4212922, -111.9366784 33.4212889)",0.000000,0.000000,7.500000,7.500000,7.500000,13.983840,22.499999,0.000000,-nan(ind),18.645121,13.983840,29.999999,22.499999,18.645121,18.645121,18.645121,29.999999,29.999999,29.999999,0.005020,0.000000,18.645,18.645,18.645,18.645,18.645,18.645,-nan(ind),18.645,18.645,18.645,18.645,18.645,
10,199,109,354,0.0000,0.0000,0.0000,-1.0000,1000.0000,0.0000,0.0000,0.1026,0.1026,0.1500,4.0000,1.0000,24.8602,40.0000,0.000000,0.000000,0.000000,0.000000,0.000000,0.000000,"LINESTRING (-111.9366517 33.4212922, -111.9366610 33.4218453, -111.9366614 33.4219091)",0.000000,0.000000,7.500000,7.500000,7.500000,18.645121,29.999999,0.000000,-nan(ind),24.860161,18.645121,39.999999,29.999999,24.860161,24.860161,24.860161,39.999999,39.999999,39.999999,0.102600,0.000000,24.860,24.860,24.860,24.860,24.860,24.860,-nan(ind),24.860,24.860,24.860,24.860,24.860,
10,200,110,111,0.0000,0.0000,0.0000,-1.0000,1000.0000,0.0000,0.0000,0.0344,0.0344,0.1500,4.0000,1.0000,10.6961,17.2100,0.000000,0.000000,0.000000,0.000000,0.000000,0.000000,"LINESTRING (-111.9400290 33.4174558, -111.9399531 33.4174545, -111.9398726 33.4174547, -111.9398439 33.4174549)",0.000000,0.000000,7.500000,7.500000,7.500000,13.983840,22.499999,0.000000,-nan(ind),18.645121,13.983840,29.999999,22.499999,18.645121,18.645121,18.645121,29.999999,29.999999,29.999999,0.034420,0.000000,18.645,18.645,18.645,18.645,18.645,18.645,-nan(ind),18.645,18.645,18.645,18.645,18.645,
10,201,110,196,170.6535,0.0000,0.0000,-1.0000,5400.0000,56.8845,0.0316,0.0039,0.0039,0.1500,4.0000,1.0000,1.9204,3.0900,0.327731,0.010986,0.327731,0.010986,0.011031,0.011031,"LINESTRING (-111.9400290 33.4174558, -111.9400269 33.4174280)",170.653500,0.031602,7.484199,7.500000,7.515801,22.374139,35.999989,1800.000000,2419143.868709,29.832193,22.374145,47.999999,35.999999,29.596500,29.596496,29.710623,47.620769,47.620762,47.804392,0.003878,0.000000,29.832,29.792,29.751,29.711,29.670,29.629,22.374,29.629,29.670,29.711,29.751,29.792,
10,202,111,40,0.0000,0.0000,0.0000,-1.0000,1000.0000,0.0000,0.0000,0.5930,0.5930,0.1500,4.0000,1.0000,18.6451,30.0000,0.000000,0.000000,0.000000,0.000000,0.000000,0.000000,"LINESTRING (-111.9398439 33.4174549, -111.9397819 33.4174542, -111.9396173 33.4174516, -111.9394931 33.4174529, -111.9383210 33.4174654, -111.9382156 33.4174665, -111.9381365 33.4174674, -111.9380448 33.4174661, -111.9367882 33.4174799, -111.9366550 33.4174833)",0.000000,0.000000,7.500000,7.500000,7.500000,13.983840,22.499999,0.000000,-nan(ind),18.645121,13.983840,29.999999,22.499999,18.645121,18.645121,18.645121,29.999999,29.999999,29.999999,0.593020,0.000000,18.645,18.645,18.645,18.645,18.645,18.645,-nan(ind),18.645,18.645,18.645,18.645,18.645,
10,203,111,102,260.8349,0.0000,0.0000,-1.0000,3600.0000,130.4175,0.0725,0.0136,0.0136,0.1500,4.0000,1.0000,11.2989,18.1800,2.947159,0.059275,2.947159,0.059275,0.059856,0.059856,"LINESTRING (-111.9398439 33.4174549, -111.9398468 33.4176189)",260.834900,0.072454,7.463773,7.500000,7.536227,37.289952,59.999533,1800.000000,299137.392621,49.720322,37.290241,79.999998,59.999998,48.819711,48.819509,49.237375,78.550915,78.550590,79.222937,0.013769,0.000000,49.720,49.558,49.397,49.235,49.073,48.911,37.290,48.911,49.073,49.235,49.397,49.558,
10,204,115,358,123.6343,0.0000,0.0000,-1.0000,3600.0000,61.8171,0.0343,0.0278,0.0278,0.1500,4.0000,1.0000,13.8222,22.2400,1.708904,0.057284,1.708904,0.057284,0.057539,0.057539,"LINESTRING (-111.9399540 33.4229880, -111.9399581 33.4231886)",123.634300,0.034343,7.482829,7.500000,7.517171,22.374136,35.999985,1800.000000,12457972.412963,29.832193,22.374145,47.999999,35.999999,29.576063,29.576056,29.699730,47.587885,47.587875,47.786865,0.027924,0.000000,29.832,29.788,29.744,29.700,29.655,29.611,22.374,29.611,29.655,29.700,29.744,29.788,
10,205,119,271,0.0000,0.0000,0.0000,-1.0000,5400.0000,0.0000,0.0000,0.0968,0.0968,0.1500,4.0000,1.0000,34.8042,56.0000,0.000000,0.000000,0.000000,0.000000,0.000000,0.000000,"LINESTRING (-111.9262149 33.4275095, -111.9262129 33.4280488, -111.9262833 33.4283177)",0.000000,0.000000,7.500000,7.500000,7.500000,26.103169,42.000000,0.000000,-nan(ind),34.804226,26.103169,56.000000,42.000000,34.804226,34.804226,34.804226,56.000000,56.000000,56.000000,0.096761,0.000000,34.804,34.804,34.804,34.804,34.804,34.804,-nan(ind),34.804,34.804,34.804,34.804,34.804,
10,206,120,121,0.0000,0.0000,0.0000,-1.0000,5400.0000,0.0000,0.0000,0.0568,0.0568,0.1500,4.0000,1.0000,32.9459,53.0100,0.000000,0.000000,0.000000,0.000000,0.000000,0.000000,"LINESTRING (-111.9262855 33.4290006, -111.9262931 33.4294787)",0.000000,0.000000,7.500000,7.500000,7.500000,26.103169,42.000000,0.000000,-nan(ind),34.804226,26.103169,56.000000,42.000000,34.804226,34.804226,34.804226,56.000000,56.000000,56.000000,0.056796,0.000000,34.804,34.804,34.804,34.804,34.804,34.804,-nan(ind),34.804,34.804,34.804,34.804,34.804,
10,207,120,369,0.0000,0.0000,0.0000,-1.0000,7200.0000,0.0000,0.0000,0.0125,0.0125,0.1500,4.0000,1.0000,7.2281,11.6300,0.000000,0.000000,0.000000,0.000000,0.000000,0.000000,"LINESTRING (-111.9262855 33.4290006, -111.9262849 33.4289636, -111.9262837 33.4288957)",0.000000,0.000000,7.500000,7.500000,7.500000,26.103169,42.000000,0.000000,-nan(ind),34.804226,26.103169,56.000000,42.000000,34.804226,34.804226,34.804226,56.000000,56.000000,56.000000,0.012461,0.000000,34.804,34.804,34.804,34.804,34.804,34.804,-nan(ind),34.804,34.804,34.804,34.804,34.804,
10,208,121,74,0.0000,0.0000,0.0000,-1.0000,5400.0000,0.0000,0.0000,0.0431,0.0431,0.1500,4.0000,1.0000,24.9845,40.2000,0.000000,0.000000,0.000000,0.000000,0.000000,0.000000,"LINESTRING (-111.9262931 33.4294787, -111.9262890 33.4298413)",0.000000,0.000000,7.500000,7.500000,7.500000,26.103169,42.000000,0.000000,-nan(ind),34.804226,26.103169,56.000000,42.000000,34.804226,34.804226,34.804226,56.000000,56.000000,56.000000,0.043071,0.000000,34.804,34.804,34.804,34.804,34.804,34.804,-nan(ind),34.804,34.804,34.804,34.804,34.804,
10,209,121,120,0.0000,0.0000,0.0000,-1.0000,7200.0000,0.0000,0.0000,0.0568,0.0568,0.1500,4.0000,1.0000,32.9459,53.0100,0.000000,0.000000,0.000000,0.000000,0.000000,0.000000,"LINESTRING (-111.9262931 33.4294787, -111.9262855 33.4290006)",0.000000,0.000000,7.500000,7.500000,7.500000,26.103169,42.000000,0.000000,-nan(ind),34.804226,26.103169,56.000000,42.000000,34.804226,34.804226,34.804226,56.000000,56.000000,56.000000,0.056796,0.000000,34.804,34.804,34.804,34.804,34.804,34.804,-nan(ind),34.804,34.804,34.804,34.804,34.804,
10,210,123,124,0.0000,0.0000,0.0000,-1.0000,5400.0000,0.0000,0.0000,0.1350,0.1350,0.1500,4.0000,1.0000,34.8042,56.0000,0.000000,0.000000,0.000000,0.000000,0.000000,0.000000,"LINESTRING (-111.9263882 33.4238834, -111.9263941 33.4233419, -111.9263983 33.4230018, -111.9264012 33.4227473)",0.000000,0.000000,7.500000,7.500000,7.500000,26.103169,42.000000,0.000000,-nan(ind),34.804226,26.103169,56.000000,42.000000,34.804226,34.804226,34.804226,56.000000,56.000000,56.000000,0.134957,0.000000,34.804,34.804,34.804,34.804,34.804,34.804,-nan(ind),34.804,34.804,34.804,34.804,34.804,
10,211,123,125,0.0000,0.0000,0.0000,-1.0000,1800.0000,0.0000,0.0000,0.0488,0.0488,0.1500,4.0000,1.0000,40.3978,65.0000,0.000000,0.000000,0.000000,0.000000,0.000000,0.000000,"LINESTRING (-111.9263882 33.4238834, -111.9263051 33.4237541, -111.9263051 33.4234101, -111.9262287 33.4233394)",0.000000,0.000000,7.500000,7.500000,7.500000,37.290241,59.999998,0.000000,-nan(ind),49.720322,37.290241,79.999998,59.999998,49.720322,49.720322,49.720322,79.999998,79.999998,79.999998,0.048750,0.000000,49.720,49.720,49.720,49.720,49.720,49.720,-nan(ind),49.720,49.720,49.720,49.720,49.720,
10,212,124,368,0.0000,0.0000,0.0000,-1.0000,9000.0000,0.0000,0.0000,0.0855,0.0855,0.1500,4.0000,1.0000,34.8042,56.0000,0.000000,0.000000,0.000000,0.000000,0.000000,0.000000,"LINESTRING (-111.9264012 33.4227473, -111.9264080 33.4221502, -111.9264076 33.4220275)",0.000000,0.000000,7.500000,7.500000,7.500000,26.103169,42.000000,0.000000,-nan(ind),34.804226,26.103169,56.000000,42.000000,34.804226,34.804226,34.804226,56.000000,56.000000,56.000000,0.085511,0.000000,34.804,34.804,34.804,34.804,34.804,34.804,-nan(ind),34.804,34.804,34.804,34.804,34.804,
10,213,125,126,0.0000,0.0000,0.0000,-1.0000,1800.0000,0.0000,0.0000,0.0237,0.0237,0.1500,4.0000,1.0000,19.6457,31.6100,0.000000,0.000000,0.000000,0.000000,0.000000,0.000000,"LINESTRING (-111.9262287 33.4233394, -111.9261044 33.4233397, -111.9258887 33.4233401)",0.000000,0.000000,7.500000,7.500000,7.500000,37.290241,59.999998,0.000000,-nan(ind),49.720322,37.290241,79.999998,59.999998,49.720322,49.720322,49.720322,79.999998,79.999998,79.999998,0.023708,0.000000,49.720,49.720,49.720,49.720,49.720,49.720,-nan(ind),49.720,49.720,49.720,49.720,49.720,
10,214,125,284,0.0000,0.0000,0.0000,-1.0000,5400.0000,0.0000,0.0000,0.0565,0.0565,0.1500,4.0000,1.0000,32.7595,52.7100,0.000000,0.000000,0.000000,0.000000,0.000000,0.000000,"LINESTRING (-111.9262287 33.4233394, -111.9262262 33.4238148)",0.000000,0.000000,7.500000,7.500000,7.500000,26.103169,42.000000,0.000000,-nan(ind),34.804226,26.103169,56.000000,42.000000,34.804226,34.804226,34.804226,56.000000,56.000000,56.000000,0.056475,0.000000,34.804,34.804,34.804,34.804,34.804,34.804,-nan(ind),34.804,34.804,34.804,34.804,34.804,
10,215,126,284,0.0000,0.0000,0.0000,-1.0000,1800.0000,0.0000,0.0000,0.0504,0.0504,0.1500,4.0000,1.0000,41.7775,67.2200,0.000000,0.000000,0.000000,0.000000,0.000000,0.000000,"LINESTRING (-111.9258887 33.4233401, -111.9260707 33.4234024, -111.9261044 33.4234305, -111.9261240 33.4234469, -111.9261565 33.4235246, -111.9262262 33.4238148)",0.000000,0.000000,7.500000,7.500000,7.500000,37.290241,59.999998,0.000000,-nan(ind),49.720322,37.290241,79.999998,59.999998,49.720322,49.720322,49.720322,79.999998,79.999998,79.999998,0.050415,0.000000,49.720,49.720,49.720,49.720,49.720,49.720,-nan(ind),49.720,49.720,49.720,49.720,49.720,
10,216,127,125,0.0000,0.0000,0.0000,-1.0000,5400.0000,0.0000,0.0000,0.0598,0.0598,0.1500,4.0000,1.0000,34.7110,55.8500,0.000000,0.000000,0.000000,0.000000,0.000000,0.000000,"LINESTRING (-111.9262331 33.4228357, -111.9262287 33.4233394)",0.000000,0.000000,7.500000,7.500000,7.500000,26.103169,42.000000,0.000000,-nan(ind),34.804226,26.103169,56.000000,42.000000,34.804226,34.804226,34.804226,56.000000,56.000000,56.000000,0.059839,0.000000,34.804,34.804,34.804,34.804,34.804,34.804,-nan(ind),34.804,34.804,34.804,34.804,34.804,
10,217,127,126,0.0000,0.0000,0.0000,-1.0000,1800.0000,0.0000,0.0000,0.0532,0.0532,0.1500,4.0000,1.0000,44.0895,70.9400,0.000000,0.000000,0.000000,0.000000,0.000000,0.000000,"LINESTRING (-111.9262331 33.4228357, -111.9261491 33.4231604, -111.9261240 33.4232382, -111.9261082 33.4232518, -111.9260663 33.4232876, -111.9258887 33.4233401)",0.000000,0.000000,7.500000,7.500000,7.500000,37.290241,59.999998,0.000000,-nan(ind),49.720322,37.290241,79.999998,59.999998,49.720322,49.720322,49.720322,79.999998,79.999998,79.999998,0.053205,0.000000,49.720,49.720,49.720,49.720,49.720,49.720,-nan(ind),49.720,49.720,49.720,49.720,49.720,
10,218,128,129,0.0000,0.0000,0.0000,-1.0000,3200.0000,0.0000,0.0000,0.1066,0.1066,0.1500,4.0000,1.0000,34.8042,56.0000,0.000000,0.000000,0.000000,0.000000,0.000000,0.000000,"LINESTRING (-111.9424000 33.4293505, -111.9423742 33.4293605, -111.9423052 33.4293832, -111.9422330 33.4294013, -111.9421561 33.4294096, -111.9417009 33.4294155, -111.9414991 33.4294319, -111.9413440 33.4294485)",0.000000,0.000000,7.500000,7.500000,7.500000,26.103169,42.000000,0.000000,-nan(ind),34.804226,26.103169,56.000000,42.000000,34.804226,34.804226,34.804226,56.000000,56.000000,56.000000,0.106554,0.000000,34.804,34.804,34.804,34.804,34.804,34.804,-nan(ind),34.804,34.804,34.804,34.804,34.804,
10,219,129,130,0.0000,0.0000,0.0000,-1.0000,3200.0000,0.0000,0.0000,0.0662,0.0662,0.1500,4.0000,1.0000,34.8042,56.0000,0.000000,0.000000,0.000000,0.000000,0.000000,0.000000,"LINESTRING (-111.9413440 33.4294485, -111.9412177 33.4294583, -111.9406832 33.4295107)",0.000000,0.000000,7.500000,7.500000,7.500000,26.103169,42.000000,0.000000,-nan(ind),34.804226,26.103169,56.000000,42.000000,34.804226,34.804226,34.804226,56.000000,56.000000,56.000000,0.066236,0.000000,34.804,34.804,34.804,34.804,34.804,34.804,-nan(ind),34.804,34.804,34.804,34.804,34.804,
10,220,130,363,0.0000,0.0000,0.0000,-1.0000,4800.0000,0.0000,0.0000,0.0598,0.0598,0.1500,4.0000,1.0000,34.6675,55.7800,0.000000,0.000000,0.000000,0.000000,0.000000,0.000000,"LINESTRING (-111.9406832 33.4295107, -111.9401777 33.4295590, -111.9400872 33.4295692)",0.000000,0.000000,7.500000,7.500000,7.500000,26.103169,42.000000,0.000000,-nan(ind),34.804226,26.103169,56.000000,42.000000,34.804226,34.804226,34.804226,56.000000,56.000000,56.000000,0.059764,0.000000,34.804,34.804,34.804,34.804,34.804,34.804,-nan(ind),34.804,34.804,34.804,34.804,34.804,
10,221,131,132,0.0000,0.0000,0.0000,-1.0000,1600.0000,0.0000,0.0000,0.0328,0.0328,0.1500,4.0000,1.0000,19.0305,30.6200,0.000000,0.000000,0.000000,0.000000,0.000000,0.000000,"LINESTRING (-111.9420775 33.4295382, -111.9421438 33.4295286, -111.9422238 33.4295199, -111.9423924 33.4294854, -111.9424000 33.4294836)",0.000000,0.000000,7.500000,7.500000,7.500000,26.103169,42.000000,0.000000,-nan(ind),34.804226,26.103169,56.000000,42.000000,34.804226,34.804226,34.804226,56.000000,56.000000,56.000000,0.032807,0.000000,34.804,34.804,34.804,34.804,34.804,34.804,-nan(ind),34.804,34.804,34.804,34.804,34.804,
10,222,133,129,0.0000,0.0000,0.0000,-1.0000,1600.0000,0.0000,0.0000,0.0462,0.0462,0.1500,4.0000,1.0000,28.7011,46.1800,0.000000,0.000000,0.000000,0.000000,0.000000,0.000000,"LINESTRING (-111.9409154 33.4295990, -111.9409616 33.4295636, -111.9410033 33.4295322, -111.9412737 33.4295050, -111.9413021 33.4294995, -111.9413273 33.4294836, -111.9413440 33.4294485)",0.000000,0.000000,7.500000,7.500000,7.500000,27.967681,44.999999,0.000000,-nan(ind),37.290241,27.967681,59.999998,44.999999,37.290241,37.290241,37.290241,59.999998,59.999998,59.999998,0.046180,0.000000,37.290,37.290,37.290,37.290,37.290,37.290,-nan(ind),37.290,37.290,37.290,37.290,37.290,
10,223,133,261,0.0000,0.0000,0.0000,-1.0000,3200.0000,0.0000,0.0000,0.0869,0.0869,0.1500,4.0000,1.0000,34.8042,56.0000,0.000000,0.000000,0.000000,0.000000,0.000000,0.000000,"LINESTRING (-111.9409154 33.4295990, -111.9412764 33.4295614, -111.9415022 33.4295422, -111.9417837 33.4295365)",0.000000,0.000000,7.500000,7.500000,7.500000,26.103169,42.000000,0.000000,-nan(ind),34.804226,26.103169,56.000000,42.000000,34.804226,34.804226,34.804226,56.000000,56.000000,56.000000,0.086882,0.000000,34.804,34.804,34.804,34.804,34.804,34.804,-nan(ind),34.804,34.804,34.804,34.804,34.804,
10,224,134,70,0.0000,0.0000,0.0000,-1.0000,1600.0000,0.0000,0.0000,0.0350,0.0350,0.1500,4.0000,1.0000,21.7402,34.9800,0.000000,0.000000,0.000000,0.000000,0.000000,0.000000,"LINESTRING (-111.9350596 33.4303286, -111.9350753 33.4302759, -111.9350814 33.4302568, -111.9350755 33.4302282, -111.9350650 33.4302004, -111.9349285 33.4300573)",0.000000,0.000000,7.500000,7.500000,7.500000,27.967681,44.999999,0.000000,-nan(ind),37.290241,27.967681,59.999998,44.999999,37.290241,37.290241,37.290241,59.999998,59.999998,59.999998,0.034980,0.000000,37.290,37.290,37.290,37.290,37.290,37.290,-nan(ind),37.290,37.290,37.290,37.290,37.290,
10,225,134,256,0.0000,0.0000,0.0000,-1.0000,3200.0000,0.0000,0.0000,0.0770,0.0770,0.1500,4.0000,1.0000,34.8042,56.0000,0.000000,0.000000,0.000000,0.000000,0.000000,0.000000,"LINESTRING (-111.9350596 33.4303286, -111.9351938 33.4303975, -111.9354594 33.4305099, -111.9357552 33.4306078)",0.000000,0.000000,7.500000,7.500000,7.500000,26.103169,42.000000,0.000000,-nan(ind),34.804226,26.103169,56.000000,42.000000,34.804226,34.804226,34.804226,56.000000,56.000000,56.000000,0.076982,0.000000,34.804,34.804,34.804,34.804,34.804,34.804,-nan(ind),34.804,34.804,34.804,34.804,34.804,
10,226,137,343,0.0000,0.0000,0.0000,-1.0000,1000.0000,0.0000,0.0000,0.0855,0.0855,0.1500,4.0000,1.0000,18.6451,30.0000,0.000000,0.000000,0.000000,0.000000,0.000000,0.000000,"LINESTRING (-111.9392663 33.4243488, -111.9392530 33.4243181, -111.9392280 33.4242929, -111.9391942 33.4242763, -111.9391558 33.4242701, -111.9391171 33.4242752, -111.9390827 33.4242909, -111.9390568 33.4243154, -111.9390422 33.4243457, -111.9390408 33.4243784, -111.9390514 33.4244073, -111.9390722 33.4244319, -111.9391012 33.4244499)",0.000000,0.000000,7.500000,7.500000,7.500000,13.983840,22.499999,0.000000,-nan(ind),18.645121,13.983840,29.999999,22.499999,18.645121,18.645121,18.645121,29.999999,29.999999,29.999999,0.085500,0.000000,18.645,18.645,18.645,18.645,18.645,18.645,-nan(ind),18.645,18.645,18.645,18.645,18.645,
10,227,137,349,0.0000,0.0000,0.0000,-1.0000,1000.0000,0.0000,0.0000,0.0957,0.0957,0.1500,4.0000,1.0000,24.8602,40.0000,0.000000,0.000000,0.000000,0.000000,0.000000,0.000000,"LINESTRING (-111.9392663 33.4243488, -111.9398330 33.4243454, -111.9399523 33.4243448)",0.000000,0.000000,7.500000,7.500000,7.500000,18.645121,29.999999,0.000000,-nan(ind),24.860161,18.645121,39.999999,29.999999,24.860161,24.860161,24.860161,39.999999,39.999999,39.999999,0.095670,0.000000,24.860,24.860,24.860,24.860,24.860,24.860,-nan(ind),24.860,24.860,24.860,24.860,24.860,
10,228,138,139,30.3032,0.0000,0.0000,-1.0000,1000.0000,30.3032,0.0303,0.1419,0.1419,0.1500,4.0000,1.0000,18.6451,30.0000,1.336053,0.071657,1.336053,0.071657,0.071938,0.071938,"LINESTRING (-111.9412513 33.4261270, -111.9412751 33.4259829, -111.9412734 33.4255894, -111.9412736 33.4254885)",30.303200,0.030303,7.484848,7.500000,7.515152,13.983837,22.499994,1000.000000,58453932.208763,18.645121,13.983840,29.999999,22.499999,18.503869,18.503867,18.572355,29.772725,29.772721,29.882918,0.142436,0.000000,18.645,18.621,18.597,18.572,18.548,18.524,13.984,18.524,18.548,18.572,18.597,18.621,
10,229,139,138,0.0000,0.0000,0.0000,-1.0000,1000.0000,0.0000,0.0000,0.1419,0.1419,0.1500,4.0000,1.0000,18.6451,30.0000,0.000000,0.000000,0.000000,0.000000,0.000000,0.000000,"LINESTRING (-111.9412736 33.4254885, -111.9412734 33.4255894, -111.9412751 33.4259829, -111.9412513 33.4261270)",0.000000,0.000000,7.500000,7.500000,7.500000,13.983840,22.499999,0.000000,-nan(ind),18.645121,13.983840,29.999999,22.499999,18.645121,18.645121,18.645121,29.999999,29.999999,29.999999,0.141880,0.000000,18.645,18.645,18.645,18.645,18.645,18.645,-nan(ind),18.645,18.645,18.645,18.645,18.645,
10,230,139,165,0.0000,0.0000,0.0000,-1.0000,1000.0000,0.0000,0.0000,0.1309,0.1309,0.1500,4.0000,1.0000,29.8322,48.0000,0.000000,0.000000,0.000000,0.000000,0.000000,0.000000,"LINESTRING (-111.9412736 33.4254885, -111.9424000 33.4254850)",0.000000,0.000000,7.500000,7.500000,7.500000,22.374145,35.999999,0.000000,-nan(ind),29.832193,22.374145,47.999999,35.999999,29.832193,29.832193,29.832193,47.999999,47.999999,47.999999,0.130900,0.000000,29.832,29.832,29.832,29.832,29.832,29.832,-nan(ind),29.832,29.832,29.832,29.832,29.832,
10,231,139,366,30.3032,0.0000,0.0000,-1.0000,1000.0000,30.3032,0.0303,0.1387,0.1387,0.1500,4.0000,1.0000,29.8322,48.0000,2.090337,0.070070,2.090337,0.070070,0.070344,0.070344,"LINESTRING (-111.9412736 33.4254885, -111.9411959 33.4254872, -111.9406267 33.4254920, -111.9400797 33.4254922)",30.303200,0.030303,7.484848,7.500000,7.515152,22.374140,35.999991,1000.000000,57159235.382805,29.832193,22.374145,47.999999,35.999999,29.606191,29.606187,29.715768,47.636361,47.636355,47.812670,0.139281,0.000000,29.832,29.793,29.755,29.716,29.677,29.638,22.374,29.638,29.677,29.716,29.755,29.793,
10,232,140,362,0.0000,0.0000,0.0000,-1.0000,1000.0000,0.0000,0.0000,0.3258,0.3258,0.1500,4.0000,1.0000,24.8602,40.0000,0.000000,0.000000,0.000000,0.000000,0.000000,0.000000,"LINESTRING (-111.9424000 33.4274083, -111.9422487 33.4273804, -111.9420474 33.4273706, -111.9415120 33.4273775, -111.9401590 33.4273839, -111.9400679 33.4273849)",0.000000,0.000000,7.500000,7.500000,7.500000,18.645121,29.999999,0.000000,-nan(ind),24.860161,18.645121,39.999999,29.999999,24.860161,24.860161,24.860161,39.999999,39.999999,39.999999,0.325755,0.000000,24.860,24.860,24.860,24.860,24.860,24.860,-nan(ind),24.860,24.860,24.860,24.860,24.860,
10,233,142,339,0.0000,0.0000,0.0000,-1.0000,3200.0000,0.0000,0.0000,0.0098,0.0098,0.1500,4.0000,1.0000,6.1156,9.8400,0.000000,0.000000,0.000000,0.000000,0.000000,0.000000,"LINESTRING (-111.9339909 33.4220122, -111.9339885 33.4219235)",0.000000,0.000000,7.500000,7.500000,7.500000,27.967681,44.999999,0.000000,-nan(ind),37.290241,27.967681,59.999998,44.999999,37.290241,37.290241,37.290241,59.999998,59.999998,59.999998,0.009840,0.000000,37.290,37.290,37.290,37.290,37.290,37.290,-nan(ind),37.290,37.290,37.290,37.290,37.290,
10,234,142,355,0.0000,0.0000,0.0000,-1.0000,3200.0000,0.0000,0.0000,0.0974,0.0974,0.1500,4.0000,1.0000,34.8042,56.0000,0.000000,0.000000,0.000000,0.000000,0.000000,0.000000,"LINESTRING (-111.9339909 33.4220122, -111.9348546 33.4220008, -111.9349691 33.4220021)",0.000000,0.000000,7.500000,7.500000,7.500000,26.103169,42.000000,0.000000,-nan(ind),34.804226,26.103169,56.000000,42.000000,34.804226,34.804226,34.804226,56.000000,56.000000,56.000000,0.097446,0.000000,34.804,34.804,34.804,34.804,34.804,34.804,-nan(ind),34.804,34.804,34.804,34.804,34.804,
10,235,143,144,0.0000,0.0000,0.0000,-1.0000,3600.0000,0.0000,0.0000,0.0626,0.0626,0.1500,4.0000,1.0000,29.8322,48.0000,0.000000,0.000000,0.000000,0.000000,0.000000,0.000000,"LINESTRING (-111.9399703 33.4297456, -111.9399734 33.4300281, -111.9399748 33.4301976)",0.000000,0.000000,7.500000,7.500000,7.500000,22.374145,35.999999,0.000000,-nan(ind),29.832193,22.374145,47.999999,35.999999,29.832193,29.832193,29.832193,47.999999,47.999999,47.999999,0.062638,0.000000,29.832,29.832,29.832,29.832,29.832,29.832,-nan(ind),29.832,29.832,29.832,29.832,29.832,
10,236,144,327,0.0000,0.0000,0.0000,-1.0000,3600.0000,0.0000,0.0000,0.1393,0.1393,0.1500,4.0000,1.0000,29.8322,48.0000,0.000000,0.000000,0.000000,0.000000,0.000000,0.000000,"LINESTRING (-111.9399748 33.4301976, -111.9399799 33.4304033, -111.9399972 33.4306963, -111.9400262 33.4309705, -111.9400513 33.4312000)",0.000000,0.000000,7.500000,7.500000,7.500000,22.374145,35.999999,0.000000,-nan(ind),29.832193,22.374145,47.999999,35.999999,29.832193,29.832193,29.832193,47.999999,47.999999,47.999999,0.139263,0.000000,29.832,29.832,29.832,29.832,29.832,29.832,-nan(ind),29.832,29.832,29.832,29.832,29.832,
10,237,145,104,0.0000,0.0000,0.0000,-1.0000,1000.0000,0.0000,0.0000,0.3524,0.3524,0.1500,4.0000,1.0000,18.6451,30.0000,0.000000,0.000000,0.000000,0.000000,0.000000,0.000000,"LINESTRING (-111.9328050 33.4147645, -111.9328110 33.4148640, -111.9328196 33.4149251, -111.9328365 33.4149747, -111.9328729 33.4150034, -111.9329104 33.4150107, -111.9330784 33.4150093, -111.9331283 33.4150215, -111.9332026 33.4150520, -111.9332413 33.4150997, -111.9332559 33.4151418, -111.9332636 33.4151942, -111.9332768 33.4160150, -111.9332780 33.4160881)",0.000000,0.000000,7.500000,7.500000,7.500000,13.983840,22.499999,0.000000,-nan(ind),18.645121,13.983840,29.999999,22.499999,18.645121,18.645121,18.645121,29.999999,29.999999,29.999999,0.352360,0.000000,18.645,18.645,18.645,18.645,18.645,18.645,-nan(ind),18.645,18.645,18.645,18.645,18.645,
10,238,145,173,0.0000,0.0000,0.0000,-1.0000,3600.0000,0.0000,0.0000,0.1407,0.1407,0.1500,4.0000,1.0000,34.8042,56.0000,0.000000,0.000000,0.000000,0.000000,0.000000,0.000000,"LINESTRING (-111.9328050 33.4147645, -111.9334872 33.4147609, -111.9342173 33.4147571)",0.000000,0.000000,7.500000,7.500000,7.500000,26.103169,42.000000,0.000000,-nan(ind),34.804226,26.103169,56.000000,42.000000,34.804226,34.804226,34.804226,56.000000,56.000000,56.000000,0.140689,0.000000,34.804,34.804,34.804,34.804,34.804,34.804,-nan(ind),34.804,34.804,34.804,34.804,34.804,
10,239,146,82,0.0000,0.0000,0.0000,-1.0000,1000.0000,0.0000,0.0000,0.2225,0.2225,0.1500,4.0000,1.0000,18.6451,30.0000,0.000000,0.000000,0.000000,0.000000,0.000000,0.000000,"LINESTRING (-111.9337083 33.4173613, -111.9337435 33.4173789, -111.9337564 33.4173875, -111.9338024 33.4174345, -111.9338109 33.4174841, -111.9338244 33.4181047, -111.9338270 33.4182220, -111.9338274 33.4182431, -111.9338279 33.4182646, -111.9338292 33.4183283)",0.000000,0.000000,7.500000,7.500000,7.500000,13.983840,22.499999,0.000000,-nan(ind),18.645121,13.983840,29.999999,22.499999,18.645121,18.645121,18.645121,29.999999,29.999999,29.999999,0.222500,0.000000,18.645,18.645,18.645,18.645,18.645,18.645,-nan(ind),18.645,18.645,18.645,18.645,18.645,
10,240,146,287,0.0000,0.0000,0.0000,-1.0000,1000.0000,0.0000,0.0000,0.0611,0.0611,0.1500,4.0000,1.0000,18.6451,30.0000,0.000000,0.000000,0.000000,0.000000,0.000000,0.000000,"LINESTRING (-111.9337083 33.4173613, -111.9336455 33.4173509, -111.9334577 33.4173564, -111.9333809 33.4173570)",0.000000,0.000000,7.500000,7.500000,7.500000,13.983840,22.499999,0.000000,-nan(ind),18.645121,13.983840,29.999999,22.499999,18.645121,18.645121,18.645121,29.999999,29.999999,29.999999,0.061120,0.000000,18.645,18.645,18.645,18.645,18.645,18.645,-nan(ind),18.645,18.645,18.645,18.645,18.645,
10,241,147,43,0.0000,0.0000,0.0000,-1.0000,1000.0000,0.0000,0.0000,0.3859,0.3859,0.1500,4.0000,1.0000,18.6451,30.0000,0.000000,0.000000,0.000000,0.000000,0.000000,0.000000,"LINESTRING (-111.9391606 33.4145063, -111.9372334 33.4145237, -111.9370852 33.4145236)",0.000000,0.000000,7.500000,7.500000,7.500000,13.983840,22.499999,0.000000,-nan(ind),18.645121,13.983840,29.999999,22.499999,18.645121,18.645121,18.645121,29.999999,29.999999,29.999999,0.385940,0.000000,18.645,18.645,18.645,18.645,18.645,18.645,-nan(ind),18.645,18.645,18.645,18.645,18.645,
10,242,147,60,0.0000,0.0000,0.0000,-1.0000,1000.0000,0.0000,0.0000,0.0467,0.0467,0.1500,4.0000,1.0000,14.4997,23.3300,0.000000,0.000000,0.000000,0.000000,0.000000,0.000000,"LINESTRING (-111.9391606 33.4145063, -111.9391648 33.4146744, -111.9391660 33.4147167)",0.000000,0.000000,7.500000,7.500000,7.500000,13.983840,22.499999,0.000000,-nan(ind),18.645121,13.983840,29.999999,22.499999,18.645121,18.645121,18.645121,29.999999,29.999999,29.999999,0.046660,0.000000,18.645,18.645,18.645,18.645,18.645,18.645,-nan(ind),18.645,18.645,18.645,18.645,18.645,
10,243,147,148,0.0000,0.0000,0.0000,-1.0000,1000.0000,0.0000,0.0000,0.0910,0.0910,0.1500,4.0000,1.0000,18.6451,30.0000,0.000000,0.000000,0.000000,0.000000,0.000000,0.000000,"LINESTRING (-111.9391606 33.4145063, -111.9394828 33.4145034, -111.9396432 33.4145427)",0.000000,0.000000,7.500000,7.500000,7.500000,13.983840,22.499999,0.000000,-nan(ind),18.645121,13.983840,29.999999,22.499999,18.645121,18.645121,18.645121,29.999999,29.999999,29.999999,0.091000,0.000000,18.645,18.645,18.645,18.645,18.645,18.645,-nan(ind),18.645,18.645,18.645,18.645,18.645,
10,244,148,147,0.0000,0.0000,0.0000,-1.0000,1000.0000,0.0000,0.0000,0.0910,0.0910,0.1500,4.0000,1.0000,18.6451,30.0000,0.000000,0.000000,0.000000,0.000000,0.000000,0.000000,"LINESTRING (-111.9396432 33.4145427, -111.9394828 33.4145034, -111.9391606 33.4145063)",0.000000,0.000000,7.500000,7.500000,7.500000,13.983840,22.499999,0.000000,-nan(ind),18.645121,13.983840,29.999999,22.499999,18.645121,18.645121,18.645121,29.999999,29.999999,29.999999,0.091000,0.000000,18.645,18.645,18.645,18.645,18.645,18.645,-nan(ind),18.645,18.645,18.645,18.645,18.645,
10,245,149,47,0.0000,0.0000,0.0000,-1.0000,1000.0000,0.0000,0.0000,0.2791,0.2791,0.1500,4.0000,1.0000,18.6451,30.0000,0.000000,0.000000,0.000000,0.000000,0.000000,0.000000,"LINESTRING (-111.9366170 33.4190938, -111.9373118 33.4190765, -111.9377709 33.4190774, -111.9380385 33.4190779, -111.9381178 33.4190780)",0.000000,0.000000,7.500000,7.500000,7.500000,13.983840,22.499999,0.000000,-nan(ind),18.645121,13.983840,29.999999,22.499999,18.645121,18.645121,18.645121,29.999999,29.999999,29.999999,0.279120,0.000000,18.645,18.645,18.645,18.645,18.645,18.645,-nan(ind),18.645,18.645,18.645,18.645,18.645,
10,246,150,30,0.0000,0.0000,0.0000,-1.0000,1000.0000,0.0000,0.0000,0.4315,0.4315,0.1500,4.0000,1.0000,24.8602,40.0000,0.000000,0.000000,0.000000,0.000000,0.000000,0.000000,"LINESTRING (-111.9395019 33.4273825, -111.9394470 33.4273267, -111.9393679 33.4273021, -111.9392411 33.4272607, -111.9387635 33.4270760, -111.9381745 33.4268482, -111.9381648 33.4259301, -111.9381626 33.4256503, -111.9381622 33.4256128, -111.9381610 33.4254954)",0.000000,0.000000,7.500000,7.500000,7.500000,18.645121,29.999999,0.000000,-nan(ind),24.860161,18.645121,39.999999,29.999999,24.860161,24.860161,24.860161,39.999999,39.999999,39.999999,0.431535,0.000000,24.860,24.860,24.860,24.860,24.860,24.860,-nan(ind),24.860,24.860,24.860,24.860,24.860,
10,247,152,89,0.0000,0.0000,0.0000,-1.0000,7200.0000,0.0000,0.0000,0.0659,0.0659,0.1500,4.0000,1.0000,34.8042,56.0000,0.000000,0.000000,0.000000,0.000000,0.000000,0.000000,"LINESTRING (-111.9262990 33.4195429, -111.9262989 33.4200980)",0.000000,0.000000,7.500000,7.500000,7.500000,26.103169,42.000000,0.000000,-nan(ind),34.804226,26.103169,56.000000,42.000000,34.804226,34.804226,34.804226,56.000000,56.000000,56.000000,0.065936,0.000000,34.804,34.804,34.804,34.804,34.804,34.804,-nan(ind),34.804,34.804,34.804,34.804,34.804,
10,248,152,273,0.0000,0.0000,0.0000,-1.0000,5400.0000,0.0000,0.0000,0.0482,0.0482,0.1500,4.0000,1.0000,27.9366,44.9500,0.000000,0.000000,0.000000,0.000000,0.000000,0.000000,"LINESTRING (-111.9262990 33.4195429, -111.9262973 33.4192711, -111.9262965 33.4191375)",0.000000,0.000000,7.500000,7.500000,7.500000,26.103169,42.000000,0.000000,-nan(ind),34.804226,26.103169,56.000000,42.000000,34.804226,34.804226,34.804226,56.000000,56.000000,56.000000,0.048161,0.000000,34.804,34.804,34.804,34.804,34.804,34.804,-nan(ind),34.804,34.804,34.804,34.804,34.804,
10,249,153,177,115.7501,0.0000,0.0000,-1.0000,4800.0000,38.5834,0.0241,0.0307,0.0307,0.1500,4.0000,1.0000,17.8061,28.6500,2.061057,0.059219,2.061057,0.059219,0.059402,0.059402,"LINESTRING (-111.9399200 33.4154527, -111.9399169 33.4151943)",115.750100,0.024115,7.487943,7.500000,7.512057,26.103167,41.999996,1600.000000,50701391.177672,34.804226,26.103169,56.000000,42.000000,34.594403,34.594402,34.696785,55.662395,55.662392,55.827127,0.030791,0.000000,34.804,34.768,34.733,34.697,34.661,34.625,26.103,34.625,34.661,34.697,34.733,34.768,
10,250,153,350,74.9642,0.0000,0.0000,-1.0000,3200.0000,37.4821,0.0234,0.0659,0.0659,0.1500,4.0000,1.0000,37.2902,60.0000,3.069386,0.082311,3.069386,0.082311,0.082558,0.082558,"LINESTRING (-111.9399200 33.4154527, -111.9398582 33.4155259, -111.9398483 33.4156100, -111.9398253 33.4156688, -111.9397920 33.4157247, -111.9397232 33.4158205, -111.9396384 33.4159081, -111.9395884 33.4159654)",74.964200,0.023426,7.488287,7.500000,7.511713,27.967679,44.999995,1600.000000,122242282.718200,37.290241,27.967681,59.999998,44.999999,37.071848,37.071846,37.178487,59.648603,59.648601,59.820185,0.066078,0.000000,37.290,37.253,37.216,37.178,37.141,37.104,27.968,37.104,37.141,37.178,37.216,37.253,
10,251,154,155,0.0000,0.0000,0.0000,-1.0000,1000.0000,0.0000,0.0000,0.0468,0.0468,0.1500,4.0000,1.0000,14.5494,23.4100,0.000000,0.000000,0.000000,0.000000,0.000000,0.000000,"LINESTRING (-111.9365803 33.4129111, -111.9365785 33.4127000)",0.000000,0.000000,7.500000,7.500000,7.500000,13.983840,22.499999,0.000000,-nan(ind),18.645121,13.983840,29.999999,22.499999,18.645121,18.645121,18.645121,29.999999,29.999999,29.999999,0.046820,0.000000,18.645,18.645,18.645,18.645,18.645,18.645,-nan(ind),18.645,18.645,18.645,18.645,18.645,
10,252,155,154,0.0000,0.0000,0.0000,-1.0000,1000.0000,0.0000,0.0000,0.0468,0.0468,0.1500,4.0000,1.0000,14.5494,23.4100,0.000000,0.000000,0.000000,0.000000,0.000000,0.000000,"LINESTRING (-111.9365785 33.4127000, -111.9365803 33.4129111)",0.000000,0.000000,7.500000,7.500000,7.500000,13.983840,22.499999,0.000000,-nan(ind),18.645121,13.983840,29.999999,22.499999,18.645121,18.645121,18.645121,29.999999,29.999999,29.999999,0.046820,0.000000,18.645,18.645,18.645,18.645,18.645,18.645,-nan(ind),18.645,18.645,18.645,18.645,18.645,
10,253,156,157,0.0000,0.0000,0.0000,-1.0000,1000.0000,0.0000,0.0000,0.0317,0.0317,0.1500,4.0000,1.0000,9.8508,15.8500,0.000000,0.000000,0.000000,0.000000,0.000000,0.000000,"LINESTRING (-111.9397375 33.4128425, -111.9397480 33.4127455, -111.9397471 33.4127000)",0.000000,0.000000,7.500000,7.500000,7.500000,13.983840,22.499999,0.000000,-nan(ind),18.645121,13.983840,29.999999,22.499999,18.645121,18.645121,18.645121,29.999999,29.999999,29.999999,0.031700,0.000000,18.645,18.645,18.645,18.645,18.645,18.645,-nan(ind),18.645,18.645,18.645,18.645,18.645,
10,254,157,156,0.0000,0.0000,0.0000,-1.0000,1000.0000,0.0000,0.0000,0.0317,0.0317,0.1500,4.0000,1.0000,9.8508,15.8500,0.000000,0.000000,0.000000,0.000000,0.000000,0.000000,"LINESTRING (-111.9397471 33.4127000, -111.9397480 33.4127455, -111.9397375 33.4128425)",0.000000,0.000000,7.500000,7.500000,7.500000,13.983840,22.499999,0.000000,-nan(ind),18.645121,13.983840,29.999999,22.499999,18.645121,18.645121,18.645121,29.999999,29.999999,29.999999,0.031700,0.000000,18.645,18.645,18.645,18.645,18.645,18.645,-nan(ind),18.645,18.645,18.645,18.645,18.645,
10,255,158,159,0.0000,0.0000,0.0000,-1.0000,1000.0000,0.0000,0.0000,0.0431,0.0431,0.1500,4.0000,1.0000,13.3934,21.5500,0.000000,0.000000,0.000000,0.000000,0.000000,0.000000,"LINESTRING (-111.9379608 33.4128944, -111.9379611 33.4127000)",0.000000,0.000000,7.500000,7.500000,7.500000,13.983840,22.499999,0.000000,-nan(ind),18.645121,13.983840,29.999999,22.499999,18.645121,18.645121,18.645121,29.999999,29.999999,29.999999,0.043100,0.000000,18.645,18.645,18.645,18.645,18.645,18.645,-nan(ind),18.645,18.645,18.645,18.645,18.645,
10,256,159,158,0.0000,0.0000,0.0000,-1.0000,1000.0000,0.0000,0.0000,0.0431,0.0431,0.1500,4.0000,1.0000,13.3934,21.5500,0.000000,0.000000,0.000000,0.000000,0.000000,0.000000,"LINESTRING (-111.9379611 33.4127000, -111.9379608 33.4128944)",0.000000,0.000000,7.500000,7.500000,7.500000,13.983840,22.499999,0.000000,-nan(ind),18.645121,13.983840,29.999999,22.499999,18.645121,18.645121,18.645121,29.999999,29.999999,29.999999,0.043100,0.000000,18.645,18.645,18.645,18.645,18.645,18.645,-nan(ind),18.645,18.645,18.645,18.645,18.645,
10,257,160,31,15.7345,0.0000,0.0000,-1.0000,1200.0000,15.7345,0.0131,0.0411,0.0411,0.1500,4.0000,1.0000,20.4226,32.8600,0.321340,0.010772,0.321340,0.010772,0.010789,0.010789,"LINESTRING (-111.9363190 33.4255035, -111.9363613 33.4255029, -111.9364880 33.4255014, -111.9365805 33.4255003, -111.9366724 33.4254992)",15.734500,0.013112,7.493444,7.500000,7.506556,22.374145,35.999999,1200.000000,587047581.123492,29.832193,22.374145,47.999999,35.999999,29.734403,29.734403,29.782657,47.842654,47.842654,47.920295,0.041143,0.000000,29.832,29.816,29.799,29.783,29.766,29.750,22.374,29.750,29.766,29.783,29.799,29.816,
10,258,160,316,15.7345,0.0000,0.0000,-1.0000,1200.0000,15.7345,0.0131,0.0562,0.0562,0.1500,4.0000,1.0000,27.9304,44.9400,0.439471,0.014731,0.439471,0.014731,0.014756,0.014756,"LINESTRING (-111.9363190 33.4255035, -111.9361618 33.4255053, -111.9360994 33.4255061, -111.9358986 33.4255085, -111.9358356 33.4255093)",15.734500,0.013112,7.493444,7.500000,7.506556,22.374145,35.999999,1200.000000,802858134.378871,29.832193,22.374145,47.999999,35.999999,29.734403,29.734403,29.782657,47.842654,47.842654,47.920295,0.056268,0.000000,29.832,29.816,29.799,29.783,29.766,29.750,22.374,29.750,29.766,29.783,29.799,29.816,
10,259,161,52,15.7345,0.0000,0.0000,-1.0000,1200.0000,15.7345,0.0131,0.0506,0.0506,0.1500,4.0000,1.0000,25.1523,40.4700,0.395758,0.013266,0.395758,0.013266,0.013288,0.013288,"LINESTRING (-111.9353519 33.4255151, -111.9351511 33.4254952, -111.9350723 33.4254800, -111.9349278 33.4254396)",15.734500,0.013112,7.493444,7.500000,7.506556,22.374145,35.999999,1200.000000,723001083.629571,29.832193,22.374145,47.999999,35.999999,29.734403,29.734403,29.782657,47.842654,47.842654,47.920295,0.050672,0.000000,29.832,29.816,29.799,29.783,29.766,29.750,22.374,29.750,29.766,29.783,29.799,29.816,
10,260,161,316,15.7345,0.0000,0.0000,-1.0000,1200.0000,15.7345,0.0131,0.0562,0.0562,0.1500,4.0000,1.0000,27.9490,44.9700,0.439764,0.014741,0.439764,0.014741,0.014766,0.014766,"LINESTRING (-111.9353519 33.4255151, -111.9356991 33.4255109, -111.9358356 33.4255093)",15.734500,0.013112,7.493444,7.500000,7.506556,22.374145,35.999999,1200.000000,803394087.739604,29.832193,22.374145,47.999999,35.999999,29.734403,29.734403,29.782657,47.842654,47.842654,47.920295,0.056306,0.000000,29.832,29.816,29.799,29.783,29.766,29.750,22.374,29.750,29.766,29.783,29.799,29.816,
10,261,162,163,0.0000,0.0000,0.0000,-1.0000,1200.0000,0.0000,0.0000,0.0069,0.0069,0.1500,4.0000,1.0000,3.4058,5.4800,0.000000,0.000000,0.000000,0.000000,0.000000,0.000000,"LINESTRING (-111.9423987 33.4224828, -111.9424000 33.4225322)",0.000000,0.000000,7.500000,7.500000,7.500000,22.374145,35.999999,0.000000,-nan(ind),29.832193,22.374145,47.999999,35.999999,29.832193,29.832193,29.832193,47.999999,47.999999,47.999999,0.006850,0.000000,29.832,29.832,29.832,29.832,29.832,29.832,-nan(ind),29.832,29.832,29.832,29.832,29.832,
10,262,162,238,0.0000,0.0000,0.0000,-1.0000,2400.0000,0.0000,0.0000,0.0769,0.0769,0.1500,4.0000,1.0000,29.8322,48.0000,0.000000,0.000000,0.000000,0.000000,0.000000,0.000000,"LINESTRING (-111.9423987 33.4224828, -111.9423874 33.4220465, -111.9423888 33.4219395, -111.9423899 33.4219281)",0.000000,0.000000,7.500000,7.500000,7.500000,22.374145,35.999999,0.000000,-nan(ind),29.832193,22.374145,47.999999,35.999999,29.832193,29.832193,29.832193,47.999999,47.999999,47.999999,0.076888,0.000000,29.832,29.832,29.832,29.832,29.832,29.832,-nan(ind),29.832,29.832,29.832,29.832,29.832,
10,263,163,162,0.0000,0.0000,0.0000,-1.0000,1200.0000,0.0000,0.0000,0.0069,0.0069,0.1500,4.0000,1.0000,3.4058,5.4800,0.000000,0.000000,0.000000,0.000000,0.000000,0.000000,"LINESTRING (-111.9424000 33.4225322, -111.9423987 33.4224828)",0.000000,0.000000,7.500000,7.500000,7.500000,22.374145,35.999999,0.000000,-nan(ind),29.832193,22.374145,47.999999,35.999999,29.832193,29.832193,29.832193,47.999999,47.999999,47.999999,0.006850,0.000000,29.832,29.832,29.832,29.832,29.832,29.832,-nan(ind),29.832,29.832,29.832,29.832,29.832,
10,264,165,139,0.0000,0.0000,0.0000,-1.0000,1000.0000,0.0000,0.0000,0.1309,0.1309,0.1500,4.0000,1.0000,29.8322,48.0000,0.000000,0.000000,0.000000,0.000000,0.000000,0.000000,"LINESTRING (-111.9424000 33.4254850, -111.9412736 33.4254885)",0.000000,0.000000,7.500000,7.500000,7.500000,22.374145,35.999999,0.000000,-nan(ind),29.832193,22.374145,47.999999,35.999999,29.832193,29.832193,29.832193,47.999999,47.999999,47.999999,0.130900,0.000000,29.832,29.832,29.832,29.832,29.832,29.832,-nan(ind),29.832,29.832,29.832,29.832,29.832,
10,265,167,111,260.8349,0.0000,0.0000,-1.0000,3600.0000,130.4175,0.0725,0.0351,0.0351,0.1500,4.0000,1.0000,29.1175,46.8500,7.594851,0.152751,7.594851,0.152751,0.154250,0.154250,"LINESTRING (-111.9398348 33.4170325, -111.9398421 33.4171208, -111.9398439 33.4174549)",260.834900,0.072454,7.463773,7.500000,7.536227,37.289952,59.999533,1800.000000,770879.364371,49.720322,37.290241,79.999998,59.999998,48.819711,48.819509,49.237375,78.550915,78.550590,79.222937,0.035482,0.000000,49.720,49.558,49.397,49.235,49.073,48.911,37.290,48.911,49.073,49.235,49.397,49.558,
10,266,168,349,85.8591,0.0000,0.0000,-1.0000,3600.0000,42.9296,0.0238,0.0480,0.0480,0.1500,4.0000,1.0000,23.8471,38.3700,2.047491,0.068634,2.047491,0.068634,0.068844,0.068844,"LINESTRING (-111.9400789 33.4246910, -111.9400719 33.4243450)",85.859100,0.023850,7.488075,7.500000,7.511925,22.374143,35.999996,1800.000000,93166655.414365,29.832193,22.374145,47.999999,35.999999,29.654321,29.654319,29.741136,47.713802,47.713800,47.853488,0.048109,0.000000,29.832,29.802,29.771,29.741,29.711,29.680,22.374,29.680,29.711,29.741,29.771,29.802,
10,267,170,216,0.0000,0.0000,0.0000,-1.0000,5400.0000,0.0000,0.0000,0.0339,0.0339,0.1500,4.0000,1.0000,16.8552,27.1200,0.000000,0.000000,0.000000,0.000000,0.000000,0.000000,"LINESTRING (-111.9399618 33.4281865, -111.9399616 33.4284311)",0.000000,0.000000,7.500000,7.500000,7.500000,22.374145,35.999999,0.000000,-nan(ind),29.832193,22.374145,47.999999,35.999999,29.832193,29.832193,29.832193,47.999999,47.999999,47.999999,0.033900,0.000000,29.832,29.832,29.832,29.832,29.832,29.832,-nan(ind),29.832,29.832,29.832,29.832,29.832,
10,268,172,356,0.0000,0.0000,0.0000,-1.0000,5400.0000,0.0000,0.0000,0.0473,0.0473,0.1500,4.0000,1.0000,27.4518,44.1700,0.000000,0.000000,0.000000,0.000000,0.000000,0.000000,"LINESTRING (-111.9361331 33.4147441, -111.9366081 33.4147406)",0.000000,0.000000,7.500000,7.500000,7.500000,26.103169,42.000000,0.000000,-nan(ind),34.804226,26.103169,56.000000,42.000000,34.804226,34.804226,34.804226,56.000000,56.000000,56.000000,0.047325,0.000000,34.804,34.804,34.804,34.804,34.804,34.804,-nan(ind),34.804,34.804,34.804,34.804,34.804,
10,269,173,367,0.0000,0.0000,0.0000,-1.0000,5400.0000,0.0000,0.0000,0.0739,0.0739,0.1500,4.0000,1.0000,34.8042,56.0000,0.000000,0.000000,0.000000,0.000000,0.000000,0.000000,"LINESTRING (-111.9342173 33.4147571, -111.9349593 33.4147529)",0.000000,0.000000,7.500000,7.500000,7.500000,26.103169,42.000000,0.000000,-nan(ind),34.804226,26.103169,56.000000,42.000000,34.804226,34.804226,34.804226,56.000000,56.000000,56.000000,0.073918,0.000000,34.804,34.804,34.804,34.804,34.804,34.804,-nan(ind),34.804,34.804,34.804,34.804,34.804,
10,270,174,303,0.0000,0.0000,0.0000,-1.0000,2400.0000,0.0000,0.0000,0.0716,0.0716,0.1500,4.0000,1.0000,24.8602,40.0000,0.000000,0.000000,0.000000,0.000000,0.000000,0.000000,"LINESTRING (-111.9349498 33.4155051, -111.9349501 33.4150744)",0.000000,0.000000,7.500000,7.500000,7.500000,18.645121,29.999999,0.000000,-nan(ind),24.860161,18.645121,39.999999,29.999999,24.860161,24.860161,24.860161,39.999999,39.999999,39.999999,0.071625,0.000000,24.860,24.860,24.860,24.860,24.860,24.860,-nan(ind),24.860,24.860,24.860,24.860,24.860,
10,271,175,176,0.0000,0.0000,0.0000,-1.0000,3200.0000,0.0000,0.0000,0.1891,0.1891,0.1500,4.0000,1.0000,34.8042,56.0000,0.000000,0.000000,0.000000,0.000000,0.000000,0.000000,"LINESTRING (-111.9374938 33.4305413, -111.9376249 33.4304928, -111.9377900 33.4304250, -111.9381333 33.4302428, -111.9385575 33.4299923, -111.9387444 33.4298774, -111.9389072 33.4298170, -111.9390123 33.4297834, -111.9391344 33.4297661)",0.000000,0.000000,7.500000,7.500000,7.500000,26.103169,42.000000,0.000000,-nan(ind),34.804226,26.103169,56.000000,42.000000,34.804226,34.804226,34.804226,56.000000,56.000000,56.000000,0.189075,0.000000,34.804,34.804,34.804,34.804,34.804,34.804,-nan(ind),34.804,34.804,34.804,34.804,34.804,
10,272,176,363,0.0000,0.0000,0.0000,-1.0000,4800.0000,0.0000,0.0000,0.0836,0.0836,0.1500,4.0000,1.0000,34.8042,56.0000,0.000000,0.000000,0.000000,0.000000,0.000000,0.000000,"LINESTRING (-111.9391344 33.4297661, -111.9398829 33.4296907, -111.9399677 33.4296814)",0.000000,0.000000,7.500000,7.500000,7.500000,26.103169,42.000000,0.000000,-nan(ind),34.804226,26.103169,56.000000,42.000000,34.804226,34.804226,34.804226,56.000000,56.000000,56.000000,0.083604,0.000000,34.804,34.804,34.804,34.804,34.804,34.804,-nan(ind),34.804,34.804,34.804,34.804,34.804,
10,273,177,153,74.9642,0.0000,0.0000,-1.0000,3200.0000,37.4821,0.0234,0.0307,0.0307,0.1500,4.0000,1.0000,17.8061,28.6500,1.334819,0.038352,1.334819,0.038352,0.038468,0.038468,"LINESTRING (-111.9399169 33.4151943, -111.9399200 33.4154527)",74.964200,0.023426,7.488287,7.500000,7.511713,26.103167,41.999996,1600.000000,56958127.164718,34.804226,26.103169,56.000000,42.000000,34.600392,34.600391,34.699922,55.672031,55.672029,55.832174,0.030789,0.000000,34.804,34.769,34.735,34.700,34.665,34.630,26.103,34.630,34.665,34.700,34.735,34.769,
10,274,177,359,115.7501,0.0000,0.0000,-1.0000,4800.0000,38.5834,0.0241,0.0487,0.0487,0.1500,4.0000,1.0000,28.2474,45.4500,3.269635,0.093944,3.269635,0.093944,0.094235,0.094235,"LINESTRING (-111.9399169 33.4151943, -111.9399130 33.4148751, -111.9399117 33.4147844)",115.750100,0.024115,7.487943,7.500000,7.512057,26.103167,41.999996,1600.000000,80432049.878716,34.804226,26.103169,56.000000,42.000000,34.594403,34.594402,34.696785,55.662395,55.662392,55.827127,0.048847,0.000000,34.804,34.768,34.733,34.697,34.661,34.625,26.103,34.625,34.661,34.697,34.733,34.768,
10,275,178,179,0.0000,0.0000,0.0000,-1.0000,3200.0000,0.0000,0.0000,0.0439,0.0439,0.1500,4.0000,1.0000,25.4568,40.9600,0.000000,0.000000,0.000000,0.000000,0.000000,0.000000,"LINESTRING (-111.9398829 33.4130694, -111.9398834 33.4127000)",0.000000,0.000000,7.500000,7.500000,7.500000,26.103169,42.000000,0.000000,-nan(ind),34.804226,26.103169,56.000000,42.000000,34.804226,34.804226,34.804226,56.000000,56.000000,56.000000,0.043886,0.000000,34.804,34.804,34.804,34.804,34.804,34.804,-nan(ind),34.804,34.804,34.804,34.804,34.804,
10,276,178,300,0.0000,0.0000,0.0000,-1.0000,3200.0000,0.0000,0.0000,0.0515,0.0515,0.1500,4.0000,1.0000,29.8943,48.1000,0.000000,0.000000,0.000000,0.000000,0.000000,0.000000,"LINESTRING (-111.9398829 33.4130694, -111.9398917 33.4135032)",0.000000,0.000000,7.500000,7.500000,7.500000,26.103169,42.000000,0.000000,-nan(ind),34.804226,26.103169,56.000000,42.000000,34.804226,34.804226,34.804226,56.000000,56.000000,56.000000,0.051536,0.000000,34.804,34.804,34.804,34.804,34.804,34.804,-nan(ind),34.804,34.804,34.804,34.804,34.804,
10,277,179,178,0.0000,0.0000,0.0000,-1.0000,4800.0000,0.0000,0.0000,0.0439,0.0439,0.1500,4.0000,1.0000,25.4568,40.9600,0.000000,0.000000,0.000000,0.000000,0.000000,0.000000,"LINESTRING (-111.9398834 33.4127000, -111.9398829 33.4130694)",0.000000,0.000000,7.500000,7.500000,7.500000,26.103169,42.000000,0.000000,-nan(ind),34.804226,26.103169,56.000000,42.000000,34.804226,34.804226,34.804226,56.000000,56.000000,56.000000,0.043886,0.000000,34.804,34.804,34.804,34.804,34.804,34.804,-nan(ind),34.804,34.804,34.804,34.804,34.804,
10,278,180,55,115.7501,0.0000,0.0000,-1.0000,3200.0000,57.8750,0.0362,0.0657,0.0657,0.1500,4.0000,1.0000,37.2902,60.0000,4.725683,0.126727,4.725683,0.126727,0.127324,0.127324,"LINESTRING (-111.9399667 33.4167979, -111.9399807 33.4165053, -111.9399783 33.4162056)",115.750100,0.036172,7.481914,7.500000,7.518086,27.967667,44.999977,1600.000000,21231797.398042,37.290241,27.967681,59.999998,44.999999,36.953026,36.953017,37.115535,59.457420,59.457404,59.718895,0.065999,0.000000,37.290,37.232,37.174,37.115,37.057,36.999,27.968,36.999,37.057,37.115,37.174,37.232,
10,279,180,350,54.9034,0.0000,0.0000,-1.0000,5400.0000,18.3011,0.0102,0.0744,0.0744,0.1500,4.0000,1.0000,49.7203,80.0000,3.383605,0.068053,3.383605,0.068053,0.068140,0.068140,"LINESTRING (-111.9399667 33.4167979, -111.9399333 33.4167174, -111.9398815 33.4165303, -111.9397506 33.4162342, -111.9395884 33.4159654)",54.903400,0.010167,7.494916,7.500000,7.505084,37.290241,59.999998,1800.000000,4420007011.279382,49.720322,37.290241,79.999998,59.999998,49.593941,49.593941,49.656489,79.796652,79.796651,79.897291,0.074466,0.000000,49.720,49.699,49.678,49.656,49.635,49.614,37.290,49.614,49.635,49.656,49.678,49.699,
10,280,182,361,0.0000,0.0000,0.0000,-1.0000,5400.0000,0.0000,0.0000,0.0776,0.0776,0.1500,4.0000,1.0000,34.8042,56.0000,0.000000,0.000000,0.000000,0.000000,0.000000,0.000000,"LINESTRING (-111.9314439 33.4146642, -111.9308032 33.4146642, -111.9306654 33.4146657)",0.000000,0.000000,7.500000,7.500000,7.500000,26.103169,42.000000,0.000000,-nan(ind),34.804226,26.103169,56.000000,42.000000,34.804226,34.804226,34.804226,56.000000,56.000000,56.000000,0.077550,0.000000,34.804,34.804,34.804,34.804,34.804,34.804,-nan(ind),34.804,34.804,34.804,34.804,34.804,
10,281,183,361,0.0000,0.0000,0.0000,-1.0000,5400.0000,0.0000,0.0000,0.0633,0.0633,0.1500,4.0000,1.0000,34.8042,56.0000,0.000000,0.000000,0.000000,0.000000,0.000000,0.000000,"LINESTRING (-111.9300149 33.4147941, -111.9306499 33.4147876)",0.000000,0.000000,7.500000,7.500000,7.500000,26.103169,42.000000,0.000000,-nan(ind),34.804226,26.103169,56.000000,42.000000,34.804226,34.804226,34.804226,56.000000,56.000000,56.000000,0.063257,0.000000,34.804,34.804,34.804,34.804,34.804,34.804,-nan(ind),34.804,34.804,34.804,34.804,34.804,
10,282,185,186,0.0000,0.0000,0.0000,-1.0000,5400.0000,0.0000,0.0000,0.0724,0.0724,0.1500,4.0000,1.0000,34.8042,56.0000,0.000000,0.000000,0.000000,0.000000,0.000000,0.000000,"LINESTRING (-111.9335205 33.4146455, -111.9329616 33.4146434, -111.9327942 33.4146458)",0.000000,0.000000,7.500000,7.500000,7.500000,26.103169,42.000000,0.000000,-nan(ind),34.804226,26.103169,56.000000,42.000000,34.804226,34.804226,34.804226,56.000000,56.000000,56.000000,0.072354,0.000000,34.804,34.804,34.804,34.804,34.804,34.804,-nan(ind),34.804,34.804,34.804,34.804,34.804,
10,283,186,182,0.0000,0.0000,0.0000,-1.0000,3600.0000,0.0000,0.0000,0.1345,0.1345,0.1500,4.0000,1.0000,34.8042,56.0000,0.000000,0.000000,0.000000,0.000000,0.000000,0.000000,"LINESTRING (-111.9327942 33.4146458, -111.9327155 33.4146467, -111.9314439 33.4146642)",0.000000,0.000000,7.500000,7.500000,7.500000,26.103169,42.000000,0.000000,-nan(ind),34.804226,26.103169,56.000000,42.000000,34.804226,34.804226,34.804226,56.000000,56.000000,56.000000,0.134529,0.000000,34.804,34.804,34.804,34.804,34.804,34.804,-nan(ind),34.804,34.804,34.804,34.804,34.804,
10,284,186,321,0.0000,0.0000,0.0000,-1.0000,1000.0000,0.0000,0.0000,0.2385,0.2385,0.1500,4.0000,1.0000,18.6451,30.0000,0.000000,0.000000,0.000000,0.000000,0.000000,0.000000,"LINESTRING (-111.9327942 33.4146458, -111.9327934 33.4145749, -111.9327836 33.4141792, -111.9327814 33.4140702, -111.9327775 33.4135705)",0.000000,0.000000,7.500000,7.500000,7.500000,13.983840,22.499999,0.000000,-nan(ind),18.645121,13.983840,29.999999,22.499999,18.645121,18.645121,18.645121,29.999999,29.999999,29.999999,0.238460,0.000000,18.645,18.645,18.645,18.645,18.645,18.645,-nan(ind),18.645,18.645,18.645,18.645,18.645,
10,285,187,145,0.0000,0.0000,0.0000,-1.0000,5400.0000,0.0000,0.0000,0.0585,0.0585,0.1500,4.0000,1.0000,33.9403,54.6100,0.000000,0.000000,0.000000,0.000000,0.000000,0.000000,"LINESTRING (-111.9322177 33.4147716, -111.9327145 33.4147655, -111.9328050 33.4147645)",0.000000,0.000000,7.500000,7.500000,7.500000,26.103169,42.000000,0.000000,-nan(ind),34.804226,26.103169,56.000000,42.000000,34.804226,34.804226,34.804226,56.000000,56.000000,56.000000,0.058511,0.000000,34.804,34.804,34.804,34.804,34.804,34.804,-nan(ind),34.804,34.804,34.804,34.804,34.804,
10,286,187,186,0.0000,0.0000,0.0000,-1.0000,5400.0000,0.0000,0.0000,0.0443,0.0443,0.1500,4.0000,1.0000,36.6687,59.0000,0.000000,0.000000,0.000000,0.000000,0.000000,0.000000,"LINESTRING (-111.9322177 33.4147716, -111.9322774 33.4147251, -111.9324444 33.4147220, -111.9326377 33.4147213, -111.9327111 33.4147175, -111.9327942 33.4146458)",0.000000,0.000000,7.500000,7.500000,7.500000,37.290241,59.999998,0.000000,-nan(ind),49.720322,37.290241,79.999998,59.999998,49.720322,49.720322,49.720322,79.999998,79.999998,79.999998,0.044250,0.000000,49.720,49.720,49.720,49.720,49.720,49.720,-nan(ind),49.720,49.720,49.720,49.720,49.720,
10,287,188,360,0.0000,0.0000,0.0000,-1.0000,7200.0000,0.0000,0.0000,0.0454,0.0454,0.1500,4.0000,1.0000,26.3269,42.3600,0.000000,0.000000,0.000000,0.000000,0.000000,0.000000,"LINESTRING (-111.9267480 33.4146920, -111.9264869 33.4146891, -111.9262925 33.4146937)",0.000000,0.000000,7.500000,7.500000,7.500000,26.103169,42.000000,0.000000,-nan(ind),34.804226,26.103169,56.000000,42.000000,34.804226,34.804226,34.804226,56.000000,56.000000,56.000000,0.045386,0.000000,34.804,34.804,34.804,34.804,34.804,34.804,-nan(ind),34.804,34.804,34.804,34.804,34.804,
10,288,189,360,0.0000,0.0000,0.0000,-1.0000,5400.0000,0.0000,0.0000,0.0410,0.0410,0.1500,4.0000,1.0000,23.7912,38.2800,0.000000,0.000000,0.000000,0.000000,0.000000,0.000000,"LINESTRING (-111.9258763 33.4148410, -111.9260869 33.4148478, -111.9261123 33.4148477, -111.9262878 33.4148429)",0.000000,0.000000,7.500000,7.500000,7.500000,26.103169,42.000000,0.000000,-nan(ind),34.804226,26.103169,56.000000,42.000000,34.804226,34.804226,34.804226,56.000000,56.000000,56.000000,0.041014,0.000000,34.804,34.804,34.804,34.804,34.804,34.804,-nan(ind),34.804,34.804,34.804,34.804,34.804,
10,289,192,193,0.0000,0.0000,0.0000,-1.0000,3600.0000,0.0000,0.0000,0.0583,0.0583,0.1500,4.0000,1.0000,33.8409,54.4500,0.000000,0.000000,0.000000,0.000000,0.000000,0.000000,"LINESTRING (-111.9291456 33.4146674, -111.9285601 33.4146783)",0.000000,0.000000,7.500000,7.500000,7.500000,26.103169,42.000000,0.000000,-nan(ind),34.804226,26.103169,56.000000,42.000000,34.804226,34.804226,34.804226,56.000000,56.000000,56.000000,0.058339,0.000000,34.804,34.804,34.804,34.804,34.804,34.804,-nan(ind),34.804,34.804,34.804,34.804,34.804,
10,290,193,194,0.0000,0.0000,0.0000,-1.0000,3600.0000,0.0000,0.0000,0.1184,0.1184,0.1500,4.0000,1.0000,34.8042,56.0000,0.000000,0.000000,0.000000,0.000000,0.000000,0.000000,"LINESTRING (-111.9285601 33.4146783, -111.9273992 33.4146867, -111.9273720 33.4146858)",0.000000,0.000000,7.500000,7.500000,7.500000,26.103169,42.000000,0.000000,-nan(ind),34.804226,26.103169,56.000000,42.000000,34.804226,34.804226,34.804226,56.000000,56.000000,56.000000,0.118361,0.000000,34.804,34.804,34.804,34.804,34.804,34.804,-nan(ind),34.804,34.804,34.804,34.804,34.804,
10,291,193,320,0.0000,0.0000,0.0000,-1.0000,1000.0000,0.0000,0.0000,0.4463,0.4463,0.1500,4.0000,1.0000,18.6451,30.0000,0.000000,0.000000,0.000000,0.000000,0.000000,0.000000,"LINESTRING (-111.9285601 33.4146783, -111.9285591 33.4146016, -111.9285590 33.4145885, -111.9285547 33.4139684, -111.9285530 33.4137320, -111.9285521 33.4135942, -111.9285534 33.4133563, -111.9285554 33.4130694, -111.9285570 33.4129127, -111.9285540 33.4128786, -111.9285521 33.4128472, -111.9285309 33.4128145, -111.9284607 33.4127300, -111.9284271 33.4127000)",0.000000,0.000000,7.500000,7.500000,7.500000,13.983840,22.499999,0.000000,-nan(ind),18.645121,13.983840,29.999999,22.499999,18.645121,18.645121,18.645121,29.999999,29.999999,29.999999,0.446280,0.000000,18.645,18.645,18.645,18.645,18.645,18.645,-nan(ind),18.645,18.645,18.645,18.645,18.645,
10,292,194,188,0.0000,0.0000,0.0000,-1.0000,3600.0000,0.0000,0.0000,0.0622,0.0622,0.1500,4.0000,1.0000,34.8042,56.0000,0.000000,0.000000,0.000000,0.000000,0.000000,0.000000,"LINESTRING (-111.9273720 33.4146858, -111.9269614 33.4146908, -111.9267480 33.4146920)",0.000000,0.000000,7.500000,7.500000,7.500000,26.103169,42.000000,0.000000,-nan(ind),34.804226,26.103169,56.000000,42.000000,34.804226,34.804226,34.804226,56.000000,56.000000,56.000000,0.062164,0.000000,34.804,34.804,34.804,34.804,34.804,34.804,-nan(ind),34.804,34.804,34.804,34.804,34.804,
10,293,195,290,0.0000,0.0000,0.0000,-1.0000,3600.0000,0.0000,0.0000,0.1772,0.1772,0.1500,4.0000,1.0000,34.8042,56.0000,0.000000,0.000000,0.000000,0.000000,0.000000,0.000000,"LINESTRING (-111.9273686 33.4148082, -111.9274004 33.4148076, -111.9285674 33.4148071, -111.9291473 33.4148012)",0.000000,0.000000,7.500000,7.500000,7.500000,26.103169,42.000000,0.000000,-nan(ind),34.804226,26.103169,56.000000,42.000000,34.804226,34.804226,34.804226,56.000000,56.000000,56.000000,0.177193,0.000000,34.804,34.804,34.804,34.804,34.804,34.804,-nan(ind),34.804,34.804,34.804,34.804,34.804,
10,294,196,180,170.6535,0.0000,0.0000,-1.0000,5400.0000,56.8845,0.0316,0.0876,0.0876,0.1500,4.0000,1.0000,29.8322,48.0000,7.432814,0.249154,7.432814,0.249154,0.250174,0.250174,"LINESTRING (-111.9400269 33.4174280, -111.9399667 33.4167979)",170.653500,0.031602,7.484199,7.500000,7.515801,22.374139,35.999989,1800.000000,54865243.468974,29.832193,22.374145,47.999999,35.999999,29.596500,29.596496,29.710623,47.620769,47.620762,47.804392,0.087958,0.000000,29.832,29.792,29.751,29.711,29.670,29.629,22.374,29.629,29.670,29.711,29.751,29.792,
10,295,197,198,227.4400,0.0000,0.0000,-1.0000,5400.0000,75.8133,0.0421,0.0058,0.0058,0.1500,4.0000,1.0000,3.3872,5.4500,0.770384,0.022135,0.770384,0.022135,0.022257,0.022257,"LINESTRING (-111.9398502 33.4186881, -111.9398505 33.4187373)",227.440000,0.042119,7.478941,7.500000,7.521059,26.103146,41.999962,1800.000000,1149629.574685,34.804226,26.103169,56.000000,42.000000,34.437750,34.437734,34.613270,55.410340,55.410314,55.692751,0.005872,0.000000,34.804,34.740,34.677,34.613,34.549,34.485,26.103,34.485,34.549,34.613,34.677,34.740,
10,296,198,353,227.4400,0.0000,0.0000,-1.0000,5400.0000,75.8133,0.0421,0.0380,0.0380,0.1500,4.0000,1.0000,22.0634,35.5000,5.018098,0.144181,5.018098,0.144181,0.144976,0.144976,"LINESTRING (-111.9398505 33.4187373, -111.9398515 33.4189843, -111.9398540 33.4190575)",227.440000,0.042119,7.478941,7.500000,7.521059,26.103146,41.999962,1800.000000,7488412.825929,34.804226,26.103169,56.000000,42.000000,34.437750,34.437734,34.613270,55.410340,55.410314,55.692751,0.038246,0.000000,34.804,34.740,34.677,34.613,34.549,34.485,26.103,34.485,34.549,34.613,34.677,34.740,
10,297,199,200,232.6849,0.0000,0.0000,-1.0000,3600.0000,116.3425,0.0646,0.0309,0.0309,0.1500,4.0000,1.0000,15.3822,24.7500,3.579211,0.119978,3.579211,0.119978,0.121019,0.121019,"LINESTRING (-111.9398661 33.4195538, -111.9398663 33.4195688, -111.9398665 33.4197770)",232.684900,0.064635,7.467683,7.500000,7.532317,22.374035,35.999823,1800.000000,1078617.749316,29.832193,22.374145,47.999999,35.999999,29.350145,29.350068,29.575586,47.224383,47.224259,47.587117,0.031206,0.000000,29.832,29.746,29.660,29.575,29.489,29.403,22.374,29.403,29.489,29.575,29.660,29.746,
10,298,200,202,232.6849,0.0000,0.0000,-1.0000,3600.0000,116.3425,0.0646,0.0331,0.0331,0.1500,4.0000,1.0000,16.4450,26.4600,3.826502,0.128268,3.826502,0.128268,0.129380,0.129380,"LINESTRING (-111.9398665 33.4197770, -111.9398722 33.4200156)",232.684900,0.064635,7.467683,7.500000,7.532317,22.374035,35.999823,1800.000000,1153140.430178,29.832193,22.374145,47.999999,35.999999,29.350145,29.350068,29.575586,47.224383,47.224259,47.587117,0.033362,0.000000,29.832,29.746,29.660,29.575,29.489,29.403,22.374,29.403,29.489,29.575,29.660,29.746,
10,299,201,351,250.1096,0.0000,0.0000,-1.0000,7200.0000,62.5274,0.0347,0.0897,0.0897,0.1500,4.0000,1.0000,29.8322,48.0000,11.154671,0.373914,11.154671,0.373914,0.375601,0.375601,"LINESTRING (-111.9398957 33.4212893, -111.9398841 33.4214786, -111.9399051 33.4217848, -111.9399092 33.4219358)",250.109600,0.034737,7.482631,7.500000,7.517369,22.374136,35.999985,1800.000000,38389742.255139,29.832193,22.374145,47.999999,35.999999,29.573120,29.573113,29.698157,47.583150,47.583139,47.784334,0.090105,0.000000,29.832,29.787,29.743,29.698,29.653,29.609,22.374,29.609,29.653,29.698,29.743,29.787,
10,300,202,205,232.6849,0.0000,0.0000,-1.0000,3600.0000,116.3425,0.0646,0.0306,0.0306,0.1500,4.0000,1.0000,15.2020,24.4600,3.537273,0.118572,3.537273,0.118572,0.119601,0.119601,"LINESTRING (-111.9398722 33.4200156, -111.9398812 33.4202361)",232.684900,0.064635,7.467683,7.500000,7.532317,22.374035,35.999823,1800.000000,1065979.399930,29.832193,22.374145,47.999999,35.999999,29.350145,29.350068,29.575586,47.224383,47.224259,47.587117,0.030840,0.000000,29.832,29.746,29.660,29.575,29.489,29.403,22.374,29.403,29.489,29.575,29.660,29.746,
10,301,203,199,232.6849,0.0000,0.0000,-1.0000,3600.0000,116.3425,0.0646,0.0301,0.0301,0.1500,4.0000,1.0000,14.9720,24.0900,3.483766,0.116779,3.483766,0.116779,0.117792,0.117792,"LINESTRING (-111.9398606 33.4193366, -111.9398661 33.4195538)",232.684900,0.064635,7.467683,7.500000,7.532317,22.374035,35.999823,1800.000000,1049854.609334,29.832193,22.374145,47.999999,35.999999,29.350145,29.350068,29.575586,47.224383,47.224259,47.587117,0.030374,0.000000,29.832,29.746,29.660,29.575,29.489,29.403,22.374,29.403,29.489,29.575,29.660,29.746,
10,302,204,201,250.1096,0.0000,0.0000,-1.0000,5400.0000,83.3699,0.0463,0.0166,0.0166,0.1500,4.0000,1.0000,8.2474,13.2700,2.062744,0.069145,2.062744,0.069145,0.069566,0.069566,"LINESTRING (-111.9398940 33.4211696, -111.9398957 33.4212893)",250.109600,0.046317,7.476842,7.500000,7.523158,22.374116,35.999953,1800.000000,2225764.280921,29.832193,22.374145,47.999999,35.999999,29.486762,29.486742,29.651477,47.444200,47.444167,47.709227,0.016689,0.000000,29.832,29.772,29.711,29.651,29.591,29.530,22.374,29.530,29.591,29.651,29.711,29.772,
10,303,205,352,232.6849,0.0000,0.0000,-1.0000,5400.0000,77.5616,0.0431,0.0353,0.0353,0.1500,4.0000,1.0000,17.5326,28.2100,4.079578,0.136751,4.079578,0.136751,0.137524,0.137524,"LINESTRING (-111.9398812 33.4202361, -111.9398785 33.4204046, -111.9398833 33.4204904)",232.684900,0.043090,7.478455,7.500000,7.521545,22.374123,35.999964,1800.000000,6332453.951613,29.832193,22.374145,47.999999,35.999999,29.510828,29.510812,29.664586,47.482922,47.482897,47.730319,0.035462,0.000000,29.832,29.776,29.720,29.664,29.608,29.552,22.374,29.552,29.608,29.664,29.720,29.776,
10,304,207,353,161.4141,0.0000,0.0000,-1.0000,7200.0000,40.3535,0.0224,0.0529,0.0529,0.1500,4.0000,1.0000,26.2958,42.3100,4.244519,0.142280,4.244519,0.142280,0.142689,0.142689,"LINESTRING (-111.9400338 33.4194368, -111.9400303 33.4191380, -111.9400280 33.4190552)",161.414100,0.022419,7.488791,7.500000,7.511209,22.374143,35.999997,1800.000000,131731941.387397,29.832193,22.374145,47.999999,35.999999,29.664994,29.664993,29.746720,47.730976,47.730974,47.862472,0.053039,0.000000,29.832,29.804,29.775,29.747,29.718,29.690,22.374,29.690,29.718,29.747,29.775,29.804,
10,305,208,366,77.2940,0.0000,0.0000,-1.0000,5400.0000,25.7647,0.0143,0.0503,0.0503,0.1500,4.0000,1.0000,24.9969,40.2200,1.932110,0.064766,1.932110,0.064766,0.064884,0.064884,"LINESTRING (-111.9399580 33.4251292, -111.9399606 33.4254920)",77.294000,0.014314,7.492843,7.500000,7.507157,22.374145,35.999999,1800.000000,758262513.948510,29.832193,22.374145,47.999999,35.999999,29.725441,29.725441,29.778053,47.828235,47.828234,47.912888,0.050366,0.000000,29.832,29.814,29.796,29.778,29.760,29.742,22.374,29.742,29.760,29.778,29.796,29.814,
10,306,210,351,92.6577,0.0000,0.0000,-1.0000,9000.0000,18.5315,0.0103,0.0821,0.0821,0.1500,4.0000,1.0000,29.8322,48.0000,3.784051,0.126845,3.784051,0.126845,0.127010,0.127010,"LINESTRING (-111.9400741 33.4225274, -111.9400778 33.4220718, -111.9400790 33.4219785, -111.9400804 33.4219347)",92.657700,0.010295,7.494852,7.500000,7.505148,22.374145,35.999999,1800.000000,4642910522.569525,29.832193,22.374145,47.999999,35.999999,29.755411,29.755410,29.793407,47.876456,47.876455,47.937591,0.082244,0.000000,29.832,29.819,29.806,29.793,29.780,29.768,22.374,29.768,29.780,29.793,29.806,29.819,
10,307,211,358,144.1346,0.0000,0.0000,-1.0000,3600.0000,72.0673,0.0400,0.0348,0.0348,0.1500,4.0000,1.0000,17.3151,27.8600,2.495705,0.083658,2.495705,0.083658,0.084096,0.084096,"LINESTRING (-111.9400646 33.4234469, -111.9400687 33.4231956)",144.134600,0.040037,7.479981,7.500000,7.520019,22.374129,35.999973,1800.000000,8410709.637302,29.832193,22.374145,47.999999,35.999999,29.533593,29.533581,29.676915,47.519550,47.519532,47.750156,0.035007,0.000000,29.832,29.780,29.729,29.677,29.625,29.573,22.374,29.573,29.625,29.677,29.729,29.780,
10,308,212,366,30.3032,0.0000,0.0000,-1.0000,5400.0000,10.1011,0.0056,0.0753,0.0753,0.1500,4.0000,1.0000,29.8322,48.0000,1.133969,0.038012,1.133969,0.038012,0.038038,0.038038,"LINESTRING (-111.9400785 33.4260353, -111.9400797 33.4254922)",30.303200,0.005612,7.497194,7.500000,7.502806,22.374145,35.999999,1010.106667,27141893392.479877,29.832193,22.374145,47.999999,35.999999,29.790341,29.790341,29.811150,47.932659,47.932659,47.966140,0.075316,0.000000,29.832,29.825,29.818,29.811,29.804,29.797,22.374,29.797,29.804,29.811,29.818,29.825,
10,309,213,349,167.0113,0.0000,0.0000,-1.0000,5400.0000,55.6704,0.0309,0.0462,0.0462,0.1500,4.0000,1.0000,22.9646,36.9500,3.835343,0.128564,3.835343,0.128564,0.129078,0.129078,"LINESTRING (-111.9399588 33.4240116, -111.9399523 33.4243448)",167.011300,0.030928,7.484536,7.500000,7.515464,22.374139,35.999990,1800.000000,31551757.953548,29.832193,22.374145,47.999999,35.999999,29.601531,29.601527,29.713295,47.628863,47.628856,47.808692,0.046372,0.000000,29.832,29.793,29.753,29.713,29.674,29.634,22.374,29.634,29.674,29.713,29.753,29.793,
10,310,214,215,0.0000,0.0000,0.0000,-1.0000,3600.0000,0.0000,0.0000,0.0790,0.0790,0.1500,4.0000,1.0000,29.8322,48.0000,0.000000,0.000000,0.000000,0.000000,0.000000,0.000000,"LINESTRING (-111.9399641 33.4264662, -111.9399640 33.4270359)",0.000000,0.000000,7.500000,7.500000,7.500000,22.374145,35.999999,0.000000,-nan(ind),29.832193,22.374145,47.999999,35.999999,29.832193,29.832193,29.832193,47.999999,47.999999,47.999999,0.078950,0.000000,29.832,29.832,29.832,29.832,29.832,29.832,-nan(ind),29.832,29.832,29.832,29.832,29.832,
10,311,215,362,0.0000,0.0000,0.0000,-1.0000,5400.0000,0.0000,0.0000,0.0484,0.0484,0.1500,4.0000,1.0000,24.0646,38.7200,0.000000,0.000000,0.000000,0.000000,0.000000,0.000000,"LINESTRING (-111.9399640 33.4270359, -111.9399639 33.4272821, -111.9399633 33.4273851)",0.000000,0.000000,7.500000,7.500000,7.500000,22.374145,35.999999,0.000000,-nan(ind),29.832193,22.374145,47.999999,35.999999,29.832193,29.832193,29.832193,47.999999,47.999999,47.999999,0.048400,0.000000,29.832,29.832,29.832,29.832,29.832,29.832,-nan(ind),29.832,29.832,29.832,29.832,29.832,
10,312,216,218,0.0000,0.0000,0.0000,-1.0000,3600.0000,0.0000,0.0000,0.0894,0.0894,0.1500,4.0000,1.0000,29.8322,48.0000,0.000000,0.000000,0.000000,0.000000,0.000000,0.000000,"LINESTRING (-111.9399616 33.4284311, -111.9399764 33.4284638, -111.9399917 33.4284947, -111.9399996 33.4286739, -111.9399832 33.4290713)",0.000000,0.000000,7.500000,7.500000,7.500000,22.374145,35.999999,0.000000,-nan(ind),29.832193,22.374145,47.999999,35.999999,29.832193,29.832193,29.832193,47.999999,47.999999,47.999999,0.089438,0.000000,29.832,29.832,29.832,29.832,29.832,29.832,-nan(ind),29.832,29.832,29.832,29.832,29.832,
10,313,217,220,40.3305,0.0000,0.0000,-1.0000,5400.0000,13.4435,0.0075,0.0126,0.0126,0.1500,4.0000,1.0000,6.2834,10.1100,0.253413,0.008495,0.253413,0.008495,0.008503,0.008503,"LINESTRING (-111.9399592 33.4261737, -111.9399577 33.4262649)",40.330500,0.007469,7.496266,7.500000,7.503734,22.374145,35.999999,1344.350000,1930534268.220250,29.832193,22.374145,47.999999,35.999999,29.776492,29.776492,29.804135,47.910376,47.910376,47.954853,0.012649,0.000000,29.832,29.823,29.813,29.804,29.795,29.785,22.374,29.785,29.795,29.804,29.813,29.823,
10,314,218,219,0.0000,0.0000,0.0000,-1.0000,3600.0000,0.0000,0.0000,0.0216,0.0216,0.1500,4.0000,1.0000,10.7209,17.2500,0.000000,0.000000,0.000000,0.000000,0.000000,0.000000,"LINESTRING (-111.9399832 33.4290713, -111.9399845 33.4292269)",0.000000,0.000000,7.500000,7.500000,7.500000,22.374145,35.999999,0.000000,-nan(ind),29.832193,22.374145,47.999999,35.999999,29.832193,29.832193,29.832193,47.999999,47.999999,47.999999,0.021563,0.000000,29.832,29.832,29.832,29.832,29.832,29.832,-nan(ind),29.832,29.832,29.832,29.832,29.832,
10,315,219,363,0.0000,0.0000,0.0000,-1.0000,5400.0000,0.0000,0.0000,0.0491,0.0491,0.1500,4.0000,1.0000,24.4189,39.2900,0.000000,0.000000,0.000000,0.000000,0.000000,0.000000,"LINESTRING (-111.9399845 33.4292269, -111.9399957 33.4293836, -111.9399694 33.4294678, -111.9399608 33.4294989, -111.9399635 33.4295773)",0.000000,0.000000,7.500000,7.500000,7.500000,22.374145,35.999999,0.000000,-nan(ind),29.832193,22.374145,47.999999,35.999999,29.832193,29.832193,29.832193,47.999999,47.999999,47.999999,0.049113,0.000000,29.832,29.832,29.832,29.832,29.832,29.832,-nan(ind),29.832,29.832,29.832,29.832,29.832,
10,316,220,18,40.3305,0.0000,0.0000,-1.0000,5400.0000,13.4435,0.0075,0.0208,0.0208,0.1500,4.0000,1.0000,17.1970,27.6700,0.693564,0.013949,0.693564,0.013949,0.013962,0.013962,"LINESTRING (-111.9399577 33.4262649, -111.9399784 33.4262740, -111.9400158 33.4263152, -111.9400219 33.4264383, -111.9400465 33.4264581, -111.9400776 33.4264624)",40.330500,0.007469,7.496266,7.500000,7.503734,37.290241,59.999998,1344.350000,3170200824.018909,49.720322,37.290241,79.999998,59.999998,49.627486,49.627486,49.673557,79.850625,79.850625,79.924754,0.020772,0.000000,49.720,49.705,49.689,49.674,49.658,49.642,37.290,49.642,49.658,49.674,49.689,49.705,
10,317,220,214,0.0000,0.0000,0.0000,-1.0000,3600.0000,0.0000,0.0000,0.0279,0.0279,0.1500,4.0000,1.0000,13.8782,22.3300,0.000000,0.000000,0.000000,0.000000,0.000000,0.000000,"LINESTRING (-111.9399577 33.4262649, -111.9399641 33.4264662)",0.000000,0.000000,7.500000,7.500000,7.500000,22.374145,35.999999,0.000000,-nan(ind),29.832193,22.374145,47.999999,35.999999,29.832193,29.832193,29.832193,47.999999,47.999999,47.999999,0.027913,0.000000,29.832,29.832,29.832,29.832,29.832,29.832,-nan(ind),29.832,29.832,29.832,29.832,29.832,
10,318,221,222,0.0000,0.0000,0.0000,-1.0000,5400.0000,0.0000,0.0000,0.0374,0.0374,0.1500,4.0000,1.0000,18.5705,29.8800,0.000000,0.000000,0.000000,0.000000,0.000000,0.000000,"LINESTRING (-111.9400691 33.4277606, -111.9400679 33.4275756, -111.9400695 33.4275261, -111.9400695 33.4274911)",0.000000,0.000000,7.500000,7.500000,7.500000,22.374145,35.999999,0.000000,-nan(ind),29.832193,22.374145,47.999999,35.999999,29.832193,29.832193,29.832193,47.999999,47.999999,47.999999,0.037350,0.000000,29.832,29.832,29.832,29.832,29.832,29.832,-nan(ind),29.832,29.832,29.832,29.832,29.832,
10,319,222,362,0.0000,0.0000,0.0000,-1.0000,3600.0000,0.0000,0.0000,0.0147,0.0147,0.1500,4.0000,1.0000,7.3213,11.7800,0.000000,0.000000,0.000000,0.000000,0.000000,0.000000,"LINESTRING (-111.9400695 33.4274911, -111.9400679 33.4273849)",0.000000,0.000000,7.500000,7.500000,7.500000,22.374145,35.999999,0.000000,-nan(ind),29.832193,22.374145,47.999999,35.999999,29.832193,29.832193,29.832193,47.999999,47.999999,47.999999,0.014725,0.000000,29.832,29.832,29.832,29.832,29.832,29.832,-nan(ind),29.832,29.832,29.832,29.832,29.832,
10,320,224,99,0.0000,0.0000,0.0000,-1.0000,3200.0000,0.0000,0.0000,0.1732,0.1732,0.1500,4.0000,1.0000,39.7763,64.0000,0.000000,0.000000,0.000000,0.000000,0.000000,0.000000,"LINESTRING (-111.9248832 33.4220294, -111.9245967 33.4220289, -111.9245690 33.4220289, -111.9241415 33.4220282, -111.9240913 33.4220281, -111.9238397 33.4220263, -111.9232160 33.4220268, -111.9228964 33.4220263)",0.000000,0.000000,7.500000,7.500000,7.500000,29.832195,48.000002,0.000000,-nan(ind),39.776260,29.832195,64.000003,48.000002,39.776260,39.776260,39.776260,64.000003,64.000003,64.000003,0.173166,0.000000,39.776,39.776,39.776,39.776,39.776,39.776,-nan(ind),39.776,39.776,39.776,39.776,39.776,
10,321,224,233,0.0000,0.0000,0.0000,-1.0000,4800.0000,0.0000,0.0000,0.0459,0.0459,0.1500,4.0000,1.0000,30.4164,48.9400,0.000000,0.000000,0.000000,0.000000,0.000000,0.000000,"LINESTRING (-111.9248832 33.4220294, -111.9253713 33.4220302, -111.9254096 33.4220303)",0.000000,0.000000,7.500000,7.500000,7.500000,29.832195,48.000002,0.000000,-nan(ind),39.776260,29.832195,64.000003,48.000002,39.776260,39.776260,39.776260,64.000003,64.000003,64.000003,0.045881,0.000000,39.776,39.776,39.776,39.776,39.776,39.776,-nan(ind),39.776,39.776,39.776,39.776,39.776,
10,322,225,99,0.0000,0.0000,0.0000,-1.0000,3200.0000,0.0000,0.0000,0.0433,0.0433,0.1500,4.0000,1.0000,28.6886,46.1600,0.000000,0.000000,0.000000,0.000000,0.000000,0.000000,"LINESTRING (-111.9224000 33.4220220, -111.9226440 33.4220242, -111.9228964 33.4220263)",0.000000,0.000000,7.500000,7.500000,7.500000,29.832195,48.000002,0.000000,-nan(ind),39.776260,29.832195,64.000003,48.000002,39.776260,39.776260,39.776260,64.000003,64.000003,64.000003,0.043275,0.000000,39.776,39.776,39.776,39.776,39.776,39.776,-nan(ind),39.776,39.776,39.776,39.776,39.776,
10,323,226,227,0.0000,0.0000,0.0000,-1.0000,6400.0000,0.0000,0.0000,0.0204,0.0204,0.1500,4.0000,1.0000,11.8583,19.0800,0.000000,0.000000,0.000000,0.000000,0.000000,0.000000,"LINESTRING (-111.9273877 33.4220144, -111.9271825 33.4220171)",0.000000,0.000000,7.500000,7.500000,7.500000,26.103169,42.000000,0.000000,-nan(ind),34.804226,26.103169,56.000000,42.000000,34.804226,34.804226,34.804226,56.000000,56.000000,56.000000,0.020443,0.000000,34.804,34.804,34.804,34.804,34.804,34.804,-nan(ind),34.804,34.804,34.804,34.804,34.804,
10,324,226,232,0.0000,0.0000,0.0000,-1.0000,4800.0000,0.0000,0.0000,0.1206,0.1206,0.1500,4.0000,1.0000,34.8042,56.0000,0.000000,0.000000,0.000000,0.000000,0.000000,0.000000,"LINESTRING (-111.9273877 33.4220144, -111.9274362 33.4220137, -111.9274588 33.4220137, -111.9275425 33.4220137, -111.9282882 33.4220140, -111.9283481 33.4220140, -111.9285987 33.4220169)",0.000000,0.000000,7.500000,7.500000,7.500000,26.103169,42.000000,0.000000,-nan(ind),34.804226,26.103169,56.000000,42.000000,34.804226,34.804226,34.804226,56.000000,56.000000,56.000000,0.120632,0.000000,34.804,34.804,34.804,34.804,34.804,34.804,-nan(ind),34.804,34.804,34.804,34.804,34.804,
10,325,227,226,0.0000,0.0000,0.0000,-1.0000,3200.0000,0.0000,0.0000,0.0204,0.0204,0.1500,4.0000,1.0000,11.8583,19.0800,0.000000,0.000000,0.000000,0.000000,0.000000,0.000000,"LINESTRING (-111.9271825 33.4220171, -111.9273877 33.4220144)",0.000000,0.000000,7.500000,7.500000,7.500000,26.103169,42.000000,0.000000,-nan(ind),34.804226,26.103169,56.000000,42.000000,34.804226,34.804226,34.804226,56.000000,56.000000,56.000000,0.020443,0.000000,34.804,34.804,34.804,34.804,34.804,34.804,-nan(ind),34.804,34.804,34.804,34.804,34.804,
10,326,227,368,0.0000,0.0000,0.0000,-1.0000,6400.0000,0.0000,0.0000,0.0772,0.0772,0.1500,4.0000,1.0000,34.8042,56.0000,0.000000,0.000000,0.000000,0.000000,0.000000,0.000000,"LINESTRING (-111.9271825 33.4220171, -111.9270745 33.4220186, -111.9268583 33.4220215, -111.9265015 33.4220263, -111.9264480 33.4220270, -111.9264076 33.4220275)",0.000000,0.000000,7.500000,7.500000,7.500000,26.103169,42.000000,0.000000,-nan(ind),34.804226,26.103169,56.000000,42.000000,34.804226,34.804226,34.804226,56.000000,56.000000,56.000000,0.077196,0.000000,34.804,34.804,34.804,34.804,34.804,34.804,-nan(ind),34.804,34.804,34.804,34.804,34.804,
10,327,230,231,0.0000,0.0000,0.0000,-1.0000,4800.0000,0.0000,0.0000,0.0654,0.0654,0.1500,4.0000,1.0000,34.8042,56.0000,0.000000,0.000000,0.000000,0.000000,0.000000,0.000000,"LINESTRING (-111.9295985 33.4220148, -111.9290744 33.4220195, -111.9289415 33.4220194)",0.000000,0.000000,7.500000,7.500000,7.500000,26.103169,42.000000,0.000000,-nan(ind),34.804226,26.103169,56.000000,42.000000,34.804226,34.804226,34.804226,56.000000,56.000000,56.000000,0.065443,0.000000,34.804,34.804,34.804,34.804,34.804,34.804,-nan(ind),34.804,34.804,34.804,34.804,34.804,
10,328,230,365,0.0000,0.0000,0.0000,-1.0000,3200.0000,0.0000,0.0000,0.1170,0.1170,0.1500,4.0000,1.0000,34.8042,56.0000,0.000000,0.000000,0.000000,0.000000,0.000000,0.000000,"LINESTRING (-111.9295985 33.4220148, -111.9297409 33.4220518, -111.9307660 33.4220427)",0.000000,0.000000,7.500000,7.500000,7.500000,26.103169,42.000000,0.000000,-nan(ind),34.804226,26.103169,56.000000,42.000000,34.804226,34.804226,34.804226,56.000000,56.000000,56.000000,0.116968,0.000000,34.804,34.804,34.804,34.804,34.804,34.804,-nan(ind),34.804,34.804,34.804,34.804,34.804,
10,329,231,230,0.0000,0.0000,0.0000,-1.0000,3200.0000,0.0000,0.0000,0.0654,0.0654,0.1500,4.0000,1.0000,34.8042,56.0000,0.000000,0.000000,0.000000,0.000000,0.000000,0.000000,"LINESTRING (-111.9289415 33.4220194, -111.9290744 33.4220195, -111.9295985 33.4220148)",0.000000,0.000000,7.500000,7.500000,7.500000,26.103169,42.000000,0.000000,-nan(ind),34.804226,26.103169,56.000000,42.000000,34.804226,34.804226,34.804226,56.000000,56.000000,56.000000,0.065443,0.000000,34.804,34.804,34.804,34.804,34.804,34.804,-nan(ind),34.804,34.804,34.804,34.804,34.804,
10,330,231,232,0.0000,0.0000,0.0000,-1.0000,3200.0000,0.0000,0.0000,0.0341,0.0341,0.1500,4.0000,1.0000,19.8073,31.8700,0.000000,0.000000,0.000000,0.000000,0.000000,0.000000,"LINESTRING (-111.9289415 33.4220194, -111.9287923 33.4220192, -111.9285987 33.4220169)",0.000000,0.000000,7.500000,7.500000,7.500000,26.103169,42.000000,0.000000,-nan(ind),34.804226,26.103169,56.000000,42.000000,34.804226,34.804226,34.804226,56.000000,56.000000,56.000000,0.034146,0.000000,34.804,34.804,34.804,34.804,34.804,34.804,-nan(ind),34.804,34.804,34.804,34.804,34.804,
10,331,231,286,0.0000,0.0000,0.0000,-1.0000,1200.0000,0.0000,0.0000,0.0719,0.0719,0.1500,4.0000,1.0000,24.8602,40.0000,0.000000,0.000000,0.000000,0.000000,0.000000,0.000000,"LINESTRING (-111.9289415 33.4220194, -111.9289349 33.4219201, -111.9289333 33.4218962, -111.9289364 33.4215873)",0.000000,0.000000,7.500000,7.500000,7.500000,18.645121,29.999999,0.000000,-nan(ind),24.860161,18.645121,39.999999,29.999999,24.860161,24.860161,24.860161,39.999999,39.999999,39.999999,0.071895,0.000000,24.860,24.860,24.860,24.860,24.860,24.860,-nan(ind),24.860,24.860,24.860,24.860,24.860,
10,332,231,315,0.0000,0.0000,0.0000,-1.0000,1200.0000,0.0000,0.0000,0.0537,0.0537,0.1500,4.0000,1.0000,26.6998,42.9600,0.000000,0.000000,0.000000,0.000000,0.000000,0.000000,"LINESTRING (-111.9289415 33.4220194, -111.9289506 33.4221573, -111.9289548 33.4221717, -111.9289967 33.4223153, -111.9290413 33.4223935)",0.000000,0.000000,7.500000,7.500000,7.500000,22.374145,35.999999,0.000000,-nan(ind),29.832193,22.374145,47.999999,35.999999,29.832193,29.832193,29.832193,47.999999,47.999999,47.999999,0.053700,0.000000,29.832,29.832,29.832,29.832,29.832,29.832,-nan(ind),29.832,29.832,29.832,29.832,29.832,
10,333,232,226,0.0000,0.0000,0.0000,-1.0000,4800.0000,0.0000,0.0000,0.1206,0.1206,0.1500,4.0000,1.0000,34.8042,56.0000,0.000000,0.000000,0.000000,0.000000,0.000000,0.000000,"LINESTRING (-111.9285987 33.4220169, -111.9283481 33.4220140, -111.9282882 33.4220140, -111.9275425 33.4220137, -111.9274588 33.4220137, -111.9274362 33.4220137, -111.9273877 33.4220144)",0.000000,0.000000,7.500000,7.500000,7.500000,26.103169,42.000000,0.000000,-nan(ind),34.804226,26.103169,56.000000,42.000000,34.804226,34.804226,34.804226,56.000000,56.000000,56.000000,0.120632,0.000000,34.804,34.804,34.804,34.804,34.804,34.804,-nan(ind),34.804,34.804,34.804,34.804,34.804,
10,334,232,231,0.0000,0.0000,0.0000,-1.0000,4800.0000,0.0000,0.0000,0.0341,0.0341,0.1500,4.0000,1.0000,19.8073,31.8700,0.000000,0.000000,0.000000,0.000000,0.000000,0.000000,"LINESTRING (-111.9285987 33.4220169, -111.9287923 33.4220192, -111.9289415 33.4220194)",0.000000,0.000000,7.500000,7.500000,7.500000,26.103169,42.000000,0.000000,-nan(ind),34.804226,26.103169,56.000000,42.000000,34.804226,34.804226,34.804226,56.000000,56.000000,56.000000,0.034146,0.000000,34.804,34.804,34.804,34.804,34.804,34.804,-nan(ind),34.804,34.804,34.804,34.804,34.804,
10,335,233,224,0.0000,0.0000,0.0000,-1.0000,3200.0000,0.0000,0.0000,0.0459,0.0459,0.1500,4.0000,1.0000,30.4164,48.9400,0.000000,0.000000,0.000000,0.000000,0.000000,0.000000,"LINESTRING (-111.9254096 33.4220303, -111.9253713 33.4220302, -111.9248832 33.4220294)",0.000000,0.000000,7.500000,7.500000,7.500000,29.832195,48.000002,0.000000,-nan(ind),39.776260,29.832195,64.000003,48.000002,39.776260,39.776260,39.776260,64.000003,64.000003,64.000003,0.045881,0.000000,39.776,39.776,39.776,39.776,39.776,39.776,-nan(ind),39.776,39.776,39.776,39.776,39.776,
10,336,233,368,0.0000,0.0000,0.0000,-1.0000,8000.0000,0.0000,0.0000,0.0726,0.0726,0.1500,4.0000,1.0000,39.7763,64.0000,0.000000,0.000000,0.000000,0.000000,0.000000,0.000000,"LINESTRING (-111.9254096 33.4220303, -111.9256100 33.4220306, -111.9257789 33.4220309, -111.9261176 33.4220314, -111.9262430 33.4220288)",0.000000,0.000000,7.500000,7.500000,7.500000,29.832195,48.000002,0.000000,-nan(ind),39.776260,29.832195,64.000003,48.000002,39.776260,39.776260,39.776260,64.000003,64.000003,64.000003,0.072637,0.000000,39.776,39.776,39.776,39.776,39.776,39.776,-nan(ind),39.776,39.776,39.776,39.776,39.776,
10,337,234,351,78.0783,0.0000,0.0000,-1.0000,6400.0000,19.5196,0.0122,0.0910,0.0910,0.1500,4.0000,1.0000,34.8042,56.0000,4.120341,0.118386,4.120341,0.118386,0.118569,0.118569,"LINESTRING (-111.9390184 33.4219833, -111.9393277 33.4219821, -111.9393949 33.4219819, -111.9398577 33.4219804, -111.9399092 33.4219358)",78.078300,0.012200,7.493900,7.500000,7.506100,26.103169,41.999999,1600.000000,2314961448.396765,34.804226,26.103169,56.000000,42.000000,34.698075,34.698075,34.750503,55.829203,55.829203,55.913560,0.091116,0.000000,34.804,34.786,34.768,34.750,34.733,34.715,26.103,34.715,34.733,34.750,34.768,34.786,
10,338,235,363,0.0000,0.0000,0.0000,-1.0000,3600.0000,0.0000,0.0000,0.0090,0.0090,0.1500,4.0000,1.0000,4.4686,7.1900,0.000000,0.000000,0.000000,0.000000,0.000000,0.000000,"LINESTRING (-111.9400948 33.4297326, -111.9400919 33.4296678)",0.000000,0.000000,7.500000,7.500000,7.500000,22.374145,35.999999,0.000000,-nan(ind),29.832193,22.374145,47.999999,35.999999,29.832193,29.832193,29.832193,47.999999,47.999999,47.999999,0.008988,0.000000,29.832,29.832,29.832,29.832,29.832,29.832,-nan(ind),29.832,29.832,29.832,29.832,29.832,
10,339,236,235,0.0000,0.0000,0.0000,-1.0000,5400.0000,0.0000,0.0000,0.0658,0.0658,0.1500,4.0000,1.0000,29.8322,48.0000,0.000000,0.000000,0.000000,0.000000,0.000000,0.000000,"LINESTRING (-111.9401286 33.4302061, -111.9401130 33.4300629, -111.9400948 33.4297326)",0.000000,0.000000,7.500000,7.500000,7.500000,22.374145,35.999999,0.000000,-nan(ind),29.832193,22.374145,47.999999,35.999999,29.832193,29.832193,29.832193,47.999999,47.999999,47.999999,0.065750,0.000000,29.832,29.832,29.832,29.832,29.832,29.832,-nan(ind),29.832,29.832,29.832,29.832,29.832,
10,340,237,7,1.6835,0.0000,0.0000,-1.0000,3600.0000,0.8417,0.0005,0.0484,0.0484,0.1500,4.0000,1.0000,28.0485,45.1300,0.047220,0.001357,0.047220,0.001357,0.001357,0.001357,"LINESTRING (-111.9417462 33.4219298, -111.9412608 33.4219305)",1.683500,0.000468,7.499766,7.500000,7.500234,26.103169,42.000000,84.175000,30249925580066.585938,34.804226,26.103169,56.000000,42.000000,34.800157,34.800157,34.802190,55.993453,55.993453,55.996725,0.048356,0.000000,34.804,34.804,34.803,34.802,34.802,34.801,26.103,34.801,34.802,34.802,34.803,34.804,
10,341,237,238,0.0000,0.0000,0.0000,-1.0000,5400.0000,0.0000,0.0000,0.0641,0.0641,0.1500,4.0000,1.0000,34.8042,56.0000,0.000000,0.000000,0.000000,0.000000,0.000000,0.000000,"LINESTRING (-111.9417462 33.4219298, -111.9417698 33.4219298, -111.9421430 33.4219292, -111.9422926 33.4219290, -111.9423681 33.4219283, -111.9423899 33.4219281)",0.000000,0.000000,7.500000,7.500000,7.500000,26.103169,42.000000,0.000000,-nan(ind),34.804226,26.103169,56.000000,42.000000,34.804226,34.804226,34.804226,56.000000,56.000000,56.000000,0.064114,0.000000,34.804,34.804,34.804,34.804,34.804,34.804,-nan(ind),34.804,34.804,34.804,34.804,34.804,
10,342,238,162,0.0000,0.0000,0.0000,-1.0000,1200.0000,0.0000,0.0000,0.0769,0.0769,0.1500,4.0000,1.0000,29.8322,48.0000,0.000000,0.000000,0.000000,0.000000,0.000000,0.000000,"LINESTRING (-111.9423899 33.4219281, -111.9423888 33.4219395, -111.9423874 33.4220465, -111.9423987 33.4224828)",0.000000,0.000000,7.500000,7.500000,7.500000,22.374145,35.999999,0.000000,-nan(ind),29.832193,22.374145,47.999999,35.999999,29.832193,29.832193,29.832193,47.999999,47.999999,47.999999,0.076888,0.000000,29.832,29.832,29.832,29.832,29.832,29.832,-nan(ind),29.832,29.832,29.832,29.832,29.832,
10,343,238,237,1.6835,0.0000,0.0000,-1.0000,3600.0000,0.8417,0.0005,0.0641,0.0641,0.1500,4.0000,1.0000,34.8042,56.0000,0.062611,0.001799,0.062611,0.001799,0.001799,0.001799,"LINESTRING (-111.9423899 33.4219281, -111.9423681 33.4219283, -111.9422926 33.4219290, -111.9421430 33.4219292, -111.9417698 33.4219298, -111.9417462 33.4219298)",1.683500,0.000468,7.499766,7.500000,7.500234,26.103169,42.000000,84.175000,40109806042791.585938,34.804226,26.103169,56.000000,42.000000,34.800157,34.800157,34.802190,55.993453,55.993453,55.996725,0.064118,0.000000,34.804,34.804,34.803,34.802,34.802,34.801,26.103,34.801,34.802,34.802,34.803,34.804,
10,344,238,240,0.0000,0.0000,0.0000,-1.0000,3600.0000,0.0000,0.0000,0.0009,0.0009,0.1500,4.0000,1.0000,0.5842,0.9400,0.000000,0.000000,0.000000,0.000000,0.000000,0.000000,"LINESTRING (-111.9423899 33.4219281, -111.9424000 33.4219281)",0.000000,0.000000,7.500000,7.500000,7.500000,29.832195,48.000002,0.000000,-nan(ind),39.776260,29.832195,64.000003,48.000002,39.776260,39.776260,39.776260,64.000003,64.000003,64.000003,0.000881,0.000000,39.776,39.776,39.776,39.776,39.776,39.776,-nan(ind),39.776,39.776,39.776,39.776,39.776,
10,345,238,302,0.0000,0.0000,0.0000,-1.0000,1000.0000,0.0000,0.0000,0.1562,0.1562,0.1500,4.0000,1.0000,18.6451,30.0000,0.000000,0.000000,0.000000,0.000000,0.000000,0.000000,"LINESTRING (-111.9423899 33.4219281, -111.9423956 33.4218115, -111.9423945 33.4217049, -111.9423936 33.4216625, -111.9423904 33.4213628, -111.9423906 33.4213209, -111.9423905 33.4212237)",0.000000,0.000000,7.500000,7.500000,7.500000,13.983840,22.499999,0.000000,-nan(ind),18.645121,13.983840,29.999999,22.499999,18.645121,18.645121,18.645121,29.999999,29.999999,29.999999,0.156220,0.000000,18.645,18.645,18.645,18.645,18.645,18.645,-nan(ind),18.645,18.645,18.645,18.645,18.645,
10,346,239,7,38.6470,0.0000,0.0000,-1.0000,3600.0000,19.3235,0.0107,0.0511,0.0511,0.1500,4.0000,1.0000,29.6395,47.6900,1.145479,0.032912,1.145479,0.032912,0.032957,0.032957,"LINESTRING (-111.9407478 33.4219322, -111.9412608 33.4219305)",38.647000,0.010735,7.494632,7.500000,7.505368,26.103169,41.999999,1800.000000,2442288933.666770,34.804226,26.103169,56.000000,42.000000,34.710818,34.710818,34.757020,55.849706,55.849706,55.924046,0.051166,0.000000,34.804,34.788,34.773,34.757,34.741,34.726,26.103,34.726,34.741,34.757,34.773,34.788,
10,347,239,351,28.6197,0.0000,0.0000,-1.0000,7200.0000,7.1549,0.0040,0.0665,0.0665,0.1500,4.0000,1.0000,34.8042,56.0000,1.104055,0.031722,1.104055,0.031722,0.031738,0.031738,"LINESTRING (-111.9407478 33.4219322, -111.9407002 33.4219284, -111.9405740 33.4219291, -111.9402869 33.4219337, -111.9401712 33.4219341, -111.9400804 33.4219347)",28.619700,0.003975,7.498013,7.500000,7.501987,26.103169,42.000000,715.492500,67566162359.742699,34.804226,26.103169,56.000000,42.000000,34.769640,34.769640,34.786864,55.944350,55.944350,55.972064,0.066537,0.000000,34.804,34.798,34.793,34.787,34.781,34.775,26.103,34.775,34.781,34.787,34.793,34.798,
10,348,240,238,0.0000,0.0000,0.0000,-1.0000,5400.0000,0.0000,0.0000,0.0009,0.0009,0.1500,4.0000,1.0000,0.5842,0.9400,0.000000,0.000000,0.000000,0.000000,0.000000,0.000000,"LINESTRING (-111.9424000 33.4219281, -111.9423899 33.4219281)",0.000000,0.000000,7.500000,7.500000,7.500000,29.832195,48.000002,0.000000,-nan(ind),39.776260,29.832195,64.000003,48.000002,39.776260,39.776260,39.776260,64.000003,64.000003,64.000003,0.000881,0.000000,39.776,39.776,39.776,39.776,39.776,39.776,-nan(ind),39.776,39.776,39.776,39.776,39.776,
10,349,241,242,0.0000,0.0000,0.0000,-1.0000,4800.0000,0.0000,0.0000,0.0757,0.0757,0.1500,4.0000,1.0000,34.8042,56.0000,0.000000,0.000000,0.000000,0.000000,0.000000,0.000000,"LINESTRING (-111.9297890 33.4288004, -111.9301712 33.4288374, -111.9305333 33.4289205)",0.000000,0.000000,7.500000,7.500000,7.500000,26.103169,42.000000,0.000000,-nan(ind),34.804226,26.103169,56.000000,42.000000,34.804226,34.804226,34.804226,56.000000,56.000000,56.000000,0.075718,0.000000,34.804,34.804,34.804,34.804,34.804,34.804,-nan(ind),34.804,34.804,34.804,34.804,34.804,
10,350,242,293,0.0000,0.0000,0.0000,-1.0000,6400.0000,0.0000,0.0000,0.0757,0.0757,0.1500,4.0000,1.0000,34.8042,56.0000,0.000000,0.000000,0.000000,0.000000,0.000000,0.000000,"LINESTRING (-111.9305333 33.4289205, -111.9306629 33.4289502, -111.9307178 33.4289677, -111.9312478 33.4291369)",0.000000,0.000000,7.500000,7.500000,7.500000,26.103169,42.000000,0.000000,-nan(ind),34.804226,26.103169,56.000000,42.000000,34.804226,34.804226,34.804226,56.000000,56.000000,56.000000,0.075718,0.000000,34.804,34.804,34.804,34.804,34.804,34.804,-nan(ind),34.804,34.804,34.804,34.804,34.804,
10,351,243,369,0.0000,0.0000,0.0000,-1.0000,8000.0000,0.0000,0.0000,0.0900,0.0900,0.1500,4.0000,1.0000,34.8042,56.0000,0.000000,0.000000,0.000000,0.000000,0.000000,0.000000,"LINESTRING (-111.9253831 33.4288338, -111.9261081 33.4288836, -111.9262837 33.4288957)",0.000000,0.000000,7.500000,7.500000,7.500000,26.103169,42.000000,0.000000,-nan(ind),34.804226,26.103169,56.000000,42.000000,34.804226,34.804226,34.804226,56.000000,56.000000,56.000000,0.090000,0.000000,34.804,34.804,34.804,34.804,34.804,34.804,-nan(ind),34.804,34.804,34.804,34.804,34.804,
10,352,245,246,0.0000,0.0000,0.0000,-1.0000,4800.0000,0.0000,0.0000,0.0537,0.0537,0.1500,4.0000,1.0000,31.1436,50.1100,0.000000,0.000000,0.000000,0.000000,0.000000,0.000000,"LINESTRING (-111.9279262 33.4289480, -111.9279993 33.4289443, -111.9284571 33.4288722)",0.000000,0.000000,7.500000,7.500000,7.500000,26.103169,42.000000,0.000000,-nan(ind),34.804226,26.103169,56.000000,42.000000,34.804226,34.804226,34.804226,56.000000,56.000000,56.000000,0.053689,0.000000,34.804,34.804,34.804,34.804,34.804,34.804,-nan(ind),34.804,34.804,34.804,34.804,34.804,
10,353,246,249,0.0000,0.0000,0.0000,-1.0000,8000.0000,0.0000,0.0000,0.0852,0.0852,0.1500,4.0000,1.0000,34.8042,56.0000,0.000000,0.000000,0.000000,0.000000,0.000000,0.000000,"LINESTRING (-111.9284571 33.4288722, -111.9287893 33.4288199, -111.9289868 33.4287997, -111.9291233 33.4287925, -111.9293051 33.4287835)",0.000000,0.000000,7.500000,7.500000,7.500000,26.103169,42.000000,0.000000,-nan(ind),34.804226,26.103169,56.000000,42.000000,34.804226,34.804226,34.804226,56.000000,56.000000,56.000000,0.085243,0.000000,34.804,34.804,34.804,34.804,34.804,34.804,-nan(ind),34.804,34.804,34.804,34.804,34.804,
10,354,247,369,0.0000,0.0000,0.0000,-1.0000,8000.0000,0.0000,0.0000,0.0930,0.0930,0.1500,4.0000,1.0000,34.8042,56.0000,0.000000,0.000000,0.000000,0.000000,0.000000,0.000000,"LINESTRING (-111.9272141 33.4288263, -111.9267723 33.4288065, -111.9264921 33.4287917, -111.9262821 33.4287845)",0.000000,0.000000,7.500000,7.500000,7.500000,26.103169,42.000000,0.000000,-nan(ind),34.804226,26.103169,56.000000,42.000000,34.804226,34.804226,34.804226,56.000000,56.000000,56.000000,0.092968,0.000000,34.804,34.804,34.804,34.804,34.804,34.804,-nan(ind),34.804,34.804,34.804,34.804,34.804,
10,355,249,241,0.0000,0.0000,0.0000,-1.0000,3200.0000,0.0000,0.0000,0.0483,0.0483,0.1500,4.0000,1.0000,27.9925,45.0400,0.000000,0.000000,0.000000,0.000000,0.000000,0.000000,"LINESTRING (-111.9293051 33.4287835, -111.9294810 33.4287847, -111.9297890 33.4288004)",0.000000,0.000000,7.500000,7.500000,7.500000,26.103169,42.000000,0.000000,-nan(ind),34.804226,26.103169,56.000000,42.000000,34.804226,34.804226,34.804226,56.000000,56.000000,56.000000,0.048257,0.000000,34.804,34.804,34.804,34.804,34.804,34.804,-nan(ind),34.804,34.804,34.804,34.804,34.804,
10,356,250,251,0.0000,0.0000,0.0000,-1.0000,8000.0000,0.0000,0.0000,0.0035,0.0035,0.1500,4.0000,1.0000,2.0012,3.2200,0.000000,0.000000,0.000000,0.000000,0.000000,0.000000,"LINESTRING (-111.9301262 33.4287001, -111.9300918 33.4286969)",0.000000,0.000000,7.500000,7.500000,7.500000,26.103169,42.000000,0.000000,-nan(ind),34.804226,26.103169,56.000000,42.000000,34.804226,34.804226,34.804226,56.000000,56.000000,56.000000,0.003450,0.000000,34.804,34.804,34.804,34.804,34.804,34.804,-nan(ind),34.804,34.804,34.804,34.804,34.804,
10,357,251,254,0.0000,0.0000,0.0000,-1.0000,8000.0000,0.0000,0.0000,0.0784,0.0784,0.1500,4.0000,1.0000,34.8042,56.0000,0.000000,0.000000,0.000000,0.000000,0.000000,0.000000,"LINESTRING (-111.9300918 33.4286969, -111.9297016 33.4286675, -111.9294671 33.4286631, -111.9293062 33.4286668)",0.000000,0.000000,7.500000,7.500000,7.500000,26.103169,42.000000,0.000000,-nan(ind),34.804226,26.103169,56.000000,42.000000,34.804226,34.804226,34.804226,56.000000,56.000000,56.000000,0.078418,0.000000,34.804,34.804,34.804,34.804,34.804,34.804,-nan(ind),34.804,34.804,34.804,34.804,34.804,
10,358,252,253,0.0000,0.0000,0.0000,-1.0000,4800.0000,0.0000,0.0000,0.0092,0.0092,0.1500,4.0000,1.0000,5.3139,8.5500,0.000000,0.000000,0.000000,0.000000,0.000000,0.000000,"LINESTRING (-111.9332589 33.4294600, -111.9333493 33.4294743)",0.000000,0.000000,7.500000,7.500000,7.500000,26.103169,42.000000,0.000000,-nan(ind),34.804226,26.103169,56.000000,42.000000,34.804226,34.804226,34.804226,56.000000,56.000000,56.000000,0.009161,0.000000,34.804,34.804,34.804,34.804,34.804,34.804,-nan(ind),34.804,34.804,34.804,34.804,34.804,
10,359,253,255,0.0000,0.0000,0.0000,-1.0000,8000.0000,0.0000,0.0000,0.0665,0.0665,0.1500,4.0000,1.0000,34.8042,56.0000,0.000000,0.000000,0.000000,0.000000,0.000000,0.000000,"LINESTRING (-111.9333493 33.4294743, -111.9334728 33.4294910, -111.9336315 33.4295146, -111.9338080 33.4295602, -111.9339783 33.4296433)",0.000000,0.000000,7.500000,7.500000,7.500000,26.103169,42.000000,0.000000,-nan(ind),34.804226,26.103169,56.000000,42.000000,34.804226,34.804226,34.804226,56.000000,56.000000,56.000000,0.066536,0.000000,34.804,34.804,34.804,34.804,34.804,34.804,-nan(ind),34.804,34.804,34.804,34.804,34.804,
10,360,254,247,0.0000,0.0000,0.0000,-1.0000,3200.0000,0.0000,0.0000,0.2100,0.2100,0.1500,4.0000,1.0000,34.8042,56.0000,0.000000,0.000000,0.000000,0.000000,0.000000,0.000000,"LINESTRING (-111.9293062 33.4286668, -111.9291317 33.4286708, -111.9289694 33.4286812, -111.9286542 33.4287189, -111.9283645 33.4287643, -111.9279628 33.4288273, -111.9276704 33.4288391, -111.9275799 33.4288427, -111.9274308 33.4288360, -111.9272141 33.4288263)",0.000000,0.000000,7.500000,7.500000,7.500000,26.103169,42.000000,0.000000,-nan(ind),34.804226,26.103169,56.000000,42.000000,34.804226,34.804226,34.804226,56.000000,56.000000,56.000000,0.210032,0.000000,34.804,34.804,34.804,34.804,34.804,34.804,-nan(ind),34.804,34.804,34.804,34.804,34.804,
10,361,255,296,0.0000,0.0000,0.0000,-1.0000,3200.0000,0.0000,0.0000,0.0420,0.0420,0.1500,4.0000,1.0000,24.3630,39.2000,0.000000,0.000000,0.000000,0.000000,0.000000,0.000000,"LINESTRING (-111.9339783 33.4296433, -111.9341044 33.4297076, -111.9343207 33.4298487)",0.000000,0.000000,7.500000,7.500000,7.500000,26.103169,42.000000,0.000000,-nan(ind),34.804226,26.103169,56.000000,42.000000,34.804226,34.804226,34.804226,56.000000,56.000000,56.000000,0.042000,0.000000,34.804,34.804,34.804,34.804,34.804,34.804,-nan(ind),34.804,34.804,34.804,34.804,34.804,
10,362,256,259,0.0000,0.0000,0.0000,-1.0000,4800.0000,0.0000,0.0000,0.1066,0.1066,0.1500,4.0000,1.0000,34.8042,56.0000,0.000000,0.000000,0.000000,0.000000,0.000000,0.000000,"LINESTRING (-111.9357552 33.4306078, -111.9360173 33.4306607, -111.9362634 33.4306890, -111.9365807 33.4307001, -111.9368145 33.4306868)",0.000000,0.000000,7.500000,7.500000,7.500000,26.103169,42.000000,0.000000,-nan(ind),34.804226,26.103169,56.000000,42.000000,34.804226,34.804226,34.804226,56.000000,56.000000,56.000000,0.106564,0.000000,34.804,34.804,34.804,34.804,34.804,34.804,-nan(ind),34.804,34.804,34.804,34.804,34.804,
10,363,257,258,0.0000,0.0000,0.0000,-1.0000,6400.0000,0.0000,0.0000,0.0657,0.0657,0.1500,4.0000,1.0000,34.8042,56.0000,0.000000,0.000000,0.000000,0.000000,0.000000,0.000000,"LINESTRING (-111.9345889 33.4298130, -111.9344733 33.4297298, -111.9341567 33.4295308, -111.9340560 33.4294897)",0.000000,0.000000,7.500000,7.500000,7.500000,26.103169,42.000000,0.000000,-nan(ind),34.804226,26.103169,56.000000,42.000000,34.804226,34.804226,34.804226,56.000000,56.000000,56.000000,0.065743,0.000000,34.804,34.804,34.804,34.804,34.804,34.804,-nan(ind),34.804,34.804,34.804,34.804,34.804,
10,364,258,260,0.0000,0.0000,0.0000,-1.0000,3200.0000,0.0000,0.0000,0.1914,0.1914,0.1500,4.0000,1.0000,34.8042,56.0000,0.000000,0.000000,0.000000,0.000000,0.000000,0.000000,"LINESTRING (-111.9340560 33.4294897, -111.9337917 33.4293557, -111.9336814 33.4293249, -111.9335620 33.4293000, -111.9333170 33.4292740, -111.9328969 33.4292720, -111.9326115 33.4292630, -111.9321918 33.4292423)",0.000000,0.000000,7.500000,7.500000,7.500000,26.103169,42.000000,0.000000,-nan(ind),34.804226,26.103169,56.000000,42.000000,34.804226,34.804226,34.804226,56.000000,56.000000,56.000000,0.191357,0.000000,34.804,34.804,34.804,34.804,34.804,34.804,-nan(ind),34.804,34.804,34.804,34.804,34.804,
10,365,259,175,0.0000,0.0000,0.0000,-1.0000,6400.0000,0.0000,0.0000,0.0701,0.0701,0.1500,4.0000,1.0000,34.8042,56.0000,0.000000,0.000000,0.000000,0.000000,0.000000,0.000000,"LINESTRING (-111.9368145 33.4306868, -111.9370662 33.4306506, -111.9372716 33.4306112, -111.9373958 33.4305727, -111.9374938 33.4305413)",0.000000,0.000000,7.500000,7.500000,7.500000,26.103169,42.000000,0.000000,-nan(ind),34.804226,26.103169,56.000000,42.000000,34.804226,34.804226,34.804226,56.000000,56.000000,56.000000,0.070061,0.000000,34.804,34.804,34.804,34.804,34.804,34.804,-nan(ind),34.804,34.804,34.804,34.804,34.804,
10,366,260,285,0.0000,0.0000,0.0000,-1.0000,4800.0000,0.0000,0.0000,0.0932,0.0932,0.1500,4.0000,1.0000,34.8042,56.0000,0.000000,0.000000,0.000000,0.000000,0.000000,0.000000,"LINESTRING (-111.9321918 33.4292423, -111.9320382 33.4292230, -111.9316808 33.4291318, -111.9312927 33.4290308)",0.000000,0.000000,7.500000,7.500000,7.500000,26.103169,42.000000,0.000000,-nan(ind),34.804226,26.103169,56.000000,42.000000,34.804226,34.804226,34.804226,56.000000,56.000000,56.000000,0.093150,0.000000,34.804,34.804,34.804,34.804,34.804,34.804,-nan(ind),34.804,34.804,34.804,34.804,34.804,
10,367,261,131,0.0000,0.0000,0.0000,-1.0000,3200.0000,0.0000,0.0000,0.0293,0.0293,0.1500,4.0000,1.0000,16.9733,27.3100,0.000000,0.000000,0.000000,0.000000,0.000000,0.000000,"LINESTRING (-111.9417837 33.4295365, -111.9420775 33.4295382)",0.000000,0.000000,7.500000,7.500000,7.500000,26.103169,42.000000,0.000000,-nan(ind),34.804226,26.103169,56.000000,42.000000,34.804226,34.804226,34.804226,56.000000,56.000000,56.000000,0.029261,0.000000,34.804,34.804,34.804,34.804,34.804,34.804,-nan(ind),34.804,34.804,34.804,34.804,34.804,
10,368,263,243,0.0000,0.0000,0.0000,-1.0000,3200.0000,0.0000,0.0000,0.1429,0.1429,0.1500,4.0000,1.0000,34.8042,56.0000,0.000000,0.000000,0.000000,0.000000,0.000000,0.000000,"LINESTRING (-111.9239819 33.4289759, -111.9241099 33.4289230, -111.9244454 33.4288354, -111.9247554 33.4288082, -111.9251236 33.4288160, -111.9251959 33.4288210, -111.9253831 33.4288338)",0.000000,0.000000,7.500000,7.500000,7.500000,26.103169,42.000000,0.000000,-nan(ind),34.804226,26.103169,56.000000,42.000000,34.804226,34.804226,34.804226,56.000000,56.000000,56.000000,0.142875,0.000000,34.804,34.804,34.804,34.804,34.804,34.804,-nan(ind),34.804,34.804,34.804,34.804,34.804,
10,369,264,265,0.0000,0.0000,0.0000,-1.0000,5400.0000,0.0000,0.0000,0.0188,0.0188,0.1500,4.0000,1.0000,10.8763,17.5000,0.000000,0.000000,0.000000,0.000000,0.000000,0.000000,"LINESTRING (-111.9262955 33.4184244, -111.9262944 33.4185822)",0.000000,0.000000,7.500000,7.500000,7.500000,26.103169,42.000000,0.000000,-nan(ind),34.804226,26.103169,56.000000,42.000000,34.804226,34.804226,34.804226,56.000000,56.000000,56.000000,0.018750,0.000000,34.804,34.804,34.804,34.804,34.804,34.804,-nan(ind),34.804,34.804,34.804,34.804,34.804,
10,370,264,269,0.0000,0.0000,0.0000,-1.0000,5400.0000,0.0000,0.0000,0.1049,0.1049,0.1500,4.0000,1.0000,34.8042,56.0000,0.000000,0.000000,0.000000,0.000000,0.000000,0.000000,"LINESTRING (-111.9262955 33.4184244, -111.9262981 33.4180334, -111.9262985 33.4179757, -111.9262991 33.4178889, -111.9262994 33.4177845, -111.9262995 33.4177493, -111.9262997 33.4175971, -111.9263000 33.4175412)",0.000000,0.000000,7.500000,7.500000,7.500000,26.103169,42.000000,0.000000,-nan(ind),34.804226,26.103169,56.000000,42.000000,34.804226,34.804226,34.804226,56.000000,56.000000,56.000000,0.104914,0.000000,34.804,34.804,34.804,34.804,34.804,34.804,-nan(ind),34.804,34.804,34.804,34.804,34.804,
10,371,265,264,0.0000,0.0000,0.0000,-1.0000,5400.0000,0.0000,0.0000,0.0188,0.0188,0.1500,4.0000,1.0000,10.8763,17.5000,0.000000,0.000000,0.000000,0.000000,0.000000,0.000000,"LINESTRING (-111.9262944 33.4185822, -111.9262955 33.4184244)",0.000000,0.000000,7.500000,7.500000,7.500000,26.103169,42.000000,0.000000,-nan(ind),34.804226,26.103169,56.000000,42.000000,34.804226,34.804226,34.804226,56.000000,56.000000,56.000000,0.018750,0.000000,34.804,34.804,34.804,34.804,34.804,34.804,-nan(ind),34.804,34.804,34.804,34.804,34.804,
10,372,265,273,0.0000,0.0000,0.0000,-1.0000,7200.0000,0.0000,0.0000,0.0660,0.0660,0.1500,4.0000,1.0000,34.8042,56.0000,0.000000,0.000000,0.000000,0.000000,0.000000,0.000000,"LINESTRING (-111.9262944 33.4185822, -111.9262975 33.4190282, -111.9262965 33.4191375)",0.000000,0.000000,7.500000,7.500000,7.500000,26.103169,42.000000,0.000000,-nan(ind),34.804226,26.103169,56.000000,42.000000,34.804226,34.804226,34.804226,56.000000,56.000000,56.000000,0.065968,0.000000,34.804,34.804,34.804,34.804,34.804,34.804,-nan(ind),34.804,34.804,34.804,34.804,34.804,
10,373,266,267,0.0000,0.0000,0.0000,-1.0000,5400.0000,0.0000,0.0000,0.0729,0.0729,0.1500,4.0000,1.0000,49.7203,80.0000,0.000000,0.000000,0.000000,0.000000,0.000000,0.000000,"LINESTRING (-111.9262936 33.4155005, -111.9262944 33.4155570, -111.9262974 33.4159902, -111.9263002 33.4162330, -111.9263007 33.4163769)",0.000000,0.000000,7.500000,7.500000,7.500000,37.290241,59.999998,0.000000,-nan(ind),49.720322,37.290241,79.999998,59.999998,49.720322,49.720322,49.720322,79.999998,79.999998,79.999998,0.072878,0.000000,49.720,49.720,49.720,49.720,49.720,49.720,-nan(ind),49.720,49.720,49.720,49.720,49.720,
10,374,266,360,0.0000,0.0000,0.0000,-1.0000,9000.0000,0.0000,0.0000,0.0547,0.0547,0.1500,4.0000,1.0000,45.3139,72.9100,0.000000,0.000000,0.000000,0.000000,0.000000,0.000000,"LINESTRING (-111.9262936 33.4155005, -111.9262927 33.4154363, -111.9262909 33.4153155, -111.9262895 33.4152234, -111.9262852 33.4149352, -111.9262878 33.4148429)",0.000000,0.000000,7.500000,7.500000,7.500000,37.290241,59.999998,0.000000,-nan(ind),49.720322,37.290241,79.999998,59.999998,49.720322,49.720322,49.720322,79.999998,79.999998,79.999998,0.054683,0.000000,49.720,49.720,49.720,49.720,49.720,49.720,-nan(ind),49.720,49.720,49.720,49.720,49.720,
10,375,267,266,0.0000,0.0000,0.0000,-1.0000,5400.0000,0.0000,0.0000,0.0729,0.0729,0.1500,4.0000,1.0000,49.7203,80.0000,0.000000,0.000000,0.000000,0.000000,0.000000,0.000000,"LINESTRING (-111.9263007 33.4163769, -111.9263002 33.4162330, -111.9262974 33.4159902, -111.9262944 33.4155570, -111.9262936 33.4155005)",0.000000,0.000000,7.500000,7.500000,7.500000,37.290241,59.999998,0.000000,-nan(ind),49.720322,37.290241,79.999998,59.999998,49.720322,49.720322,49.720322,79.999998,79.999998,79.999998,0.072878,0.000000,49.720,49.720,49.720,49.720,49.720,49.720,-nan(ind),49.720,49.720,49.720,49.720,49.720,
10,376,267,270,0.0000,0.0000,0.0000,-1.0000,7200.0000,0.0000,0.0000,0.0384,0.0384,0.1500,4.0000,1.0000,31.7837,51.1400,0.000000,0.000000,0.000000,0.000000,0.000000,0.000000,"LINESTRING (-111.9263007 33.4163769, -111.9263017 33.4165401, -111.9263029 33.4167356, -111.9263035 33.4168382)",0.000000,0.000000,7.500000,7.500000,7.500000,37.290241,59.999998,0.000000,-nan(ind),49.720322,37.290241,79.999998,59.999998,49.720322,49.720322,49.720322,79.999998,79.999998,79.999998,0.038355,0.000000,49.720,49.720,49.720,49.720,49.720,49.720,-nan(ind),49.720,49.720,49.720,49.720,49.720,
10,377,268,269,0.0000,0.0000,0.0000,-1.0000,5400.0000,0.0000,0.0000,0.0194,0.0194,0.1500,4.0000,1.0000,11.2617,18.1200,0.000000,0.000000,0.000000,0.000000,0.000000,0.000000,"LINESTRING (-111.9263004 33.4173778, -111.9263000 33.4175412)",0.000000,0.000000,7.500000,7.500000,7.500000,26.103169,42.000000,0.000000,-nan(ind),34.804226,26.103169,56.000000,42.000000,34.804226,34.804226,34.804226,56.000000,56.000000,56.000000,0.019414,0.000000,34.804,34.804,34.804,34.804,34.804,34.804,-nan(ind),34.804,34.804,34.804,34.804,34.804,
10,378,268,270,0.0000,0.0000,0.0000,-1.0000,7200.0000,0.0000,0.0000,0.0641,0.0641,0.1500,4.0000,1.0000,34.8042,56.0000,0.000000,0.000000,0.000000,0.000000,0.000000,0.000000,"LINESTRING (-111.9263004 33.4173778, -111.9263016 33.4171287, -111.9263029 33.4169296, -111.9263035 33.4168382)",0.000000,0.000000,7.500000,7.500000,7.500000,26.103169,42.000000,0.000000,-nan(ind),34.804226,26.103169,56.000000,42.000000,34.804226,34.804226,34.804226,56.000000,56.000000,56.000000,0.064093,0.000000,34.804,34.804,34.804,34.804,34.804,34.804,-nan(ind),34.804,34.804,34.804,34.804,34.804,
10,379,269,264,0.0000,0.0000,0.0000,-1.0000,5400.0000,0.0000,0.0000,0.1049,0.1049,0.1500,4.0000,1.0000,34.8042,56.0000,0.000000,0.000000,0.000000,0.000000,0.000000,0.000000,"LINESTRING (-111.9263000 33.4175412, -111.9262997 33.4175971, -111.9262995 33.4177493, -111.9262994 33.4177845, -111.9262991 33.4178889, -111.9262985 33.4179757, -111.9262981 33.4180334, -111.9262955 33.4184244)",0.000000,0.000000,7.500000,7.500000,7.500000,26.103169,42.000000,0.000000,-nan(ind),34.804226,26.103169,56.000000,42.000000,34.804226,34.804226,34.804226,56.000000,56.000000,56.000000,0.104914,0.000000,34.804,34.804,34.804,34.804,34.804,34.804,-nan(ind),34.804,34.804,34.804,34.804,34.804,
10,380,269,268,0.0000,0.0000,0.0000,-1.0000,5400.0000,0.0000,0.0000,0.0194,0.0194,0.1500,4.0000,1.0000,11.2617,18.1200,0.000000,0.000000,0.000000,0.000000,0.000000,0.000000,"LINESTRING (-111.9263000 33.4175412, -111.9263004 33.4173778)",0.000000,0.000000,7.500000,7.500000,7.500000,26.103169,42.000000,0.000000,-nan(ind),34.804226,26.103169,56.000000,42.000000,34.804226,34.804226,34.804226,56.000000,56.000000,56.000000,0.019414,0.000000,34.804,34.804,34.804,34.804,34.804,34.804,-nan(ind),34.804,34.804,34.804,34.804,34.804,
10,381,270,33,0.0000,0.0000,0.0000,-1.0000,1000.0000,0.0000,0.0000,0.5831,0.5831,0.1500,4.0000,1.0000,18.6451,30.0000,0.000000,0.000000,0.000000,0.000000,0.000000,0.000000,"LINESTRING (-111.9263035 33.4168382, -111.9264704 33.4168349, -111.9265633 33.4168309, -111.9266440 33.4168225, -111.9267505 33.4168087, -111.9268530 33.4167857, -111.9271601 33.4166905, -111.9271917 33.4166831, -111.9272923 33.4166614, -111.9273827 33.4166406, -111.9274785 33.4166304, -111.9275795 33.4166248, -111.9279378 33.4166216, -111.9287510 33.4166318, -111.9291845 33.4166419, -111.9292738 33.4166437, -111.9294043 33.4166443)",0.000000,0.000000,7.500000,7.500000,7.500000,13.983840,22.499999,0.000000,-nan(ind),18.645121,13.983840,29.999999,22.499999,18.645121,18.645121,18.645121,29.999999,29.999999,29.999999,0.583120,0.000000,18.645,18.645,18.645,18.645,18.645,18.645,-nan(ind),18.645,18.645,18.645,18.645,18.645,
10,382,270,267,0.0000,0.0000,0.0000,-1.0000,5400.0000,0.0000,0.0000,0.0384,0.0384,0.1500,4.0000,1.0000,31.7837,51.1400,0.000000,0.000000,0.000000,0.000000,0.000000,0.000000,"LINESTRING (-111.9263035 33.4168382, -111.9263029 33.4167356, -111.9263017 33.4165401, -111.9263007 33.4163769)",0.000000,0.000000,7.500000,7.500000,7.500000,37.290241,59.999998,0.000000,-nan(ind),49.720322,37.290241,79.999998,59.999998,49.720322,49.720322,49.720322,79.999998,79.999998,79.999998,0.038355,0.000000,49.720,49.720,49.720,49.720,49.720,49.720,-nan(ind),49.720,49.720,49.720,49.720,49.720,
10,383,270,268,0.0000,0.0000,0.0000,-1.0000,5400.0000,0.0000,0.0000,0.0641,0.0641,0.1500,4.0000,1.0000,34.8042,56.0000,0.000000,0.000000,0.000000,0.000000,0.000000,0.000000,"LINESTRING (-111.9263035 33.4168382, -111.9263029 33.4169296, -111.9263016 33.4171287, -111.9263004 33.4173778)",0.000000,0.000000,7.500000,7.500000,7.500000,26.103169,42.000000,0.000000,-nan(ind),34.804226,26.103169,56.000000,42.000000,34.804226,34.804226,34.804226,56.000000,56.000000,56.000000,0.064093,0.000000,34.804,34.804,34.804,34.804,34.804,34.804,-nan(ind),34.804,34.804,34.804,34.804,34.804,
10,384,270,342,0.0000,0.0000,0.0000,-1.0000,1000.0000,0.0000,0.0000,0.1651,0.1651,0.1500,4.0000,1.0000,18.6451,30.0000,0.000000,0.000000,0.000000,0.000000,0.000000,0.000000,"LINESTRING (-111.9263035 33.4168382, -111.9261395 33.4168327, -111.9260081 33.4168288, -111.9257802 33.4168223, -111.9256121 33.4168174, -111.9254160 33.4168118)",0.000000,0.000000,7.500000,7.500000,7.500000,13.983840,22.499999,0.000000,-nan(ind),18.645121,13.983840,29.999999,22.499999,18.645121,18.645121,18.645121,29.999999,29.999999,29.999999,0.165140,0.000000,18.645,18.645,18.645,18.645,18.645,18.645,-nan(ind),18.645,18.645,18.645,18.645,18.645,
10,385,271,272,0.0000,0.0000,0.0000,-1.0000,5400.0000,0.0000,0.0000,0.0968,0.0968,0.1500,4.0000,1.0000,34.8042,56.0000,0.000000,0.000000,0.000000,0.000000,0.000000,0.000000,"LINESTRING (-111.9262833 33.4283177, -111.9263666 33.4280550, -111.9263688 33.4275117)",0.000000,0.000000,7.500000,7.500000,7.500000,26.103169,42.000000,0.000000,-nan(ind),34.804226,26.103169,56.000000,42.000000,34.804226,34.804226,34.804226,56.000000,56.000000,56.000000,0.096825,0.000000,34.804,34.804,34.804,34.804,34.804,34.804,-nan(ind),34.804,34.804,34.804,34.804,34.804,
10,386,271,369,0.0000,0.0000,0.0000,-1.0000,7200.0000,0.0000,0.0000,0.0555,0.0555,0.1500,4.0000,1.0000,32.1690,51.7600,0.000000,0.000000,0.000000,0.000000,0.000000,0.000000,"LINESTRING (-111.9262833 33.4283177, -111.9262793 33.4286766, -111.9262793 33.4286892, -111.9262821 33.4287845)",0.000000,0.000000,7.500000,7.500000,7.500000,26.103169,42.000000,0.000000,-nan(ind),34.804226,26.103169,56.000000,42.000000,34.804226,34.804226,34.804226,56.000000,56.000000,56.000000,0.055457,0.000000,34.804,34.804,34.804,34.804,34.804,34.804,-nan(ind),34.804,34.804,34.804,34.804,34.804,
10,387,272,281,0.0000,0.0000,0.0000,-1.0000,5400.0000,0.0000,0.0000,0.2976,0.2976,0.1500,4.0000,1.0000,34.8042,56.0000,0.000000,0.000000,0.000000,0.000000,0.000000,0.000000,"LINESTRING (-111.9263688 33.4275117, -111.9263790 33.4250061)",0.000000,0.000000,7.500000,7.500000,7.500000,26.103169,42.000000,0.000000,-nan(ind),34.804226,26.103169,56.000000,42.000000,34.804226,34.804226,34.804226,56.000000,56.000000,56.000000,0.297632,0.000000,34.804,34.804,34.804,34.804,34.804,34.804,-nan(ind),34.804,34.804,34.804,34.804,34.804,
10,388,273,152,0.0000,0.0000,0.0000,-1.0000,5400.0000,0.0000,0.0000,0.0482,0.0482,0.1500,4.0000,1.0000,27.9366,44.9500,0.000000,0.000000,0.000000,0.000000,0.000000,0.000000,"LINESTRING (-111.9262965 33.4191375, -111.9262973 33.4192711, -111.9262990 33.4195429)",0.000000,0.000000,7.500000,7.500000,7.500000,26.103169,42.000000,0.000000,-nan(ind),34.804226,26.103169,56.000000,42.000000,34.804226,34.804226,34.804226,56.000000,56.000000,56.000000,0.048161,0.000000,34.804,34.804,34.804,34.804,34.804,34.804,-nan(ind),34.804,34.804,34.804,34.804,34.804,
10,389,273,265,0.0000,0.0000,0.0000,-1.0000,5400.0000,0.0000,0.0000,0.0660,0.0660,0.1500,4.0000,1.0000,34.8042,56.0000,0.000000,0.000000,0.000000,0.000000,0.000000,0.000000,"LINESTRING (-111.9262965 33.4191375, -111.9262975 33.4190282, -111.9262944 33.4185822)",0.000000,0.000000,7.500000,7.500000,7.500000,26.103169,42.000000,0.000000,-nan(ind),34.804226,26.103169,56.000000,42.000000,34.804226,34.804226,34.804226,56.000000,56.000000,56.000000,0.065968,0.000000,34.804,34.804,34.804,34.804,34.804,34.804,-nan(ind),34.804,34.804,34.804,34.804,34.804,
10,390,273,340,0.0000,0.0000,0.0000,-1.0000,1000.0000,0.0000,0.0000,0.2686,0.2686,0.1500,4.0000,1.0000,18.6451,30.0000,0.000000,0.000000,0.000000,0.000000,0.000000,0.000000,"LINESTRING (-111.9262965 33.4191375, -111.9264704 33.4191473, -111.9265817 33.4191320, -111.9266886 33.4191283, -111.9267631 33.4191359, -111.9267684 33.4191364, -111.9268289 33.4191225, -111.9270629 33.4190274, -111.9271102 33.4189623, -111.9271558 33.4189227, -111.9273276 33.4188569, -111.9273828 33.4188262, -111.9274574 33.4187662, -111.9275636 33.4186999)",0.000000,0.000000,7.500000,7.500000,7.500000,13.983840,22.499999,0.000000,-nan(ind),18.645121,13.983840,29.999999,22.499999,18.645121,18.645121,18.645121,29.999999,29.999999,29.999999,0.268620,0.000000,18.645,18.645,18.645,18.645,18.645,18.645,-nan(ind),18.645,18.645,18.645,18.645,18.645,
10,391,274,89,0.0000,0.0000,0.0000,-1.0000,5400.0000,0.0000,0.0000,0.0165,0.0165,0.1500,4.0000,1.0000,9.5525,15.3700,0.000000,0.000000,0.000000,0.000000,0.000000,0.000000,"LINESTRING (-111.9262989 33.4202366, -111.9262989 33.4201830, -111.9262989 33.4200980)",0.000000,0.000000,7.500000,7.500000,7.500000,26.103169,42.000000,0.000000,-nan(ind),34.804226,26.103169,56.000000,42.000000,34.804226,34.804226,34.804226,56.000000,56.000000,56.000000,0.016468,0.000000,34.804,34.804,34.804,34.804,34.804,34.804,-nan(ind),34.804,34.804,34.804,34.804,34.804,
10,392,274,275,0.0000,0.0000,0.0000,-1.0000,5400.0000,0.0000,0.0000,0.0056,0.0056,0.1500,4.0000,1.0000,3.2443,5.2200,0.000000,0.000000,0.000000,0.000000,0.000000,0.000000,"LINESTRING (-111.9262989 33.4202366, -111.9263008 33.4202837)",0.000000,0.000000,7.500000,7.500000,7.500000,26.103169,42.000000,0.000000,-nan(ind),34.804226,26.103169,56.000000,42.000000,34.804226,34.804226,34.804226,56.000000,56.000000,56.000000,0.005593,0.000000,34.804,34.804,34.804,34.804,34.804,34.804,-nan(ind),34.804,34.804,34.804,34.804,34.804,
10,393,275,274,0.0000,0.0000,0.0000,-1.0000,5400.0000,0.0000,0.0000,0.0056,0.0056,0.1500,4.0000,1.0000,3.2443,5.2200,0.000000,0.000000,0.000000,0.000000,0.000000,0.000000,"LINESTRING (-111.9263008 33.4202837, -111.9262989 33.4202366)",0.000000,0.000000,7.500000,7.500000,7.500000,26.103169,42.000000,0.000000,-nan(ind),34.804226,26.103169,56.000000,42.000000,34.804226,34.804226,34.804226,56.000000,56.000000,56.000000,0.005593,0.000000,34.804,34.804,34.804,34.804,34.804,34.804,-nan(ind),34.804,34.804,34.804,34.804,34.804,
10,394,275,278,0.0000,0.0000,0.0000,-1.0000,5400.0000,0.0000,0.0000,0.0092,0.0092,0.1500,4.0000,1.0000,5.3636,8.6300,0.000000,0.000000,0.000000,0.000000,0.000000,0.000000,"LINESTRING (-111.9263008 33.4202837, -111.9263019 33.4203615)",0.000000,0.000000,7.500000,7.500000,7.500000,26.103169,42.000000,0.000000,-nan(ind),34.804226,26.103169,56.000000,42.000000,34.804226,34.804226,34.804226,56.000000,56.000000,56.000000,0.009246,0.000000,34.804,34.804,34.804,34.804,34.804,34.804,-nan(ind),34.804,34.804,34.804,34.804,34.804,
10,395,276,282,0.0000,0.0000,0.0000,-1.0000,5400.0000,0.0000,0.0000,0.1143,0.1143,0.1500,4.0000,1.0000,34.8042,56.0000,0.000000,0.000000,0.000000,0.000000,0.000000,0.000000,"LINESTRING (-111.9262948 33.4140912, -111.9262957 33.4138447, -111.9262961 33.4137476, -111.9262963 33.4137059, -111.9262972 33.4134638, -111.9262979 33.4132664, -111.9262984 33.4131293)",0.000000,0.000000,7.500000,7.500000,7.500000,26.103169,42.000000,0.000000,-nan(ind),34.804226,26.103169,56.000000,42.000000,34.804226,34.804226,34.804226,56.000000,56.000000,56.000000,0.114257,0.000000,34.804,34.804,34.804,34.804,34.804,34.804,-nan(ind),34.804,34.804,34.804,34.804,34.804,
10,396,276,360,0.0000,0.0000,0.0000,-1.0000,9000.0000,0.0000,0.0000,0.0716,0.0716,0.1500,4.0000,1.0000,34.8042,56.0000,0.000000,0.000000,0.000000,0.000000,0.000000,0.000000,"LINESTRING (-111.9262948 33.4140912, -111.9262947 33.4141212, -111.9262941 33.4142863, -111.9262929 33.4146131, -111.9262925 33.4146937)",0.000000,0.000000,7.500000,7.500000,7.500000,26.103169,42.000000,0.000000,-nan(ind),34.804226,26.103169,56.000000,42.000000,34.804226,34.804226,34.804226,56.000000,56.000000,56.000000,0.071571,0.000000,34.804,34.804,34.804,34.804,34.804,34.804,-nan(ind),34.804,34.804,34.804,34.804,34.804,
10,397,277,278,0.0000,0.0000,0.0000,-1.0000,7200.0000,0.0000,0.0000,0.0641,0.0641,0.1500,4.0000,1.0000,34.8042,56.0000,0.000000,0.000000,0.000000,0.000000,0.000000,0.000000,"LINESTRING (-111.9263916 33.4208903, -111.9263891 33.4207332, -111.9263871 33.4206018, -111.9263019 33.4203615)",0.000000,0.000000,7.500000,7.500000,7.500000,26.103169,42.000000,0.000000,-nan(ind),34.804226,26.103169,56.000000,42.000000,34.804226,34.804226,34.804226,56.000000,56.000000,56.000000,0.064050,0.000000,34.804,34.804,34.804,34.804,34.804,34.804,-nan(ind),34.804,34.804,34.804,34.804,34.804,
10,398,278,38,0.0000,0.0000,0.0000,-1.0000,5400.0000,0.0000,0.0000,0.0739,0.0739,0.1500,4.0000,1.0000,34.8042,56.0000,0.000000,0.000000,0.000000,0.000000,0.000000,0.000000,"LINESTRING (-111.9263019 33.4203615, -111.9262331 33.4205950, -111.9262379 33.4209763)",0.000000,0.000000,7.500000,7.500000,7.500000,26.103169,42.000000,0.000000,-nan(ind),34.804226,26.103169,56.000000,42.000000,34.804226,34.804226,34.804226,56.000000,56.000000,56.000000,0.073864,0.000000,34.804,34.804,34.804,34.804,34.804,34.804,-nan(ind),34.804,34.804,34.804,34.804,34.804,
10,399,278,275,0.0000,0.0000,0.0000,-1.0000,5400.0000,0.0000,0.0000,0.0092,0.0092,0.1500,4.0000,1.0000,5.3636,8.6300,0.000000,0.000000,0.000000,0.000000,0.000000,0.000000,"LINESTRING (-111.9263019 33.4203615, -111.9263008 33.4202837)",0.000000,0.000000,7.500000,7.500000,7.500000,26.103169,42.000000,0.000000,-nan(ind),34.804226,26.103169,56.000000,42.000000,34.804226,34.804226,34.804226,56.000000,56.000000,56.000000,0.009246,0.000000,34.804,34.804,34.804,34.804,34.804,34.804,-nan(ind),34.804,34.804,34.804,34.804,34.804,
10,400,279,364,0.0000,0.0000,0.0000,-1.0000,7200.0000,0.0000,0.0000,0.0359,0.0359,0.1500,4.0000,1.0000,20.8390,33.5300,0.000000,0.000000,0.000000,0.000000,0.000000,0.000000,"LINESTRING (-111.9262248 33.4242002, -111.9262240 33.4244218, -111.9262237 33.4245026)",0.000000,0.000000,7.500000,7.500000,7.500000,26.103169,42.000000,0.000000,-nan(ind),34.804226,26.103169,56.000000,42.000000,34.804226,34.804226,34.804226,56.000000,56.000000,56.000000,0.035925,0.000000,34.804,34.804,34.804,34.804,34.804,34.804,-nan(ind),34.804,34.804,34.804,34.804,34.804,
10,401,280,368,0.0000,0.0000,0.0000,-1.0000,9000.0000,0.0000,0.0000,0.0714,0.0714,0.1500,4.0000,1.0000,34.8042,56.0000,0.000000,0.000000,0.000000,0.000000,0.000000,0.000000,"LINESTRING (-111.9262395 33.4214276, -111.9262402 33.4216218, -111.9262412 33.4218810, -111.9262430 33.4220288)",0.000000,0.000000,7.500000,7.500000,7.500000,26.103169,42.000000,0.000000,-nan(ind),34.804226,26.103169,56.000000,42.000000,34.804226,34.804226,34.804226,56.000000,56.000000,56.000000,0.071411,0.000000,34.804,34.804,34.804,34.804,34.804,34.804,-nan(ind),34.804,34.804,34.804,34.804,34.804,
10,402,281,364,0.0000,0.0000,0.0000,-1.0000,7200.0000,0.0000,0.0000,0.0596,0.0596,0.1500,4.0000,1.0000,34.5494,55.5900,0.000000,0.000000,0.000000,0.000000,0.000000,0.000000,"LINESTRING (-111.9263790 33.4250061, -111.9263807 33.4245940, -111.9263814 33.4245047)",0.000000,0.000000,7.500000,7.500000,7.500000,26.103169,42.000000,0.000000,-nan(ind),34.804226,26.103169,56.000000,42.000000,34.804226,34.804226,34.804226,56.000000,56.000000,56.000000,0.059561,0.000000,34.804,34.804,34.804,34.804,34.804,34.804,-nan(ind),34.804,34.804,34.804,34.804,34.804,
10,403,282,44,0.0000,0.0000,0.0000,-1.0000,7200.0000,0.0000,0.0000,0.0293,0.0293,0.1500,4.0000,1.0000,16.9981,27.3500,0.000000,0.000000,0.000000,0.000000,0.000000,0.000000,"LINESTRING (-111.9262984 33.4131293, -111.9262991 33.4129511, -111.9262973 33.4128826)",0.000000,0.000000,7.500000,7.500000,7.500000,26.103169,42.000000,0.000000,-nan(ind),34.804226,26.103169,56.000000,42.000000,34.804226,34.804226,34.804226,56.000000,56.000000,56.000000,0.029304,0.000000,34.804,34.804,34.804,34.804,34.804,34.804,-nan(ind),34.804,34.804,34.804,34.804,34.804,
10,404,282,276,0.0000,0.0000,0.0000,-1.0000,5400.0000,0.0000,0.0000,0.1143,0.1143,0.1500,4.0000,1.0000,34.8042,56.0000,0.000000,0.000000,0.000000,0.000000,0.000000,0.000000,"LINESTRING (-111.9262984 33.4131293, -111.9262979 33.4132664, -111.9262972 33.4134638, -111.9262963 33.4137059, -111.9262961 33.4137476, -111.9262957 33.4138447, -111.9262948 33.4140912)",0.000000,0.000000,7.500000,7.500000,7.500000,26.103169,42.000000,0.000000,-nan(ind),34.804226,26.103169,56.000000,42.000000,34.804226,34.804226,34.804226,56.000000,56.000000,56.000000,0.114257,0.000000,34.804,34.804,34.804,34.804,34.804,34.804,-nan(ind),34.804,34.804,34.804,34.804,34.804,
10,405,283,44,0.0000,0.0000,0.0000,-1.0000,7200.0000,0.0000,0.0000,0.0217,0.0217,0.1500,4.0000,1.0000,12.5792,20.2400,0.000000,0.000000,0.000000,0.000000,0.000000,0.000000,"LINESTRING (-111.9262948 33.4127000, -111.9262950 33.4127843, -111.9262950 33.4127914, -111.9262973 33.4128826)",0.000000,0.000000,7.500000,7.500000,7.500000,26.103169,42.000000,0.000000,-nan(ind),34.804226,26.103169,56.000000,42.000000,34.804226,34.804226,34.804226,56.000000,56.000000,56.000000,0.021686,0.000000,34.804,34.804,34.804,34.804,34.804,34.804,-nan(ind),34.804,34.804,34.804,34.804,34.804,
10,406,284,279,0.0000,0.0000,0.0000,-1.0000,5400.0000,0.0000,0.0000,0.0458,0.0458,0.1500,4.0000,1.0000,26.5569,42.7300,0.000000,0.000000,0.000000,0.000000,0.000000,0.000000,"LINESTRING (-111.9262262 33.4238148, -111.9262248 33.4242002)",0.000000,0.000000,7.500000,7.500000,7.500000,26.103169,42.000000,0.000000,-nan(ind),34.804226,26.103169,56.000000,42.000000,34.804226,34.804226,34.804226,56.000000,56.000000,56.000000,0.045782,0.000000,34.804,34.804,34.804,34.804,34.804,34.804,-nan(ind),34.804,34.804,34.804,34.804,34.804,
10,407,285,250,0.0000,0.0000,0.0000,-1.0000,3200.0000,0.0000,0.0000,0.1230,0.1230,0.1500,4.0000,1.0000,34.8042,56.0000,0.000000,0.000000,0.000000,0.000000,0.000000,0.000000,"LINESTRING (-111.9312927 33.4290308, -111.9307670 33.4288405, -111.9301262 33.4287001)",0.000000,0.000000,7.500000,7.500000,7.500000,26.103169,42.000000,0.000000,-nan(ind),34.804226,26.103169,56.000000,42.000000,34.804226,34.804226,34.804226,56.000000,56.000000,56.000000,0.123000,0.000000,34.804,34.804,34.804,34.804,34.804,34.804,-nan(ind),34.804,34.804,34.804,34.804,34.804,
10,408,286,231,0.0000,0.0000,0.0000,-1.0000,3600.0000,0.0000,0.0000,0.0719,0.0719,0.1500,4.0000,1.0000,24.8602,40.0000,0.000000,0.000000,0.000000,0.000000,0.000000,0.000000,"LINESTRING (-111.9289364 33.4215873, -111.9289333 33.4218962, -111.9289349 33.4219201, -111.9289415 33.4220194)",0.000000,0.000000,7.500000,7.500000,7.500000,18.645121,29.999999,0.000000,-nan(ind),24.860161,18.645121,39.999999,29.999999,24.860161,24.860161,24.860161,39.999999,39.999999,39.999999,0.071895,0.000000,24.860,24.860,24.860,24.860,24.860,24.860,-nan(ind),24.860,24.860,24.860,24.860,24.860,
10,409,286,311,0.0000,0.0000,0.0000,-1.0000,1200.0000,0.0000,0.0000,0.0595,0.0595,0.1500,4.0000,1.0000,24.6551,39.6700,0.000000,0.000000,0.000000,0.000000,0.000000,0.000000,"LINESTRING (-111.9289364 33.4215873, -111.9289369 33.4215339, -111.9289501 33.4212297)",0.000000,0.000000,7.500000,7.500000,7.500000,18.645121,29.999999,0.000000,-nan(ind),24.860161,18.645121,39.999999,29.999999,24.860161,24.860161,24.860161,39.999999,39.999999,39.999999,0.059505,0.000000,24.860,24.860,24.860,24.860,24.860,24.860,-nan(ind),24.860,24.860,24.860,24.860,24.860,
10,410,287,146,0.0000,0.0000,0.0000,-1.0000,1000.0000,0.0000,0.0000,0.0611,0.0611,0.1500,4.0000,1.0000,18.6451,30.0000,0.000000,0.000000,0.000000,0.000000,0.000000,0.000000,"LINESTRING (-111.9333809 33.4173570, -111.9334577 33.4173564, -111.9336455 33.4173509, -111.9337083 33.4173613)",0.000000,0.000000,7.500000,7.500000,7.500000,13.983840,22.499999,0.000000,-nan(ind),18.645121,13.983840,29.999999,22.499999,18.645121,18.645121,18.645121,29.999999,29.999999,29.999999,0.061120,0.000000,18.645,18.645,18.645,18.645,18.645,18.645,-nan(ind),18.645,18.645,18.645,18.645,18.645,
10,411,287,288,0.0000,0.0000,0.0000,-1.0000,1000.0000,0.0000,0.0000,0.1285,0.1285,0.1500,4.0000,1.0000,18.6451,30.0000,0.000000,0.000000,0.000000,0.000000,0.000000,0.000000,"LINESTRING (-111.9333809 33.4173570, -111.9326900 33.4173629)",0.000000,0.000000,7.500000,7.500000,7.500000,13.983840,22.499999,0.000000,-nan(ind),18.645121,13.983840,29.999999,22.499999,18.645121,18.645121,18.645121,29.999999,29.999999,29.999999,0.128480,0.000000,18.645,18.645,18.645,18.645,18.645,18.645,-nan(ind),18.645,18.645,18.645,18.645,18.645,
10,412,288,287,0.0000,0.0000,0.0000,-1.0000,1000.0000,0.0000,0.0000,0.1285,0.1285,0.1500,4.0000,1.0000,18.6451,30.0000,0.000000,0.000000,0.000000,0.000000,0.000000,0.000000,"LINESTRING (-111.9326900 33.4173629, -111.9333809 33.4173570)",0.000000,0.000000,7.500000,7.500000,7.500000,13.983840,22.499999,0.000000,-nan(ind),18.645121,13.983840,29.999999,22.499999,18.645121,18.645121,18.645121,29.999999,29.999999,29.999999,0.128480,0.000000,18.645,18.645,18.645,18.645,18.645,18.645,-nan(ind),18.645,18.645,18.645,18.645,18.645,
10,413,288,289,0.0000,0.0000,0.0000,-1.0000,1000.0000,0.0000,0.0000,0.4708,0.4708,0.1500,4.0000,1.0000,18.6451,30.0000,0.000000,0.000000,0.000000,0.000000,0.000000,0.000000,"LINESTRING (-111.9326900 33.4173629, -111.9321368 33.4173666, -111.9315700 33.4173761, -111.9313904 33.4174105, -111.9303256 33.4174289, -111.9302261 33.4174289, -111.9301745 33.4173982)",0.000000,0.000000,7.500000,7.500000,7.500000,13.983840,22.499999,0.000000,-nan(ind),18.645121,13.983840,29.999999,22.499999,18.645121,18.645121,18.645121,29.999999,29.999999,29.999999,0.470840,0.000000,18.645,18.645,18.645,18.645,18.645,18.645,-nan(ind),18.645,18.645,18.645,18.645,18.645,
10,414,289,33,0.0000,0.0000,0.0000,-1.0000,1000.0000,0.0000,0.0000,0.2964,0.2964,0.1500,4.0000,1.0000,18.6451,30.0000,0.000000,0.000000,0.000000,0.000000,0.000000,0.000000,"LINESTRING (-111.9301745 33.4173982, -111.9301600 33.4173668, -111.9301410 33.4167334, -111.9301267 33.4166972, -111.9301124 33.4166739, -111.9300852 33.4166556, -111.9300319 33.4166347, -111.9299767 33.4166314, -111.9296389 33.4166347, -111.9295418 33.4166375, -111.9294043 33.4166443)",0.000000,0.000000,7.500000,7.500000,7.500000,13.983840,22.499999,0.000000,-nan(ind),18.645121,13.983840,29.999999,22.499999,18.645121,18.645121,18.645121,29.999999,29.999999,29.999999,0.296440,0.000000,18.645,18.645,18.645,18.645,18.645,18.645,-nan(ind),18.645,18.645,18.645,18.645,18.645,
10,415,289,288,0.0000,0.0000,0.0000,-1.0000,1000.0000,0.0000,0.0000,0.4708,0.4708,0.1500,4.0000,1.0000,18.6451,30.0000,0.000000,0.000000,0.000000,0.000000,0.000000,0.000000,"LINESTRING (-111.9301745 33.4173982, -111.9302261 33.4174289, -111.9303256 33.4174289, -111.9313904 33.4174105, -111.9315700 33.4173761, -111.9321368 33.4173666, -111.9326900 33.4173629)",0.000000,0.000000,7.500000,7.500000,7.500000,13.983840,22.499999,0.000000,-nan(ind),18.645121,13.983840,29.999999,22.499999,18.645121,18.645121,18.645121,29.999999,29.999999,29.999999,0.470840,0.000000,18.645,18.645,18.645,18.645,18.645,18.645,-nan(ind),18.645,18.645,18.645,18.645,18.645,
10,416,290,183,0.0000,0.0000,0.0000,-1.0000,3600.0000,0.0000,0.0000,0.0864,0.0864,0.1500,4.0000,1.0000,34.8042,56.0000,0.000000,0.000000,0.000000,0.000000,0.000000,0.000000,"LINESTRING (-111.9291473 33.4148012, -111.9300149 33.4147941)",0.000000,0.000000,7.500000,7.500000,7.500000,26.103169,42.000000,0.000000,-nan(ind),34.804226,26.103169,56.000000,42.000000,34.804226,34.804226,34.804226,56.000000,56.000000,56.000000,0.086432,0.000000,34.804,34.804,34.804,34.804,34.804,34.804,-nan(ind),34.804,34.804,34.804,34.804,34.804,
10,417,291,292,0.0000,0.0000,0.0000,-1.0000,1000.0000,0.0000,0.0000,0.1049,0.1049,0.1500,4.0000,1.0000,18.6451,30.0000,0.000000,0.000000,0.000000,0.000000,0.000000,0.000000,"LINESTRING (-111.9418695 33.4234970, -111.9414688 33.4238299)",0.000000,0.000000,7.500000,7.500000,7.500000,13.983840,22.499999,0.000000,-nan(ind),18.645121,13.983840,29.999999,22.499999,18.645121,18.645121,18.645121,29.999999,29.999999,29.999999,0.104880,0.000000,18.645,18.645,18.645,18.645,18.645,18.645,-nan(ind),18.645,18.645,18.645,18.645,18.645,
10,418,292,2,0.0000,0.0000,0.0000,-1.0000,1000.0000,0.0000,0.0000,0.1264,0.1264,0.1500,4.0000,1.0000,18.6451,30.0000,0.000000,0.000000,0.000000,0.000000,0.000000,0.000000,"LINESTRING (-111.9414688 33.4238299, -111.9413077 33.4239694, -111.9412789 33.4240102, -111.9412759 33.4240511, -111.9412691 33.4243385)",0.000000,0.000000,7.500000,7.500000,7.500000,13.983840,22.499999,0.000000,-nan(ind),18.645121,13.983840,29.999999,22.499999,18.645121,18.645121,18.645121,29.999999,29.999999,29.999999,0.126400,0.000000,18.645,18.645,18.645,18.645,18.645,18.645,-nan(ind),18.645,18.645,18.645,18.645,18.645,
10,419,292,291,0.0000,0.0000,0.0000,-1.0000,1000.0000,0.0000,0.0000,0.1049,0.1049,0.1500,4.0000,1.0000,18.6451,30.0000,0.000000,0.000000,0.000000,0.000000,0.000000,0.000000,"LINESTRING (-111.9414688 33.4238299, -111.9418695 33.4234970)",0.000000,0.000000,7.500000,7.500000,7.500000,13.983840,22.499999,0.000000,-nan(ind),18.645121,13.983840,29.999999,22.499999,18.645121,18.645121,18.645121,29.999999,29.999999,29.999999,0.104880,0.000000,18.645,18.645,18.645,18.645,18.645,18.645,-nan(ind),18.645,18.645,18.645,18.645,18.645,
10,420,292,358,0.0000,0.0000,0.0000,-1.0000,1000.0000,0.0000,0.0000,0.2365,0.2365,0.1500,4.0000,1.0000,24.8602,40.0000,0.000000,0.000000,0.000000,0.000000,0.000000,0.000000,"LINESTRING (-111.9414688 33.4238299, -111.9409720 33.4234414, -111.9407266 33.4232270, -111.9406769 33.4232097, -111.9400687 33.4231956)",0.000000,0.000000,7.500000,7.500000,7.500000,18.645121,29.999999,0.000000,-nan(ind),24.860161,18.645121,39.999999,29.999999,24.860161,24.860161,24.860161,39.999999,39.999999,39.999999,0.236505,0.000000,24.860,24.860,24.860,24.860,24.860,24.860,-nan(ind),24.860,24.860,24.860,24.860,24.860,
10,421,293,294,0.0000,0.0000,0.0000,-1.0000,3200.0000,0.0000,0.0000,0.1044,0.1044,0.1500,4.0000,1.0000,34.8042,56.0000,0.000000,0.000000,0.000000,0.000000,0.000000,0.000000,"LINESTRING (-111.9312478 33.4291369, -111.9319446 33.4293839, -111.9322313 33.4294306)",0.000000,0.000000,7.500000,7.500000,7.500000,26.103169,42.000000,0.000000,-nan(ind),34.804226,26.103169,56.000000,42.000000,34.804226,34.804226,34.804226,56.000000,56.000000,56.000000,0.104443,0.000000,34.804,34.804,34.804,34.804,34.804,34.804,-nan(ind),34.804,34.804,34.804,34.804,34.804,
10,422,294,252,0.0000,0.0000,0.0000,-1.0000,4800.0000,0.0000,0.0000,0.1024,0.1024,0.1500,4.0000,1.0000,34.8042,56.0000,0.000000,0.000000,0.000000,0.000000,0.000000,0.000000,"LINESTRING (-111.9322313 33.4294306, -111.9325109 33.4294481, -111.9331247 33.4294562, -111.9332589 33.4294600)",0.000000,0.000000,7.500000,7.500000,7.500000,26.103169,42.000000,0.000000,-nan(ind),34.804226,26.103169,56.000000,42.000000,34.804226,34.804226,34.804226,56.000000,56.000000,56.000000,0.102439,0.000000,34.804,34.804,34.804,34.804,34.804,34.804,-nan(ind),34.804,34.804,34.804,34.804,34.804,
10,423,295,68,0.0000,0.0000,0.0000,-1.0000,4800.0000,0.0000,0.0000,0.0900,0.0900,0.1500,4.0000,1.0000,34.8042,56.0000,0.000000,0.000000,0.000000,0.000000,0.000000,0.000000,"LINESTRING (-111.9381867 33.4300134, -111.9380508 33.4300944, -111.9376678 33.4303063, -111.9375331 33.4303651, -111.9374158 33.4304040)",0.000000,0.000000,7.500000,7.500000,7.500000,26.103169,42.000000,0.000000,-nan(ind),34.804226,26.103169,56.000000,42.000000,34.804226,34.804226,34.804226,56.000000,56.000000,56.000000,0.090000,0.000000,34.804,34.804,34.804,34.804,34.804,34.804,-nan(ind),34.804,34.804,34.804,34.804,34.804,
10,424,296,134,0.0000,0.0000,0.0000,-1.0000,4800.0000,0.0000,0.0000,0.0931,0.0931,0.1500,4.0000,1.0000,34.8042,56.0000,0.000000,0.000000,0.000000,0.000000,0.000000,0.000000,"LINESTRING (-111.9343207 33.4298487, -111.9349297 33.4302450, -111.9350596 33.4303286)",0.000000,0.000000,7.500000,7.500000,7.500000,26.103169,42.000000,0.000000,-nan(ind),34.804226,26.103169,56.000000,42.000000,34.804226,34.804226,34.804226,56.000000,56.000000,56.000000,0.093086,0.000000,34.804,34.804,34.804,34.804,34.804,34.804,-nan(ind),34.804,34.804,34.804,34.804,34.804,
10,425,297,263,0.0000,0.0000,0.0000,-1.0000,4800.0000,0.0000,0.0000,0.0715,0.0715,0.1500,4.0000,1.0000,37.2902,60.0000,0.000000,0.000000,0.000000,0.000000,0.000000,0.000000,"LINESTRING (-111.9232919 33.4292614, -111.9239819 33.4289759)",0.000000,0.000000,7.500000,7.500000,7.500000,27.967681,44.999999,0.000000,-nan(ind),37.290241,27.967681,59.999998,44.999999,37.290241,37.290241,37.290241,59.999998,59.999998,59.999998,0.071530,0.000000,37.290,37.290,37.290,37.290,37.290,37.290,-nan(ind),37.290,37.290,37.290,37.290,37.290,
10,426,298,297,0.0000,0.0000,0.0000,-1.0000,3200.0000,0.0000,0.0000,0.0844,0.0844,0.1500,4.0000,1.0000,37.2902,60.0000,0.000000,0.000000,0.000000,0.000000,0.000000,0.000000,"LINESTRING (-111.9224000 33.4293742, -111.9225329 33.4293756, -111.9228048 33.4293625, -111.9230612 33.4293217, -111.9232919 33.4292614)",0.000000,0.000000,7.500000,7.500000,7.500000,27.967681,44.999999,0.000000,-nan(ind),37.290241,27.967681,59.999998,44.999999,37.290241,37.290241,37.290241,59.999998,59.999998,59.999998,0.084390,0.000000,37.290,37.290,37.290,37.290,37.290,37.290,-nan(ind),37.290,37.290,37.290,37.290,37.290,
10,427,300,25,0.0000,0.0000,0.0000,-1.0000,3200.0000,0.0000,0.0000,0.0147,0.0147,0.1500,4.0000,1.0000,8.5519,13.7600,0.000000,0.000000,0.000000,0.000000,0.000000,0.000000,"LINESTRING (-111.9398917 33.4135032, -111.9398928 33.4136273)",0.000000,0.000000,7.500000,7.500000,7.500000,26.103169,42.000000,0.000000,-nan(ind),34.804226,26.103169,56.000000,42.000000,34.804226,34.804226,34.804226,56.000000,56.000000,56.000000,0.014743,0.000000,34.804,34.804,34.804,34.804,34.804,34.804,-nan(ind),34.804,34.804,34.804,34.804,34.804,
10,428,300,34,0.0000,0.0000,0.0000,-1.0000,1000.0000,0.0000,0.0000,0.5246,0.5246,0.1500,4.0000,1.0000,18.6451,30.0000,0.000000,0.000000,0.000000,0.000000,0.000000,0.000000,"LINESTRING (-111.9398917 33.4135032, -111.9370709 33.4135303)",0.000000,0.000000,7.500000,7.500000,7.500000,13.983840,22.499999,0.000000,-nan(ind),18.645121,13.983840,29.999999,22.499999,18.645121,18.645121,18.645121,29.999999,29.999999,29.999999,0.524580,0.000000,18.645,18.645,18.645,18.645,18.645,18.645,-nan(ind),18.645,18.645,18.645,18.645,18.645,
10,429,300,178,0.0000,0.0000,0.0000,-1.0000,3200.0000,0.0000,0.0000,0.0515,0.0515,0.1500,4.0000,1.0000,29.8943,48.1000,0.000000,0.000000,0.000000,0.000000,0.000000,0.000000,"LINESTRING (-111.9398917 33.4135032, -111.9398829 33.4130694)",0.000000,0.000000,7.500000,7.500000,7.500000,26.103169,42.000000,0.000000,-nan(ind),34.804226,26.103169,56.000000,42.000000,34.804226,34.804226,34.804226,56.000000,56.000000,56.000000,0.051536,0.000000,34.804,34.804,34.804,34.804,34.804,34.804,-nan(ind),34.804,34.804,34.804,34.804,34.804,
10,430,302,238,1.6835,0.0000,0.0000,-1.0000,1000.0000,1.6835,0.0017,0.1562,0.1562,0.1500,4.0000,1.0000,18.6451,30.0000,0.081727,0.004383,0.081727,0.004383,0.004384,0.004384,"LINESTRING (-111.9423905 33.4212237, -111.9423906 33.4213209, -111.9423904 33.4213628, -111.9423936 33.4216625, -111.9423945 33.4217049, -111.9423956 33.4218115, -111.9423899 33.4219281)",1.683500,0.001684,7.499158,7.500000,7.500842,13.983840,22.499999,168.350000,1162668281673.980469,18.645121,13.983840,29.999999,22.499999,18.637273,18.637273,18.641190,29.987373,29.987373,29.993675,0.156253,0.000000,18.645,18.644,18.643,18.641,18.640,18.639,13.984,18.639,18.640,18.641,18.643,18.644,
10,431,302,332,0.0000,0.0000,0.0000,-1.0000,1000.0000,0.0000,0.0000,0.1586,0.1586,0.1500,4.0000,1.0000,18.6451,30.0000,0.000000,0.000000,0.000000,0.000000,0.000000,0.000000,"LINESTRING (-111.9423905 33.4212237, -111.9423871 33.4210355, -111.9423831 33.4209119, -111.9423726 33.4205305, -111.9423720 33.4205087)",0.000000,0.000000,7.500000,7.500000,7.500000,13.983840,22.499999,0.000000,-nan(ind),18.645121,13.983840,29.999999,22.499999,18.645121,18.645121,18.645121,29.999999,29.999999,29.999999,0.158580,0.000000,18.645,18.645,18.645,18.645,18.645,18.645,-nan(ind),18.645,18.645,18.645,18.645,18.645,
10,432,303,367,0.0000,0.0000,0.0000,-1.0000,2400.0000,0.0000,0.0000,0.0535,0.0535,0.1500,4.0000,1.0000,22.1566,35.6500,0.000000,0.000000,0.000000,0.000000,0.000000,0.000000,"LINESTRING (-111.9349501 33.4150744, -111.9349563 33.4148208, -111.9349593 33.4147529)",0.000000,0.000000,7.500000,7.500000,7.500000,18.645121,29.999999,0.000000,-nan(ind),24.860161,18.645121,39.999999,29.999999,24.860161,24.860161,24.860161,39.999999,39.999999,39.999999,0.053475,0.000000,24.860,24.860,24.860,24.860,24.860,24.860,-nan(ind),24.860,24.860,24.860,24.860,24.860,
10,433,304,145,0.0000,0.0000,0.0000,-1.0000,5400.0000,0.0000,0.0000,0.0672,0.0672,0.1500,4.0000,1.0000,49.7203,80.0000,0.000000,0.000000,0.000000,0.000000,0.000000,0.000000,"LINESTRING (-111.9337225 33.4146441, -111.9336572 33.4146856, -111.9333621 33.4146910, -111.9331604 33.4146956, -111.9329087 33.4147066, -111.9328450 33.4147189, -111.9328247 33.4147382, -111.9328050 33.4147645)",0.000000,0.000000,7.500000,7.500000,7.500000,37.290241,59.999998,0.000000,-nan(ind),49.720322,37.290241,79.999998,59.999998,49.720322,49.720322,49.720322,79.999998,79.999998,79.999998,0.067223,0.000000,49.720,49.720,49.720,49.720,49.720,49.720,-nan(ind),49.720,49.720,49.720,49.720,49.720,
10,434,304,185,0.0000,0.0000,0.0000,-1.0000,3600.0000,0.0000,0.0000,0.0201,0.0201,0.1500,4.0000,1.0000,11.6718,18.7800,0.000000,0.000000,0.000000,0.000000,0.000000,0.000000,"LINESTRING (-111.9337225 33.4146441, -111.9335205 33.4146455)",0.000000,0.000000,7.500000,7.500000,7.500000,26.103169,42.000000,0.000000,-nan(ind),34.804226,26.103169,56.000000,42.000000,34.804226,34.804226,34.804226,56.000000,56.000000,56.000000,0.020121,0.000000,34.804,34.804,34.804,34.804,34.804,34.804,-nan(ind),34.804,34.804,34.804,34.804,34.804,
10,435,305,275,0.0000,0.0000,0.0000,-1.0000,2400.0000,0.0000,0.0000,0.1641,0.1641,0.1500,4.0000,1.0000,24.8602,40.0000,0.000000,0.000000,0.000000,0.000000,0.000000,0.000000,"LINESTRING (-111.9254783 33.4195802, -111.9256894 33.4197750, -111.9259901 33.4200444, -111.9261388 33.4201748, -111.9263008 33.4202837)",0.000000,0.000000,7.500000,7.500000,7.500000,18.645121,29.999999,0.000000,-nan(ind),24.860161,18.645121,39.999999,29.999999,24.860161,24.860161,24.860161,39.999999,39.999999,39.999999,0.164100,0.000000,24.860,24.860,24.860,24.860,24.860,24.860,-nan(ind),24.860,24.860,24.860,24.860,24.860,
10,436,306,307,0.0000,0.0000,0.0000,-1.0000,1200.0000,0.0000,0.0000,0.1271,0.1271,0.1500,4.0000,1.0000,24.8602,40.0000,0.000000,0.000000,0.000000,0.000000,0.000000,0.000000,"LINESTRING (-111.9305745 33.4152628, -111.9305319 33.4153831, -111.9304791 33.4154969, -111.9304001 33.4156225, -111.9303119 33.4157222, -111.9301160 33.4159109)",0.000000,0.000000,7.500000,7.500000,7.500000,18.645121,29.999999,0.000000,-nan(ind),24.860161,18.645121,39.999999,29.999999,24.860161,24.860161,24.860161,39.999999,39.999999,39.999999,0.127050,0.000000,24.860,24.860,24.860,24.860,24.860,24.860,-nan(ind),24.860,24.860,24.860,24.860,24.860,
10,437,307,33,0.0000,0.0000,0.0000,-1.0000,1200.0000,0.0000,0.0000,0.1578,0.1578,0.1500,4.0000,1.0000,24.8602,40.0000,0.000000,0.000000,0.000000,0.000000,0.000000,0.000000,"LINESTRING (-111.9301160 33.4159109, -111.9294542 33.4165531, -111.9294043 33.4166443)",0.000000,0.000000,7.500000,7.500000,7.500000,18.645121,29.999999,0.000000,-nan(ind),24.860161,18.645121,39.999999,29.999999,24.860161,24.860161,24.860161,39.999999,39.999999,39.999999,0.157845,0.000000,24.860,24.860,24.860,24.860,24.860,24.860,-nan(ind),24.860,24.860,24.860,24.860,24.860,
10,438,308,83,0.0000,0.0000,0.0000,-1.0000,1200.0000,0.0000,0.0000,0.1913,0.1913,0.1500,4.0000,1.0000,24.8602,40.0000,0.000000,0.000000,0.000000,0.000000,0.000000,0.000000,"LINESTRING (-111.9288801 33.4195869, -111.9288784 33.4195156, -111.9288758 33.4193999, -111.9288716 33.4192147, -111.9288681 33.4190594, -111.9288562 33.4185348, -111.9288549 33.4184369)",0.000000,0.000000,7.500000,7.500000,7.500000,18.645121,29.999999,0.000000,-nan(ind),24.860161,18.645121,39.999999,29.999999,24.860161,24.860161,24.860161,39.999999,39.999999,39.999999,0.191280,0.000000,24.860,24.860,24.860,24.860,24.860,24.860,-nan(ind),24.860,24.860,24.860,24.860,24.860,
10,439,308,309,0.0000,0.0000,0.0000,-1.0000,1200.0000,0.0000,0.0000,0.0770,0.0770,0.1500,4.0000,1.0000,24.8602,40.0000,0.000000,0.000000,0.000000,0.000000,0.000000,0.000000,"LINESTRING (-111.9288801 33.4195869, -111.9288842 33.4196669, -111.9288864 33.4197084, -111.9289025 33.4199815, -111.9289065 33.4200493)",0.000000,0.000000,7.500000,7.500000,7.500000,18.645121,29.999999,0.000000,-nan(ind),24.860161,18.645121,39.999999,29.999999,24.860161,24.860161,24.860161,39.999999,39.999999,39.999999,0.076980,0.000000,24.860,24.860,24.860,24.860,24.860,24.860,-nan(ind),24.860,24.860,24.860,24.860,24.860,
10,440,309,58,0.0000,0.0000,0.0000,-1.0000,2400.0000,0.0000,0.0000,0.0368,0.0368,0.1500,4.0000,1.0000,15.2517,24.5400,0.000000,0.000000,0.000000,0.000000,0.000000,0.000000,"LINESTRING (-111.9289065 33.4200493, -111.9289133 33.4201645, -111.9289198 33.4202704)",0.000000,0.000000,7.500000,7.500000,7.500000,18.645121,29.999999,0.000000,-nan(ind),24.860161,18.645121,39.999999,29.999999,24.860161,24.860161,24.860161,39.999999,39.999999,39.999999,0.036810,0.000000,24.860,24.860,24.860,24.860,24.860,24.860,-nan(ind),24.860,24.860,24.860,24.860,24.860,
10,441,309,308,0.0000,0.0000,0.0000,-1.0000,1200.0000,0.0000,0.0000,0.0770,0.0770,0.1500,4.0000,1.0000,24.8602,40.0000,0.000000,0.000000,0.000000,0.000000,0.000000,0.000000,"LINESTRING (-111.9289065 33.4200493, -111.9289025 33.4199815, -111.9288864 33.4197084, -111.9288842 33.4196669, -111.9288801 33.4195869)",0.000000,0.000000,7.500000,7.500000,7.500000,18.645121,29.999999,0.000000,-nan(ind),24.860161,18.645121,39.999999,29.999999,24.860161,24.860161,24.860161,39.999999,39.999999,39.999999,0.076980,0.000000,24.860,24.860,24.860,24.860,24.860,24.860,-nan(ind),24.860,24.860,24.860,24.860,24.860,
10,442,310,58,0.0000,0.0000,0.0000,-1.0000,2400.0000,0.0000,0.0000,0.0999,0.0999,0.1500,4.0000,1.0000,24.8602,40.0000,0.000000,0.000000,0.000000,0.000000,0.000000,0.000000,"LINESTRING (-111.9289618 33.4208697, -111.9289604 33.4208451, -111.9289562 33.4206884, -111.9289561 33.4206801, -111.9289538 33.4206435, -111.9289438 33.4204819, -111.9289287 33.4203474, -111.9289198 33.4202704)",0.000000,0.000000,7.500000,7.500000,7.500000,18.645121,29.999999,0.000000,-nan(ind),24.860161,18.645121,39.999999,29.999999,24.860161,24.860161,24.860161,39.999999,39.999999,39.999999,0.099885,0.000000,24.860,24.860,24.860,24.860,24.860,24.860,-nan(ind),24.860,24.860,24.860,24.860,24.860,
10,443,310,312,0.0000,0.0000,0.0000,-1.0000,1200.0000,0.0000,0.0000,0.0555,0.0555,0.1500,4.0000,1.0000,22.9894,36.9900,0.000000,0.000000,0.000000,0.000000,0.000000,0.000000,"LINESTRING (-111.9289618 33.4208697, -111.9289622 33.4208816, -111.9289598 33.4210596, -111.9289516 33.4212032)",0.000000,0.000000,7.500000,7.500000,7.500000,18.645121,29.999999,0.000000,-nan(ind),24.860161,18.645121,39.999999,29.999999,24.860161,24.860161,24.860161,39.999999,39.999999,39.999999,0.055485,0.000000,24.860,24.860,24.860,24.860,24.860,24.860,-nan(ind),24.860,24.860,24.860,24.860,24.860,
10,444,311,286,0.0000,0.0000,0.0000,-1.0000,1200.0000,0.0000,0.0000,0.0595,0.0595,0.1500,4.0000,1.0000,24.6551,39.6700,0.000000,0.000000,0.000000,0.000000,0.000000,0.000000,"LINESTRING (-111.9289501 33.4212297, -111.9289369 33.4215339, -111.9289364 33.4215873)",0.000000,0.000000,7.500000,7.500000,7.500000,18.645121,29.999999,0.000000,-nan(ind),24.860161,18.645121,39.999999,29.999999,24.860161,24.860161,24.860161,39.999999,39.999999,39.999999,0.059505,0.000000,24.860,24.860,24.860,24.860,24.860,24.860,-nan(ind),24.860,24.860,24.860,24.860,24.860,
10,445,311,312,0.0000,0.0000,0.0000,-1.0000,1200.0000,0.0000,0.0000,0.0044,0.0044,0.1500,4.0000,1.0000,1.8272,2.9400,0.000000,0.000000,0.000000,0.000000,0.000000,0.000000,"LINESTRING (-111.9289501 33.4212297, -111.9289516 33.4212032)",0.000000,0.000000,7.500000,7.500000,7.500000,18.645121,29.999999,0.000000,-nan(ind),24.860161,18.645121,39.999999,29.999999,24.860161,24.860161,24.860161,39.999999,39.999999,39.999999,0.004410,0.000000,24.860,24.860,24.860,24.860,24.860,24.860,-nan(ind),24.860,24.860,24.860,24.860,24.860,
10,446,312,310,0.0000,0.0000,0.0000,-1.0000,1200.0000,0.0000,0.0000,0.0555,0.0555,0.1500,4.0000,1.0000,22.9894,36.9900,0.000000,0.000000,0.000000,0.000000,0.000000,0.000000,"LINESTRING (-111.9289516 33.4212032, -111.9289598 33.4210596, -111.9289622 33.4208816, -111.9289618 33.4208697)",0.000000,0.000000,7.500000,7.500000,7.500000,18.645121,29.999999,0.000000,-nan(ind),24.860161,18.645121,39.999999,29.999999,24.860161,24.860161,24.860161,39.999999,39.999999,39.999999,0.055485,0.000000,24.860,24.860,24.860,24.860,24.860,24.860,-nan(ind),24.860,24.860,24.860,24.860,24.860,
10,447,312,311,0.0000,0.0000,0.0000,-1.0000,1200.0000,0.0000,0.0000,0.0044,0.0044,0.1500,4.0000,1.0000,1.8272,2.9400,0.000000,0.000000,0.000000,0.000000,0.000000,0.000000,"LINESTRING (-111.9289516 33.4212032, -111.9289501 33.4212297)",0.000000,0.000000,7.500000,7.500000,7.500000,18.645121,29.999999,0.000000,-nan(ind),24.860161,18.645121,39.999999,29.999999,24.860161,24.860161,24.860161,39.999999,39.999999,39.999999,0.004410,0.000000,24.860,24.860,24.860,24.860,24.860,24.860,-nan(ind),24.860,24.860,24.860,24.860,24.860,
10,448,313,91,0.0000,0.0000,0.0000,-1.0000,1200.0000,0.0000,0.0000,0.0272,0.0272,0.1500,4.0000,1.0000,13.5364,21.7800,0.000000,0.000000,0.000000,0.000000,0.000000,0.000000,"LINESTRING (-111.9293204 33.4226260, -111.9295097 33.4227418)",0.000000,0.000000,7.500000,7.500000,7.500000,22.374145,35.999999,0.000000,-nan(ind),29.832193,22.374145,47.999999,35.999999,29.832193,29.832193,29.832193,47.999999,47.999999,47.999999,0.027225,0.000000,29.832,29.832,29.832,29.832,29.832,29.832,-nan(ind),29.832,29.832,29.832,29.832,29.832,
10,449,313,314,0.0000,0.0000,0.0000,-1.0000,1200.0000,0.0000,0.0000,0.0320,0.0320,0.1500,4.0000,1.0000,15.9105,25.6000,0.000000,0.000000,0.000000,0.000000,0.000000,0.000000,"LINESTRING (-111.9293204 33.4226260, -111.9292429 33.4225786, -111.9291529 33.4225115, -111.9291357 33.4224987, -111.9291136 33.4224748)",0.000000,0.000000,7.500000,7.500000,7.500000,22.374145,35.999999,0.000000,-nan(ind),29.832193,22.374145,47.999999,35.999999,29.832193,29.832193,29.832193,47.999999,47.999999,47.999999,0.032000,0.000000,29.832,29.832,29.832,29.832,29.832,29.832,-nan(ind),29.832,29.832,29.832,29.832,29.832,
10,450,314,313,0.0000,0.0000,0.0000,-1.0000,1200.0000,0.0000,0.0000,0.0320,0.0320,0.1500,4.0000,1.0000,15.9105,25.6000,0.000000,0.000000,0.000000,0.000000,0.000000,0.000000,"LINESTRING (-111.9291136 33.4224748, -111.9291357 33.4224987, -111.9291529 33.4225115, -111.9292429 33.4225786, -111.9293204 33.4226260)",0.000000,0.000000,7.500000,7.500000,7.500000,22.374145,35.999999,0.000000,-nan(ind),29.832193,22.374145,47.999999,35.999999,29.832193,29.832193,29.832193,47.999999,47.999999,47.999999,0.032000,0.000000,29.832,29.832,29.832,29.832,29.832,29.832,-nan(ind),29.832,29.832,29.832,29.832,29.832,
10,451,314,315,0.0000,0.0000,0.0000,-1.0000,2400.0000,0.0000,0.0000,0.0141,0.0141,0.1500,4.0000,1.0000,6.9981,11.2600,0.000000,0.000000,0.000000,0.000000,0.000000,0.000000,"LINESTRING (-111.9291136 33.4224748, -111.9290459 33.4224016, -111.9290413 33.4223935)",0.000000,0.000000,7.500000,7.500000,7.500000,22.374145,35.999999,0.000000,-nan(ind),29.832193,22.374145,47.999999,35.999999,29.832193,29.832193,29.832193,47.999999,47.999999,47.999999,0.014075,0.000000,29.832,29.832,29.832,29.832,29.832,29.832,-nan(ind),29.832,29.832,29.832,29.832,29.832,
10,452,315,231,0.0000,0.0000,0.0000,-1.0000,3600.0000,0.0000,0.0000,0.0537,0.0537,0.1500,4.0000,1.0000,26.6998,42.9600,0.000000,0.000000,0.000000,0.000000,0.000000,0.000000,"LINESTRING (-111.9290413 33.4223935, -111.9289967 33.4223153, -111.9289548 33.4221717, -111.9289506 33.4221573, -111.9289415 33.4220194)",0.000000,0.000000,7.500000,7.500000,7.500000,22.374145,35.999999,0.000000,-nan(ind),29.832193,22.374145,47.999999,35.999999,29.832193,29.832193,29.832193,47.999999,47.999999,47.999999,0.053700,0.000000,29.832,29.832,29.832,29.832,29.832,29.832,-nan(ind),29.832,29.832,29.832,29.832,29.832,
10,453,315,314,0.0000,0.0000,0.0000,-1.0000,1200.0000,0.0000,0.0000,0.0141,0.0141,0.1500,4.0000,1.0000,6.9981,11.2600,0.000000,0.000000,0.000000,0.000000,0.000000,0.000000,"LINESTRING (-111.9290413 33.4223935, -111.9290459 33.4224016, -111.9291136 33.4224748)",0.000000,0.000000,7.500000,7.500000,7.500000,22.374145,35.999999,0.000000,-nan(ind),29.832193,22.374145,47.999999,35.999999,29.832193,29.832193,29.832193,47.999999,47.999999,47.999999,0.014075,0.000000,29.832,29.832,29.832,29.832,29.832,29.832,-nan(ind),29.832,29.832,29.832,29.832,29.832,
10,454,316,160,15.7345,0.0000,0.0000,-1.0000,1200.0000,15.7345,0.0131,0.0562,0.0562,0.1500,4.0000,1.0000,27.9304,44.9400,0.439471,0.014731,0.439471,0.014731,0.014756,0.014756,"LINESTRING (-111.9358356 33.4255093, -111.9358986 33.4255085, -111.9360994 33.4255061, -111.9361618 33.4255053, -111.9363190 33.4255035)",15.734500,0.013112,7.493444,7.500000,7.506556,22.374145,35.999999,1200.000000,802858134.378871,29.832193,22.374145,47.999999,35.999999,29.734403,29.734403,29.782657,47.842654,47.842654,47.920295,0.056268,0.000000,29.832,29.816,29.799,29.783,29.766,29.750,22.374,29.750,29.766,29.783,29.799,29.816,
10,455,316,161,15.7345,0.0000,0.0000,-1.0000,2400.0000,7.8673,0.0066,0.0562,0.0562,0.1500,4.0000,1.0000,27.9490,44.9700,0.439764,0.014741,0.439764,0.014741,0.014753,0.014753,"LINESTRING (-111.9358356 33.4255093, -111.9356991 33.4255109, -111.9353519 33.4255151)",15.734500,0.006556,7.496722,7.500000,7.503278,22.374145,35.999999,786.725000,8469392873.252678,29.832193,22.374145,47.999999,35.999999,29.783298,29.783298,29.807585,47.921327,47.921327,47.960405,0.056259,0.000000,29.832,29.824,29.816,29.808,29.799,29.791,22.374,29.791,29.799,29.808,29.816,29.824,
10,456,317,2,0.0000,0.0000,0.0000,-1.0000,1000.0000,0.0000,0.0000,0.2192,0.2192,0.1500,4.0000,1.0000,18.6451,30.0000,0.000000,0.000000,0.000000,0.000000,0.000000,0.000000,"LINESTRING (-111.9424000 33.4244683, -111.9420536 33.4244698, -111.9420123 33.4244614, -111.9419645 33.4244387, -111.9418436 33.4243558, -111.9418110 33.4243431, -111.9417777 33.4243358, -111.9412691 33.4243385)",0.000000,0.000000,7.500000,7.500000,7.500000,13.983840,22.499999,0.000000,-nan(ind),18.645121,13.983840,29.999999,22.499999,18.645121,18.645121,18.645121,29.999999,29.999999,29.999999,0.219220,0.000000,18.645,18.645,18.645,18.645,18.645,18.645,-nan(ind),18.645,18.645,18.645,18.645,18.645,
10,457,319,273,0.0000,0.0000,0.0000,-1.0000,2000.0000,0.0000,0.0000,0.1370,0.1370,0.1500,4.0000,1.0000,18.6451,30.0000,0.000000,0.000000,0.000000,0.000000,0.000000,0.000000,"LINESTRING (-111.9269771 33.4189112, -111.9268342 33.4189676, -111.9267271 33.4190079, -111.9266349 33.4190341, -111.9265531 33.4190475, -111.9264720 33.4190602, -111.9262965 33.4191375)",0.000000,0.000000,7.500000,7.500000,7.500000,13.983840,22.499999,0.000000,-nan(ind),18.645121,13.983840,29.999999,22.499999,18.645121,18.645121,18.645121,29.999999,29.999999,29.999999,0.137000,0.000000,18.645,18.645,18.645,18.645,18.645,18.645,-nan(ind),18.645,18.645,18.645,18.645,18.645,
10,458,320,193,0.0000,0.0000,0.0000,-1.0000,1000.0000,0.0000,0.0000,0.4463,0.4463,0.1500,4.0000,1.0000,18.6451,30.0000,0.000000,0.000000,0.000000,0.000000,0.000000,0.000000,"LINESTRING (-111.9284271 33.4127000, -111.9284607 33.4127300, -111.9285309 33.4128145, -111.9285521 33.4128472, -111.9285540 33.4128786, -111.9285570 33.4129127, -111.9285554 33.4130694, -111.9285534 33.4133563, -111.9285521 33.4135942, -111.9285530 33.4137320, -111.9285547 33.4139684, -111.9285590 33.4145885, -111.9285591 33.4146016, -111.9285601 33.4146783)",0.000000,0.000000,7.500000,7.500000,7.500000,13.983840,22.499999,0.000000,-nan(ind),18.645121,13.983840,29.999999,22.499999,18.645121,18.645121,18.645121,29.999999,29.999999,29.999999,0.446280,0.000000,18.645,18.645,18.645,18.645,18.645,18.645,-nan(ind),18.645,18.645,18.645,18.645,18.645,
10,459,321,35,0.0000,0.0000,0.0000,-1.0000,1000.0000,0.0000,0.0000,0.4008,0.4008,0.1500,4.0000,1.0000,18.6451,30.0000,0.000000,0.000000,0.000000,0.000000,0.000000,0.000000,"LINESTRING (-111.9327775 33.4135705, -111.9348369 33.4135485, -111.9349328 33.4135475)",0.000000,0.000000,7.500000,7.500000,7.500000,13.983840,22.499999,0.000000,-nan(ind),18.645121,13.983840,29.999999,22.499999,18.645121,18.645121,18.645121,29.999999,29.999999,29.999999,0.400820,0.000000,18.645,18.645,18.645,18.645,18.645,18.645,-nan(ind),18.645,18.645,18.645,18.645,18.645,
10,460,321,97,0.0000,0.0000,0.0000,-1.0000,1000.0000,0.0000,0.0000,0.3859,0.3859,0.1500,4.0000,1.0000,18.6451,30.0000,0.000000,0.000000,0.000000,0.000000,0.000000,0.000000,"LINESTRING (-111.9327775 33.4135705, -111.9307814 33.4135850, -111.9307346 33.4135807, -111.9307043 33.4135726)",0.000000,0.000000,7.500000,7.500000,7.500000,13.983840,22.499999,0.000000,-nan(ind),18.645121,13.983840,29.999999,22.499999,18.645121,18.645121,18.645121,29.999999,29.999999,29.999999,0.385860,0.000000,18.645,18.645,18.645,18.645,18.645,18.645,-nan(ind),18.645,18.645,18.645,18.645,18.645,
10,461,321,186,0.0000,0.0000,0.0000,-1.0000,1000.0000,0.0000,0.0000,0.2385,0.2385,0.1500,4.0000,1.0000,18.6451,30.0000,0.000000,0.000000,0.000000,0.000000,0.000000,0.000000,"LINESTRING (-111.9327775 33.4135705, -111.9327814 33.4140702, -111.9327836 33.4141792, -111.9327934 33.4145749, -111.9327942 33.4146458)",0.000000,0.000000,7.500000,7.500000,7.500000,13.983840,22.499999,0.000000,-nan(ind),18.645121,13.983840,29.999999,22.499999,18.645121,18.645121,18.645121,29.999999,29.999999,29.999999,0.238460,0.000000,18.645,18.645,18.645,18.645,18.645,18.645,-nan(ind),18.645,18.645,18.645,18.645,18.645,
10,462,322,35,0.0000,0.0000,0.0000,-1.0000,1200.0000,0.0000,0.0000,0.1409,0.1409,0.1500,4.0000,1.0000,24.8602,40.0000,0.000000,0.000000,0.000000,0.000000,0.000000,0.000000,"LINESTRING (-111.9349319 33.4127000, -111.9349327 33.4129448, -111.9349354 33.4130207, -111.9349328 33.4135475)",0.000000,0.000000,7.500000,7.500000,7.500000,18.645121,29.999999,0.000000,-nan(ind),24.860161,18.645121,39.999999,29.999999,24.860161,24.860161,24.860161,39.999999,39.999999,39.999999,0.140940,0.000000,24.860,24.860,24.860,24.860,24.860,24.860,-nan(ind),24.860,24.860,24.860,24.860,24.860,
10,463,323,361,0.0000,0.0000,0.0000,-1.0000,2400.0000,0.0000,0.0000,0.2058,0.2058,0.1500,4.0000,1.0000,24.8602,40.0000,0.000000,0.000000,0.000000,0.000000,0.000000,0.000000,"LINESTRING (-111.9302220 33.4159090, -111.9303493 33.4157851, -111.9303964 33.4157365, -111.9304881 33.4156245, -111.9305592 33.4155164, -111.9306186 33.4154082, -111.9306452 33.4153477, -111.9306642 33.4152742, -111.9306766 33.4151850, -111.9306837 33.4150881, -111.9306912 33.4148842, -111.9306499 33.4147876)",0.000000,0.000000,7.500000,7.500000,7.500000,18.645121,29.999999,0.000000,-nan(ind),24.860161,18.645121,39.999999,29.999999,24.860161,24.860161,24.860161,39.999999,39.999999,39.999999,0.205845,0.000000,24.860,24.860,24.860,24.860,24.860,24.860,-nan(ind),24.860,24.860,24.860,24.860,24.860,
10,464,324,305,0.0000,0.0000,0.0000,-1.0000,1200.0000,0.0000,0.0000,0.4682,0.4682,0.1500,4.0000,1.0000,24.8602,40.0000,0.000000,0.000000,0.000000,0.000000,0.000000,0.000000,"LINESTRING (-111.9231790 33.4175290, -111.9234954 33.4178081, -111.9238039 33.4180747, -111.9238850 33.4181473, -111.9244087 33.4186100, -111.9245129 33.4187020, -111.9245914 33.4187710, -111.9247795 33.4189363, -111.9250379 33.4191712, -111.9250952 33.4192260, -111.9252892 33.4194071, -111.9253416 33.4194528, -111.9254075 33.4195146, -111.9254783 33.4195802)",0.000000,0.000000,7.500000,7.500000,7.500000,18.645121,29.999999,0.000000,-nan(ind),24.860161,18.645121,39.999999,29.999999,24.860161,24.860161,24.860161,39.999999,39.999999,39.999999,0.468210,0.000000,24.860,24.860,24.860,24.860,24.860,24.860,-nan(ind),24.860,24.860,24.860,24.860,24.860,
10,465,324,325,0.0000,0.0000,0.0000,-1.0000,1000.0000,0.0000,0.0000,0.2040,0.2040,0.1500,4.0000,1.0000,18.6451,30.0000,0.000000,0.000000,0.000000,0.000000,0.000000,0.000000,"LINESTRING (-111.9231790 33.4175290, -111.9229809 33.4177201, -111.9227335 33.4179463, -111.9226204 33.4180497, -111.9224000 33.4181684)",0.000000,0.000000,7.500000,7.500000,7.500000,13.983840,22.499999,0.000000,-nan(ind),18.645121,13.983840,29.999999,22.499999,18.645121,18.645121,18.645121,29.999999,29.999999,29.999999,0.204020,0.000000,18.645,18.645,18.645,18.645,18.645,18.645,-nan(ind),18.645,18.645,18.645,18.645,18.645,
10,466,325,324,0.0000,0.0000,0.0000,-1.0000,1000.0000,0.0000,0.0000,0.2040,0.2040,0.1500,4.0000,1.0000,18.6451,30.0000,0.000000,0.000000,0.000000,0.000000,0.000000,0.000000,"LINESTRING (-111.9224000 33.4181684, -111.9226204 33.4180497, -111.9227335 33.4179463, -111.9229809 33.4177201, -111.9231790 33.4175290)",0.000000,0.000000,7.500000,7.500000,7.500000,13.983840,22.499999,0.000000,-nan(ind),18.645121,13.983840,29.999999,22.499999,18.645121,18.645121,18.645121,29.999999,29.999999,29.999999,0.204020,0.000000,18.645,18.645,18.645,18.645,18.645,18.645,-nan(ind),18.645,18.645,18.645,18.645,18.645,
10,467,326,189,0.0000,0.0000,0.0000,-1.0000,3600.0000,0.0000,0.0000,0.3463,0.3463,0.1500,4.0000,1.0000,34.8042,56.0000,0.000000,0.000000,0.000000,0.000000,0.000000,0.000000,"LINESTRING (-111.9224000 33.4148190, -111.9228415 33.4148206, -111.9232043 33.4148218, -111.9233989 33.4148225, -111.9235864 33.4148220, -111.9240547 33.4148207, -111.9243091 33.4148231, -111.9246025 33.4148259, -111.9255510 33.4148387, -111.9258763 33.4148410)",0.000000,0.000000,7.500000,7.500000,7.500000,26.103169,42.000000,0.000000,-nan(ind),34.804226,26.103169,56.000000,42.000000,34.804226,34.804226,34.804226,56.000000,56.000000,56.000000,0.346318,0.000000,34.804,34.804,34.804,34.804,34.804,34.804,-nan(ind),34.804,34.804,34.804,34.804,34.804,
10,468,328,336,40.3305,0.0000,0.0000,-1.0000,1000.0000,40.3305,0.0403,0.0014,0.0014,0.1500,4.0000,1.0000,0.4413,0.7100,0.017797,0.000954,0.017797,0.000954,0.000960,0.000960,"LINESTRING (-111.9411875 33.4204825, -111.9411873 33.4204889)",40.330500,0.040330,7.479835,7.500000,7.520165,13.983830,22.499983,1000.000000,185005.858124,18.645121,13.983840,29.999999,22.499999,18.457129,18.457122,18.547334,29.697520,29.697509,29.842660,0.001427,0.000000,18.645,18.612,18.580,18.547,18.515,18.482,13.984,18.482,18.515,18.547,18.580,18.612,
10,469,328,352,50.5054,0.0000,0.0000,-1.0000,1000.0000,50.5054,0.0505,0.1590,0.1590,0.1500,4.0000,1.0000,24.8601,40.0000,3.327267,0.133839,3.327267,0.133839,0.134733,0.134733,"LINESTRING (-111.9411875 33.4204825, -111.9411404 33.4204828, -111.9406246 33.4204862, -111.9404473 33.4204877, -111.9403244 33.4204887, -111.9400474 33.4204936)",50.505400,0.050505,7.474747,7.500000,7.525253,18.645087,29.999944,1000.000000,8355407.165455,24.860161,18.645121,39.999999,29.999999,24.546268,24.546244,24.695286,39.494945,39.494906,39.734716,0.160062,0.000000,24.860,24.805,24.750,24.695,24.640,24.585,18.645,24.585,24.640,24.695,24.750,24.805,
10,470,329,4,0.0000,0.0000,0.0000,-1.0000,1000.0000,0.0000,0.0000,0.0240,0.0240,0.1500,4.0000,1.0000,9.9316,15.9800,0.000000,0.000000,0.000000,0.000000,0.000000,0.000000,"LINESTRING (-111.9377644 33.4242905, -111.9377303 33.4242867, -111.9376966 33.4242926, -111.9376671 33.4243075, -111.9376452 33.4243297, -111.9376334 33.4243567)",0.000000,0.000000,7.500000,7.500000,7.500000,18.645121,29.999999,0.000000,-nan(ind),24.860161,18.645121,39.999999,29.999999,24.860161,24.860161,24.860161,39.999999,39.999999,39.999999,0.023970,0.000000,24.860,24.860,24.860,24.860,24.860,24.860,-nan(ind),24.860,24.860,24.860,24.860,24.860,
10,471,330,19,0.0000,0.0000,0.0000,-1.0000,1000.0000,0.0000,0.0000,0.0872,0.0872,0.1500,4.0000,1.0000,18.6451,30.0000,0.000000,0.000000,0.000000,0.000000,0.000000,0.000000,"LINESTRING (-111.9412469 33.4264549, -111.9407780 33.4264585)",0.000000,0.000000,7.500000,7.500000,7.500000,13.983840,22.499999,0.000000,-nan(ind),18.645121,13.983840,29.999999,22.499999,18.645121,18.645121,18.645121,29.999999,29.999999,29.999999,0.087180,0.000000,18.645,18.645,18.645,18.645,18.645,18.645,-nan(ind),18.645,18.645,18.645,18.645,18.645,
10,472,330,138,30.3032,0.0000,0.0000,-1.0000,1000.0000,30.3032,0.0303,0.0727,0.0727,0.1500,4.0000,1.0000,18.6451,30.0000,0.684788,0.036727,0.684788,0.036727,0.036871,0.036871,"LINESTRING (-111.9412469 33.4264549, -111.9412513 33.4261270)",30.303200,0.030303,7.484848,7.500000,7.515152,13.983837,22.499994,1000.000000,29960318.228230,18.645121,13.983840,29.999999,22.499999,18.503869,18.503867,18.572355,29.772725,29.772721,29.882918,0.073005,0.000000,18.645,18.621,18.597,18.572,18.548,18.524,13.984,18.524,18.548,18.572,18.597,18.621,
10,473,331,332,1.6835,0.0000,0.0000,-1.0000,1000.0000,1.6835,0.0017,0.0103,0.0103,0.1500,4.0000,1.0000,3.2007,5.1500,0.005388,0.000289,0.005388,0.000289,0.000289,0.000289,"LINESTRING (-111.9423307 33.4204818, -111.9423368 33.4204922, -111.9423464 33.4205006, -111.9423585 33.4205062, -111.9423720 33.4205087)",1.683500,0.001684,7.499158,7.500000,7.500842,13.983840,22.499999,168.350000,76657811427.742889,18.645121,13.983840,29.999999,22.499999,18.637273,18.637273,18.641190,29.987373,29.987373,29.993675,0.010302,0.000000,18.645,18.644,18.643,18.641,18.640,18.639,13.984,18.639,18.640,18.641,18.643,18.644,
10,474,332,302,1.6835,0.0000,0.0000,-1.0000,1000.0000,1.6835,0.0017,0.1586,0.1586,0.1500,4.0000,1.0000,18.6451,30.0000,0.082961,0.004449,0.082961,0.004449,0.004450,0.004450,"LINESTRING (-111.9423720 33.4205087, -111.9423726 33.4205305, -111.9423831 33.4209119, -111.9423871 33.4210355, -111.9423905 33.4212237)",1.683500,0.001684,7.499158,7.500000,7.500842,13.983840,22.499999,168.350000,1180232595748.686768,18.645121,13.983840,29.999999,22.499999,18.637273,18.637273,18.641190,29.987373,29.987373,29.993675,0.158613,0.000000,18.645,18.644,18.643,18.641,18.640,18.639,13.984,18.639,18.640,18.641,18.643,18.644,
10,475,332,333,0.0000,0.0000,0.0000,-1.0000,1000.0000,0.0000,0.0000,0.0055,0.0055,0.1500,4.0000,1.0000,1.6967,2.7300,0.000000,0.000000,0.000000,0.000000,0.000000,0.000000,"LINESTRING (-111.9423720 33.4205087, -111.9423871 33.4205074, -111.9424000 33.4205024)",0.000000,0.000000,7.500000,7.500000,7.500000,13.983840,22.499999,0.000000,-nan(ind),18.645121,13.983840,29.999999,22.499999,18.645121,18.645121,18.645121,29.999999,29.999999,29.999999,0.005460,0.000000,18.645,18.645,18.645,18.645,18.645,18.645,-nan(ind),18.645,18.645,18.645,18.645,18.645,
10,476,334,13,0.0000,0.0000,0.0000,-1.0000,1000.0000,0.0000,0.0000,0.0045,0.0045,0.1500,4.0000,1.0000,1.3922,2.2400,0.000000,0.000000,0.000000,0.000000,0.000000,0.000000,"LINESTRING (-111.9424000 33.4204375, -111.9423878 33.4204327, -111.9423773 33.4204312)",0.000000,0.000000,7.500000,7.500000,7.500000,13.983840,22.499999,0.000000,-nan(ind),18.645121,13.983840,29.999999,22.499999,18.645121,18.645121,18.645121,29.999999,29.999999,29.999999,0.004480,0.000000,18.645,18.645,18.645,18.645,18.645,18.645,-nan(ind),18.645,18.645,18.645,18.645,18.645,
10,477,335,331,1.6835,0.0000,0.0000,-1.0000,1000.0000,1.6835,0.0017,0.0026,0.0026,0.1500,4.0000,1.0000,0.7955,1.2800,0.001339,0.000072,0.001339,0.000072,0.000072,0.000072,"LINESTRING (-111.9423284 33.4204704, -111.9423307 33.4204818)",1.683500,0.001684,7.499158,7.500000,7.500842,13.983840,22.499999,168.350000,19052815267.477844,18.645121,13.983840,29.999999,22.499999,18.637273,18.637273,18.641190,29.987373,29.987373,29.993675,0.002561,0.000000,18.645,18.644,18.643,18.641,18.640,18.639,13.984,18.639,18.640,18.641,18.643,18.644,
10,478,335,337,30.3032,0.0000,0.0000,-1.0000,1000.0000,30.3032,0.0303,0.1463,0.1463,0.1500,4.0000,1.0000,24.8602,40.0000,1.836461,0.073872,1.836461,0.073872,0.074161,0.074161,"LINESTRING (-111.9423284 33.4204704, -111.9422957 33.4204708, -111.9418000 33.4204769, -111.9413371 33.4204827, -111.9412797 33.4204834)",30.303200,0.030303,7.484848,7.500000,7.515152,18.645116,29.999992,1000.000000,60260532.805996,24.860161,18.645121,39.999999,29.999999,24.671825,24.671822,24.763139,39.696967,39.696962,39.843891,0.146838,0.000000,24.860,24.828,24.795,24.763,24.731,24.698,18.645,24.698,24.731,24.763,24.795,24.828,
10,479,336,8,40.3305,0.0000,0.0000,-1.0000,1000.0000,40.3305,0.0403,0.0117,0.0117,0.1500,4.0000,1.0000,3.6296,5.8400,0.146383,0.007851,0.146383,0.007851,0.007892,0.007892,"LINESTRING (-111.9411873 33.4204889, -111.9411920 33.4205014, -111.9412016 33.4205119, -111.9412147 33.4205191, -111.9412300 33.4205223)",40.330500,0.040330,7.479835,7.500000,7.520165,13.983830,22.499983,1000.000000,1521738.325975,18.645121,13.983840,29.999999,22.499999,18.457129,18.457122,18.547334,29.697520,29.697509,29.842660,0.011742,0.000000,18.645,18.612,18.580,18.547,18.515,18.482,13.984,18.482,18.515,18.547,18.580,18.612,
10,480,337,335,0.0000,0.0000,0.0000,-1.0000,1000.0000,0.0000,0.0000,0.1463,0.1463,0.1500,4.0000,1.0000,24.8602,40.0000,0.000000,0.000000,0.000000,0.000000,0.000000,0.000000,"LINESTRING (-111.9412797 33.4204834, -111.9413371 33.4204827, -111.9418000 33.4204769, -111.9422957 33.4204708, -111.9423284 33.4204704)",0.000000,0.000000,7.500000,7.500000,7.500000,18.645121,29.999999,0.000000,-nan(ind),24.860161,18.645121,39.999999,29.999999,24.860161,24.860161,24.860161,39.999999,39.999999,39.999999,0.146265,0.000000,24.860,24.860,24.860,24.860,24.860,24.860,-nan(ind),24.860,24.860,24.860,24.860,24.860,
10,481,337,338,58.9229,0.0000,0.0000,-1.0000,1000.0000,58.9229,0.0589,0.0138,0.0138,0.1500,4.0000,1.0000,4.2884,6.9000,0.252684,0.013552,0.252684,0.013552,0.013659,0.013659,"LINESTRING (-111.9412797 33.4204834, -111.9412772 33.4204711, -111.9412703 33.4204602, -111.9412595 33.4204516, -111.9412461 33.4204463, -111.9412313 33.4204449)",58.922900,0.058923,7.470539,7.500000,7.529461,13.983793,22.499923,1000.000000,388800.260327,18.645121,13.983840,29.999999,22.499999,18.370464,18.370431,18.499699,29.558077,29.558024,29.766015,0.013908,0.000000,18.645,18.596,18.548,18.499,18.451,18.402,13.984,18.402,18.451,18.499,18.548,18.596,
10,482,338,23,6.7340,0.0000,0.0000,-1.0000,1000.0000,6.7340,0.0067,0.3080,0.3080,0.1500,4.0000,1.0000,18.6451,30.0000,0.644438,0.034563,0.644438,0.034563,0.034593,0.034593,"LINESTRING (-111.9412313 33.4204449, -111.9412317 33.4203907, -111.9412339 33.4200543, -111.9412220 33.4191313, -111.9412354 33.4190569)",6.734000,0.006734,7.496633,7.500000,7.503367,13.983840,22.499999,673.400000,35676297641.671410,18.645121,13.983840,29.999999,22.499999,18.613732,18.613732,18.629320,29.949494,29.949494,29.974577,0.308221,0.000000,18.645,18.640,18.635,18.629,18.624,18.619,13.984,18.619,18.624,18.629,18.635,18.640,
10,483,338,328,55.6195,0.0000,0.0000,-1.0000,1000.0000,55.6195,0.0556,0.0129,0.0129,0.1500,4.0000,1.0000,3.9963,6.4300,0.222271,0.011921,0.222271,0.011921,0.012009,0.012009,"LINESTRING (-111.9412313 33.4204449, -111.9412168 33.4204474, -111.9412039 33.4204536, -111.9411936 33.4204635, -111.9411878 33.4204757, -111.9411875 33.4204825)",55.619500,0.055619,7.472190,7.500000,7.527810,13.983803,22.499939,1000.000000,457586.507912,18.645121,13.983840,29.999999,22.499999,18.385863,18.385836,18.508280,29.582853,29.582810,29.779823,0.012955,0.000000,18.645,18.599,18.554,18.508,18.462,18.416,13.984,18.416,18.462,18.508,18.554,18.599,
10,484,339,142,0.0000,0.0000,0.0000,-1.0000,3200.0000,0.0000,0.0000,0.0098,0.0098,0.1500,4.0000,1.0000,6.1156,9.8400,0.000000,0.000000,0.000000,0.000000,0.000000,0.000000,"LINESTRING (-111.9339885 33.4219235, -111.9339909 33.4220122)",0.000000,0.000000,7.500000,7.500000,7.500000,27.967681,44.999999,0.000000,-nan(ind),37.290241,27.967681,59.999998,44.999999,37.290241,37.290241,37.290241,59.999998,59.999998,59.999998,0.009840,0.000000,37.290,37.290,37.290,37.290,37.290,37.290,-nan(ind),37.290,37.290,37.290,37.290,37.290,
10,485,339,365,0.0000,0.0000,0.0000,-1.0000,3200.0000,0.0000,0.0000,0.3214,0.3214,0.1500,4.0000,1.0000,34.8042,56.0000,0.000000,0.000000,0.000000,0.000000,0.000000,0.000000,"LINESTRING (-111.9339885 33.4219235, -111.9332203 33.4219303, -111.9307620 33.4219520)",0.000000,0.000000,7.500000,7.500000,7.500000,26.103169,42.000000,0.000000,-nan(ind),34.804226,26.103169,56.000000,42.000000,34.804226,34.804226,34.804226,56.000000,56.000000,56.000000,0.321407,0.000000,34.804,34.804,34.804,34.804,34.804,34.804,-nan(ind),34.804,34.804,34.804,34.804,34.804,
10,486,340,319,0.0000,0.0000,0.0000,-1.0000,1000.0000,0.0000,0.0000,0.1187,0.1187,0.1500,4.0000,1.0000,18.6451,30.0000,0.000000,0.000000,0.000000,0.000000,0.000000,0.000000,"LINESTRING (-111.9275636 33.4186999, -111.9273059 33.4187986, -111.9269771 33.4189112)",0.000000,0.000000,7.500000,7.500000,7.500000,13.983840,22.499999,0.000000,-nan(ind),18.645121,13.983840,29.999999,22.499999,18.645121,18.645121,18.645121,29.999999,29.999999,29.999999,0.118720,0.000000,18.645,18.645,18.645,18.645,18.645,18.645,-nan(ind),18.645,18.645,18.645,18.645,18.645,
10,487,340,341,0.0000,0.0000,0.0000,-1.0000,1000.0000,0.0000,0.0000,0.0291,0.0291,0.1500,4.0000,1.0000,9.0429,14.5500,0.000000,0.000000,0.000000,0.000000,0.000000,0.000000,"LINESTRING (-111.9275636 33.4186999, -111.9277064 33.4186462)",0.000000,0.000000,7.500000,7.500000,7.500000,13.983840,22.499999,0.000000,-nan(ind),18.645121,13.983840,29.999999,22.499999,18.645121,18.645121,18.645121,29.999999,29.999999,29.999999,0.029100,0.000000,18.645,18.645,18.645,18.645,18.645,18.645,-nan(ind),18.645,18.645,18.645,18.645,18.645,
10,488,341,340,0.0000,0.0000,0.0000,-1.0000,1000.0000,0.0000,0.0000,0.0291,0.0291,0.1500,4.0000,1.0000,9.0429,14.5500,0.000000,0.000000,0.000000,0.000000,0.000000,0.000000,"LINESTRING (-111.9277064 33.4186462, -111.9275636 33.4186999)",0.000000,0.000000,7.500000,7.500000,7.500000,13.983840,22.499999,0.000000,-nan(ind),18.645121,13.983840,29.999999,22.499999,18.645121,18.645121,18.645121,29.999999,29.999999,29.999999,0.029100,0.000000,18.645,18.645,18.645,18.645,18.645,18.645,-nan(ind),18.645,18.645,18.645,18.645,18.645,
10,489,342,90,0.0000,0.0000,0.0000,-1.0000,1000.0000,0.0000,0.0000,0.5358,0.5358,0.1500,4.0000,1.0000,18.6451,30.0000,0.000000,0.000000,0.000000,0.000000,0.000000,0.000000,"LINESTRING (-111.9254160 33.4168118, -111.9253300 33.4168113, -111.9249009 33.4168044, -111.9247937 33.4168027, -111.9247194 33.4168015, -111.9245051 33.4167980, -111.9243362 33.4167953, -111.9240217 33.4167902, -111.9234712 33.4167813, -111.9232733 33.4167758, -111.9230789 33.4167704, -111.9226680 33.4167634, -111.9226157 33.4167614, -111.9225356 33.4167580)",0.000000,0.000000,7.500000,7.500000,7.500000,13.983840,22.499999,0.000000,-nan(ind),18.645121,13.983840,29.999999,22.499999,18.645121,18.645121,18.645121,29.999999,29.999999,29.999999,0.535760,0.000000,18.645,18.645,18.645,18.645,18.645,18.645,-nan(ind),18.645,18.645,18.645,18.645,18.645,
10,490,342,270,0.0000,0.0000,0.0000,-1.0000,1000.0000,0.0000,0.0000,0.1651,0.1651,0.1500,4.0000,1.0000,18.6451,30.0000,0.000000,0.000000,0.000000,0.000000,0.000000,0.000000,"LINESTRING (-111.9254160 33.4168118, -111.9256121 33.4168174, -111.9257802 33.4168223, -111.9260081 33.4168288, -111.9261395 33.4168327, -111.9263035 33.4168382)",0.000000,0.000000,7.500000,7.500000,7.500000,13.983840,22.499999,0.000000,-nan(ind),18.645121,13.983840,29.999999,22.499999,18.645121,18.645121,18.645121,29.999999,29.999999,29.999999,0.165140,0.000000,18.645,18.645,18.645,18.645,18.645,18.645,-nan(ind),18.645,18.645,18.645,18.645,18.645,
10,491,343,137,0.0000,0.0000,0.0000,-1.0000,1000.0000,0.0000,0.0000,0.0470,0.0470,0.1500,4.0000,1.0000,14.5929,23.4800,0.000000,0.000000,0.000000,0.000000,0.000000,0.000000,"LINESTRING (-111.9391012 33.4244499, -111.9391355 33.4244595, -111.9391717 33.4244595, -111.9392060 33.4244502, -111.9392352 33.4244323, -111.9392562 33.4244078, -111.9392669 33.4243790, -111.9392663 33.4243488)",0.000000,0.000000,7.500000,7.500000,7.500000,13.983840,22.499999,0.000000,-nan(ind),18.645121,13.983840,29.999999,22.499999,18.645121,18.645121,18.645121,29.999999,29.999999,29.999999,0.046960,0.000000,18.645,18.645,18.645,18.645,18.645,18.645,-nan(ind),18.645,18.645,18.645,18.645,18.645,
10,492,344,61,0.0000,0.0000,0.0000,-1.0000,1000.0000,0.0000,0.0000,0.0181,0.0181,0.1500,4.0000,1.0000,5.6122,9.0300,0.000000,0.000000,0.000000,0.000000,0.000000,0.000000,"LINESTRING (-111.9389085 33.4204277, -111.9388965 33.4204672, -111.9388999 33.4205078)",0.000000,0.000000,7.500000,7.500000,7.500000,13.983840,22.499999,0.000000,-nan(ind),18.645121,13.983840,29.999999,22.499999,18.645121,18.645121,18.645121,29.999999,29.999999,29.999999,0.018060,0.000000,18.645,18.645,18.645,18.645,18.645,18.645,-nan(ind),18.645,18.645,18.645,18.645,18.645,
10,493,345,344,0.0000,0.0000,0.0000,-1.0000,1000.0000,0.0000,0.0000,0.0816,0.0816,0.1500,4.0000,1.0000,18.6451,30.0000,0.000000,0.000000,0.000000,0.000000,0.000000,0.000000,"LINESTRING (-111.9392023 33.4204960, -111.9392011 33.4204553, -111.9391847 33.4204169, -111.9391547 33.4203847, -111.9391142 33.4203620, -111.9390671 33.4203510, -111.9390183 33.4203529, -111.9389727 33.4203675, -111.9389348 33.4203933, -111.9389085 33.4204277)",0.000000,0.000000,7.500000,7.500000,7.500000,13.983840,22.499999,0.000000,-nan(ind),18.645121,13.983840,29.999999,22.499999,18.645121,18.645121,18.645121,29.999999,29.999999,29.999999,0.081580,0.000000,18.645,18.645,18.645,18.645,18.645,18.645,-nan(ind),18.645,18.645,18.645,18.645,18.645,
10,494,345,352,0.0000,0.0000,0.0000,-1.0000,1000.0000,0.0000,0.0000,0.0950,0.0950,0.1500,4.0000,1.0000,24.8602,40.0000,0.000000,0.000000,0.000000,0.000000,0.000000,0.000000,"LINESTRING (-111.9392023 33.4204960, -111.9397033 33.4204945, -111.9397193 33.4204945, -111.9398833 33.4204904)",0.000000,0.000000,7.500000,7.500000,7.500000,18.645121,29.999999,0.000000,-nan(ind),24.860161,18.645121,39.999999,29.999999,24.860161,24.860161,24.860161,39.999999,39.999999,39.999999,0.094980,0.000000,24.860,24.860,24.860,24.860,24.860,24.860,-nan(ind),24.860,24.860,24.860,24.860,24.860,
10,495,347,324,0.0000,0.0000,0.0000,-1.0000,1200.0000,0.0000,0.0000,0.1616,0.1616,0.1500,4.0000,1.0000,24.8602,40.0000,0.000000,0.000000,0.000000,0.000000,0.000000,0.000000,"LINESTRING (-111.9224000 33.4168100, -111.9224814 33.4168827, -111.9226012 33.4169953, -111.9231790 33.4175290)",0.000000,0.000000,7.500000,7.500000,7.500000,18.645121,29.999999,0.000000,-nan(ind),24.860161,18.645121,39.999999,29.999999,24.860161,24.860161,24.860161,39.999999,39.999999,39.999999,0.161550,0.000000,24.860,24.860,24.860,24.860,24.860,24.860,-nan(ind),24.860,24.860,24.860,24.860,24.860,
10,496,348,90,0.0000,0.0000,0.0000,-1.0000,1000.0000,0.0000,0.0000,0.0253,0.0253,0.1500,4.0000,1.0000,7.8558,12.6400,0.000000,0.000000,0.000000,0.000000,0.000000,0.000000,"LINESTRING (-111.9224000 33.4167504, -111.9224680 33.4167526, -111.9225356 33.4167580)",0.000000,0.000000,7.500000,7.500000,7.500000,13.983840,22.499999,0.000000,-nan(ind),18.645121,13.983840,29.999999,22.499999,18.645121,18.645121,18.645121,29.999999,29.999999,29.999999,0.025280,0.000000,18.645,18.645,18.645,18.645,18.645,18.645,-nan(ind),18.645,18.645,18.645,18.645,18.645,
10,497,349,2,115.3587,0.0000,0.0000,-1.0000,1000.0000,115.3587,0.1154,0.1670,0.1670,0.1500,4.0000,1.0000,24.8595,39.9989,7.979753,0.320994,7.979753,0.320994,0.326233,0.326233,"LINESTRING (-111.9400719 33.4243450, -111.9407083 33.4243409, -111.9412691 33.4243385)",115.358700,0.115359,7.442321,7.500000,7.557679,18.644192,29.998505,1000.000000,305396.283583,24.860161,18.645121,39.999999,29.999999,24.143202,24.142561,24.460254,38.846412,38.845380,39.356548,0.169680,0.000000,24.860,24.725,24.590,24.455,24.320,24.185,18.644,24.185,24.320,24.455,24.590,24.725,
10,498,349,137,0.0000,0.0000,0.0000,-1.0000,1000.0000,0.0000,0.0000,0.0957,0.0957,0.1500,4.0000,1.0000,24.8602,40.0000,0.000000,0.000000,0.000000,0.000000,0.000000,0.000000,"LINESTRING (-111.9399523 33.4243448, -111.9398330 33.4243454, -111.9392663 33.4243488)",0.000000,0.000000,7.500000,7.500000,7.500000,18.645121,29.999999,0.000000,-nan(ind),24.860161,18.645121,39.999999,29.999999,24.860161,24.860161,24.860161,39.999999,39.999999,39.999999,0.095670,0.000000,24.860,24.860,24.860,24.860,24.860,24.860,-nan(ind),24.860,24.860,24.860,24.860,24.860,
10,499,349,208,77.2940,0.0000,0.0000,-1.0000,1800.0000,77.2940,0.0429,0.1087,0.1087,0.1500,4.0000,1.0000,29.8322,48.0000,4.177911,0.140047,4.177911,0.140047,0.140835,0.140835,"LINESTRING (-111.9399523 33.4243448, -111.9399580 33.4251292)",77.294000,0.042941,7.478529,7.500000,7.521471,22.374124,35.999965,1800.000000,19796764.198690,29.832193,22.374145,47.999999,35.999999,29.511936,29.511921,29.665188,47.484706,47.484682,47.731288,0.109325,0.000000,29.832,29.776,29.721,29.665,29.609,29.553,22.374,29.553,29.609,29.665,29.721,29.776,
10,500,349,211,144.1346,0.0000,0.0000,-1.0000,3600.0000,72.0673,0.0400,0.1245,0.1245,0.1500,4.0000,1.0000,29.8322,48.0000,8.919504,0.298989,8.919504,0.298989,0.300554,0.300554,"LINESTRING (-111.9400719 33.4243450, -111.9400646 33.4234469)",144.134600,0.040037,7.479981,7.500000,7.520019,22.374129,35.999973,1800.000000,30059381.140925,29.832193,22.374145,47.999999,35.999999,29.533593,29.533581,29.676915,47.519550,47.519532,47.750156,0.125114,0.000000,29.832,29.780,29.729,29.677,29.625,29.573,22.374,29.573,29.625,29.677,29.729,29.780,
10,501,350,15,58.2704,0.0000,0.0000,-1.0000,3600.0000,29.1352,0.0162,0.1269,0.1269,0.1500,4.0000,1.0000,49.7203,80.0000,6.129076,0.123271,6.129076,0.123271,0.123525,0.123525,"LINESTRING (-111.9395884 33.4159654, -111.9395362 33.4159003, -111.9394011 33.4157327, -111.9392425 33.4155500, -111.9389322 33.4153003, -111.9388168 33.4152112, -111.9386707 33.4151129, -111.9382922 33.4149218)",58.270400,0.016186,7.491907,7.500000,7.508093,37.290241,59.999997,1800.000000,1169058299.524515,49.720322,37.290241,79.999998,59.999998,49.519126,49.519125,49.618095,79.676273,79.676272,79.835515,0.127192,0.000000,49.720,49.686,49.652,49.618,49.584,49.550,37.290,49.550,49.584,49.618,49.652,49.686,
10,502,350,167,260.8349,0.0000,0.0000,-1.0000,3600.0000,130.4175,0.0725,0.0838,0.0838,0.1500,4.0000,1.0000,49.7203,80.0000,18.109302,0.364223,18.109302,0.364223,0.367796,0.367796,"LINESTRING (-111.9394923 33.4160741, -111.9395917 33.4162443, -111.9396552 33.4163722, -111.9396985 33.4164722, -111.9397357 33.4165691, -111.9397719 33.4166997, -111.9397962 33.4167943, -111.9398174 33.4169022, -111.9398348 33.4170325)",260.834900,0.072454,7.463773,7.500000,7.536227,37.289952,59.999533,1800.000000,1838098.907021,49.720322,37.290241,79.999998,59.999998,48.819711,48.819509,49.237375,78.550915,78.550590,79.222937,0.084604,0.000000,49.720,49.558,49.397,49.235,49.073,48.911,37.290,48.911,49.073,49.235,49.397,49.558,
10,503,351,115,123.6343,0.0000,0.0000,-1.0000,3600.0000,61.8171,0.0343,0.1460,0.1460,0.1500,4.0000,1.0000,29.8322,48.0000,8.971747,0.300740,8.971747,0.300740,0.302082,0.302082,"LINESTRING (-111.9399092 33.4219358, -111.9399104 33.4220720, -111.9399154 33.4224160, -111.9399186 33.4224683, -111.9399540 33.4229880)",123.634300,0.034343,7.482829,7.500000,7.517171,22.374136,35.999985,1800.000000,65404355.168055,29.832193,22.374145,47.999999,35.999999,29.576063,29.576056,29.699730,47.587885,47.587875,47.786865,0.146601,0.000000,29.832,29.788,29.744,29.700,29.655,29.611,22.374,29.611,29.655,29.700,29.744,29.788,
10,504,351,239,38.6470,0.0000,0.0000,-1.0000,3600.0000,19.3235,0.0107,0.0665,0.0665,0.1500,4.0000,1.0000,34.8042,56.0000,1.490876,0.042836,1.490876,0.042836,0.042894,0.042894,"LINESTRING (-111.9400804 33.4219347, -111.9401712 33.4219341, -111.9402869 33.4219337, -111.9405740 33.4219291, -111.9407002 33.4219284, -111.9407478 33.4219322)",38.647000,0.010735,7.494632,7.500000,7.505368,26.103169,41.999999,1800.000000,3178714072.398751,34.804226,26.103169,56.000000,42.000000,34.710818,34.710818,34.757020,55.849706,55.849706,55.924046,0.066594,0.000000,34.804,34.788,34.773,34.757,34.741,34.726,26.103,34.726,34.741,34.757,34.773,34.788,
10,505,351,352,163.5498,0.0000,0.0000,-1.0000,5400.0000,54.5166,0.0303,0.1998,0.1998,0.1500,4.0000,1.0000,29.8322,48.0000,16.246218,0.544587,16.246218,0.544587,0.546719,0.546719,"LINESTRING (-111.9400804 33.4219347, -111.9400823 33.4218803, -111.9400874 33.4217822, -111.9400779 33.4214219, -111.9400726 33.4212626, -111.9400612 33.4209214, -111.9400495 33.4205725, -111.9400474 33.4204936)",163.549800,0.030287,7.484857,7.500000,7.515143,22.374140,35.999991,1800.000000,148479940.340861,29.832193,22.374145,47.999999,35.999999,29.606311,29.606308,29.715832,47.636555,47.636549,47.812773,0.200570,0.000000,29.832,29.793,29.755,29.716,29.677,29.638,22.374,29.638,29.677,29.716,29.755,29.793,
10,506,351,357,123.6342,0.0000,0.0000,-1.0000,3200.0000,61.8171,0.0386,0.1657,0.1657,0.1500,4.0000,1.0000,37.2902,60.0000,12.735322,0.341519,12.735322,0.341519,0.343241,0.343241,"LINESTRING (-111.9399092 33.4219358, -111.9398538 33.4218932, -111.9393175 33.4218971, -111.9389394 33.4218979, -111.9389268 33.4218979, -111.9382460 33.4218977, -111.9381462 33.4218977)",123.634200,0.038636,7.480682,7.500000,7.519318,27.967663,44.999970,1600.000000,41077551.146698,37.290241,27.967681,59.999998,44.999999,36.930058,36.930045,37.103191,59.420463,59.420443,59.699034,0.166576,0.000000,37.290,37.228,37.165,37.103,37.040,36.978,27.968,36.978,37.040,37.103,37.165,37.228,
10,507,352,204,250.1096,0.0000,0.0000,-1.0000,3600.0000,125.0548,0.0695,0.0941,0.0941,0.1500,4.0000,1.0000,29.8322,48.0000,11.706497,0.392412,11.706497,0.392412,0.396090,0.396090,"LINESTRING (-111.9398833 33.4204904, -111.9398874 33.4205831, -111.9398937 33.4209604, -111.9398940 33.4211696)",250.109600,0.069475,7.465263,7.500000,7.534737,22.373998,35.999763,1800.000000,2448954.591085,29.832193,22.374145,47.999999,35.999999,29.314046,29.313944,29.555114,47.166300,47.166136,47.554178,0.095020,0.000000,29.832,29.739,29.647,29.554,29.461,29.368,22.374,29.368,29.461,29.554,29.647,29.739,
10,508,352,207,161.4141,0.0000,0.0000,-1.0000,5400.0000,53.8047,0.0299,0.1465,0.1465,0.1500,4.0000,1.0000,29.8322,48.0000,11.754438,0.394019,11.754438,0.394019,0.395541,0.395541,"LINESTRING (-111.9400474 33.4204936, -111.9400454 33.4204161, -111.9400431 33.4202617, -111.9400338 33.4194368)",161.414100,0.029891,7.485054,7.500000,7.514946,22.374140,35.999991,1800.000000,114760891.298748,29.832193,22.374145,47.999999,35.999999,29.609261,29.609258,29.717395,47.641301,47.641295,47.815289,0.147028,0.000000,29.832,29.794,29.756,29.717,29.679,29.641,22.374,29.641,29.679,29.717,29.756,29.794,
10,509,352,328,35.2164,0.0000,0.0000,-1.0000,1000.0000,35.2164,0.0352,0.1590,0.1590,0.1500,4.0000,1.0000,24.8602,40.0000,2.320036,0.093323,2.320036,0.093323,0.093751,0.093751,"LINESTRING (-111.9400474 33.4204936, -111.9403244 33.4204887, -111.9404473 33.4204877, -111.9406246 33.4204862, -111.9411404 33.4204828, -111.9411875 33.4204825)",35.216400,0.035216,7.482392,7.500000,7.517608,18.645113,29.999986,1000.000000,35776344.322436,24.860161,18.645121,39.999999,29.999999,24.641289,24.641284,24.746871,39.647835,39.647826,39.817715,0.159728,0.000000,24.860,24.822,24.785,24.747,24.709,24.671,18.645,24.671,24.709,24.747,24.785,24.822,
10,510,352,345,0.0000,0.0000,0.0000,-1.0000,1000.0000,0.0000,0.0000,0.0950,0.0950,0.1500,4.0000,1.0000,24.8602,40.0000,0.000000,0.000000,0.000000,0.000000,0.000000,0.000000,"LINESTRING (-111.9398833 33.4204904, -111.9397193 33.4204945, -111.9397033 33.4204945, -111.9392023 33.4204960)",0.000000,0.000000,7.500000,7.500000,7.500000,18.645121,29.999999,0.000000,-nan(ind),24.860161,18.645121,39.999999,29.999999,24.860161,24.860161,24.860161,39.999999,39.999999,39.999999,0.094980,0.000000,24.860,24.860,24.860,24.860,24.860,24.860,-nan(ind),24.860,24.860,24.860,24.860,24.860,
10,511,353,23,73.7997,0.0000,0.0000,-1.0000,1000.0000,73.7997,0.0738,0.2246,0.2246,0.1500,4.0000,1.0000,18.6450,29.9999,5.151302,0.276283,5.151302,0.276283,0.279046,0.279046,"LINESTRING (-111.9400280 33.4190552, -111.9401097 33.4190635, -111.9404610 33.4190613, -111.9404880 33.4190608, -111.9406070 33.4190602, -111.9412354 33.4190569)",73.799700,0.073800,7.463100,7.500000,7.536900,13.983724,22.499812,1000.000000,2540652.891501,18.645121,13.983840,29.999999,22.499999,18.301120,18.301038,18.460420,29.446501,29.446370,29.702817,0.226867,0.000000,18.645,18.583,18.521,18.459,18.398,18.336,13.984,18.336,18.398,18.459,18.521,18.583,
10,512,353,47,0.0000,0.0000,0.0000,-1.0000,1000.0000,0.0000,0.0000,0.3229,0.3229,0.1500,4.0000,1.0000,18.6451,30.0000,0.000000,0.000000,0.000000,0.000000,0.000000,0.000000,"LINESTRING (-111.9398540 33.4190575, -111.9398004 33.4190634, -111.9394786 33.4190668, -111.9387912 33.4190679, -111.9385216 33.4190719, -111.9381178 33.4190780)",0.000000,0.000000,7.500000,7.500000,7.500000,13.983840,22.499999,0.000000,-nan(ind),18.645121,13.983840,29.999999,22.499999,18.645121,18.645121,18.645121,29.999999,29.999999,29.999999,0.322940,0.000000,18.645,18.645,18.645,18.645,18.645,18.645,-nan(ind),18.645,18.645,18.645,18.645,18.645,
10,513,353,65,137.2586,0.0000,0.0000,-1.0000,5400.0000,45.7529,0.0254,0.1982,0.1982,0.1500,4.0000,1.0000,29.8322,48.0000,13.527948,0.453468,13.527948,0.453468,0.454950,0.454950,"LINESTRING (-111.9400280 33.4190552, -111.9400261 33.4189851, -111.9400234 33.4185957, -111.9400215 33.4184111, -111.9400217 33.4183487, -111.9400275 33.4179958, -111.9400256 33.4177102, -111.9400253 33.4176249)",137.258600,0.025418,7.487291,7.500000,7.512709,22.374142,35.999995,1800.000000,298086442.929666,29.832193,22.374145,47.999999,35.999999,29.642623,29.642621,29.734999,47.694980,47.694977,47.843613,0.198873,0.000000,29.832,29.800,29.767,29.735,29.703,29.670,22.374,29.670,29.703,29.735,29.767,29.800,
10,514,353,203,232.6849,0.0000,0.0000,-1.0000,3600.0000,116.3425,0.0646,0.0387,0.0387,0.1500,4.0000,1.0000,19.2356,30.9500,4.475822,0.150033,4.475822,0.150033,0.151335,0.151335,"LINESTRING (-111.9398540 33.4190575, -111.9398574 33.4191385, -111.9398606 33.4193366)",232.684900,0.064635,7.467683,7.500000,7.532317,22.374035,35.999823,1800.000000,1348816.943084,29.832193,22.374145,47.999999,35.999999,29.350145,29.350068,29.575586,47.224383,47.224259,47.587117,0.039023,0.000000,29.832,29.746,29.660,29.575,29.489,29.403,22.374,29.403,29.489,29.575,29.660,29.746,
10,515,354,107,49.4535,0.0000,0.0000,-1.0000,1000.0000,49.4535,0.0495,0.0619,0.0619,0.1500,4.0000,1.0000,24.8601,40.0000,1.269071,0.051048,1.269071,0.051048,0.051382,0.051382,"LINESTRING (-111.9366619 33.4219911, -111.9366620 33.4220574, -111.9366651 33.4223635)",49.453500,0.049454,7.475273,7.500000,7.524727,18.645089,29.999949,1000.000000,3543518.516481,24.860161,18.645121,39.999999,29.999999,24.552805,24.552783,24.698882,39.505464,39.505428,39.740501,0.062339,0.000000,24.860,24.806,24.752,24.698,24.645,24.591,18.645,24.591,24.645,24.698,24.752,24.806,
10,516,354,109,0.0000,0.0000,0.0000,-1.0000,1000.0000,0.0000,0.0000,0.1026,0.1026,0.1500,4.0000,1.0000,24.8602,40.0000,0.000000,0.000000,0.000000,0.000000,0.000000,0.000000,"LINESTRING (-111.9366614 33.4219091, -111.9366610 33.4218453, -111.9366517 33.4212922)",0.000000,0.000000,7.500000,7.500000,7.500000,18.645121,29.999999,0.000000,-nan(ind),24.860161,18.645121,39.999999,29.999999,24.860161,24.860161,24.860161,39.999999,39.999999,39.999999,0.102600,0.000000,24.860,24.860,24.860,24.860,24.860,24.860,-nan(ind),24.860,24.860,24.860,24.860,24.860,
10,517,354,355,74.1807,0.0000,0.0000,-1.0000,3200.0000,37.0904,0.0232,0.1686,0.1686,0.1500,4.0000,1.0000,34.8042,56.0000,7.253480,0.208408,7.253480,0.208408,0.209028,0.209028,"LINESTRING (-111.9366614 33.4219091, -111.9365630 33.4219081, -111.9358451 33.4219117, -111.9356492 33.4219101, -111.9350652 33.4219170, -111.9349692 33.4219161)",74.180700,0.023181,7.488409,7.500000,7.511591,26.103167,41.999996,1600.000000,326269649.934926,34.804226,26.103169,56.000000,42.000000,34.602523,34.602521,34.701036,55.675459,55.675457,55.833968,0.169069,0.000000,34.804,34.770,34.735,34.701,34.667,34.632,26.103,34.632,34.667,34.701,34.735,34.770,
10,518,354,357,78.0783,0.0000,0.0000,-1.0000,3200.0000,39.0391,0.0244,0.1478,0.1478,0.1500,4.0000,1.0000,34.8042,56.0000,6.691732,0.192268,6.691732,0.192268,0.192870,0.192870,"LINESTRING (-111.9366619 33.4219911, -111.9367540 33.4219910, -111.9377106 33.4219860, -111.9380610 33.4219867, -111.9381452 33.4219872)",78.078300,0.024399,7.487800,7.500000,7.512200,26.103167,41.999995,1600.000000,232789248.681136,34.804226,26.103169,56.000000,42.000000,34.591925,34.591923,34.695485,55.658407,55.658404,55.825036,0.148213,0.000000,34.804,34.768,34.732,34.695,34.659,34.623,26.103,34.623,34.659,34.695,34.732,34.768,
10,519,355,53,74.1807,0.0000,0.0000,-1.0000,1200.0000,74.1807,0.0618,0.2008,0.2008,0.1500,4.0000,1.0000,24.8601,39.9999,6.170967,0.248228,6.170967,0.248228,0.250281,0.250281,"LINESTRING (-111.9349691 33.4220021, -111.9349659 33.4220803, -111.9349706 33.4226097, -111.9349739 33.4231174, -111.9349741 33.4231487, -111.9349761 33.4232093)",74.180700,0.061817,7.469091,7.500000,7.530909,18.645044,29.999876,1200.000000,5590088.644249,24.860161,18.645121,39.999999,29.999999,24.475964,24.475911,24.656184,39.381826,39.381740,39.671800,0.202436,0.000000,24.860,24.792,24.724,24.655,24.587,24.519,18.645,24.519,24.587,24.655,24.724,24.792,
10,520,355,339,0.0000,0.0000,0.0000,-1.0000,3200.0000,0.0000,0.0000,0.0977,0.0977,0.1500,4.0000,1.0000,34.8042,56.0000,0.000000,0.000000,0.000000,0.000000,0.000000,0.000000,"LINESTRING (-111.9349692 33.4219161, -111.9348817 33.4219166, -111.9339885 33.4219235)",0.000000,0.000000,7.500000,7.500000,7.500000,26.103169,42.000000,0.000000,-nan(ind),34.804226,26.103169,56.000000,42.000000,34.804226,34.804226,34.804226,56.000000,56.000000,56.000000,0.097693,0.000000,34.804,34.804,34.804,34.804,34.804,34.804,-nan(ind),34.804,34.804,34.804,34.804,34.804,
10,521,355,354,47.2032,0.0000,0.0000,-1.0000,3200.0000,23.6016,0.0148,0.1686,0.1686,0.1500,4.0000,1.0000,34.8042,56.0000,4.617054,0.132658,4.617054,0.132658,0.132907,0.132907,"LINESTRING (-111.9349691 33.4220021, -111.9350665 33.4220018, -111.9362677 33.4219925, -111.9365660 33.4219912, -111.9366619 33.4219911)",47.203200,0.014751,7.492624,7.500000,7.507376,26.103169,41.999999,1600.000000,2003571861.005005,34.804226,26.103169,56.000000,42.000000,34.675877,34.675876,34.739105,55.793486,55.793485,55.895219,0.168938,0.000000,34.804,34.783,34.761,34.739,34.717,34.696,26.103,34.696,34.717,34.739,34.761,34.783,
10,522,356,41,0.0000,0.0000,0.0000,-1.0000,1000.0000,0.0000,0.0000,0.4062,0.4062,0.1500,4.0000,1.0000,14.9161,24.0000,0.000000,0.000000,0.000000,0.000000,0.000000,0.000000,"LINESTRING (-111.9366081 33.4147406, -111.9366078 33.4148100, -111.9366063 33.4149395, -111.9366113 33.4150834, -111.9366121 33.4151484, -111.9366159 33.4154174, -111.9366262 33.4161337, -111.9366276 33.4162059)",0.000000,0.000000,7.500000,7.500000,7.500000,11.187073,18.000000,0.000000,-nan(ind),14.916097,11.187073,24.000000,18.000000,14.916097,14.916097,14.916097,24.000000,24.000000,24.000000,0.406175,0.000000,14.916,14.916,14.916,14.916,14.916,14.916,-nan(ind),14.916,14.916,14.916,14.916,14.916,
10,523,356,78,211.5010,0.0000,0.0000,-1.0000,7200.0000,52.8753,0.0294,0.1103,0.1103,0.1500,4.0000,1.0000,49.7203,80.0000,19.325592,0.388686,19.325592,0.388686,0.390161,0.390161,"LINESTRING (-111.9366081 33.4147406, -111.9369448 33.4147411, -111.9371250 33.4147545, -111.9373329 33.4147792, -111.9375555 33.4148144, -111.9377195 33.4148596, -111.9379334 33.4149198, -111.9381424 33.4149982)",211.501000,0.029375,7.485312,7.500000,7.514688,37.290233,59.999986,1800.000000,92672498.339797,49.720322,37.290241,79.999998,59.999998,49.355186,49.355181,49.532391,79.412495,79.412486,79.697617,0.110683,0.000000,49.720,49.658,49.595,49.532,49.470,49.407,37.290,49.407,49.470,49.532,49.595,49.658,
10,524,356,367,0.0000,0.0000,0.0000,-1.0000,3600.0000,0.0000,0.0000,0.1649,0.1649,0.1500,4.0000,1.0000,34.8042,56.0000,0.000000,0.000000,0.000000,0.000000,0.000000,0.000000,"LINESTRING (-111.9366104 33.4145994, -111.9361365 33.4146038, -111.9349552 33.4146147)",0.000000,0.000000,7.500000,7.500000,7.500000,26.103169,42.000000,0.000000,-nan(ind),34.804226,26.103169,56.000000,42.000000,34.804226,34.804226,34.804226,56.000000,56.000000,56.000000,0.164893,0.000000,34.804,34.804,34.804,34.804,34.804,34.804,-nan(ind),34.804,34.804,34.804,34.804,34.804,
10,525,357,51,0.0000,0.0000,0.0000,-1.0000,1000.0000,0.0000,0.0000,0.3065,0.3065,0.1500,4.0000,1.0000,18.6451,30.0000,0.000000,0.000000,0.000000,0.000000,0.000000,0.000000,"LINESTRING (-111.9381462 33.4218977, -111.9381440 33.4218328, -111.9381441 33.4218230, -111.9381352 33.4213307, -111.9381331 33.4212166, -111.9381294 33.4205154)",0.000000,0.000000,7.500000,7.500000,7.500000,13.983840,22.499999,0.000000,-nan(ind),18.645121,13.983840,29.999999,22.499999,18.645121,18.645121,18.645121,29.999999,29.999999,29.999999,0.306520,0.000000,18.645,18.645,18.645,18.645,18.645,18.645,-nan(ind),18.645,18.645,18.645,18.645,18.645,
10,526,357,63,0.0000,0.0000,0.0000,-1.0000,1000.0000,0.0000,0.0000,0.2670,0.2670,0.1500,4.0000,1.0000,18.6451,30.0000,0.000000,0.000000,0.000000,0.000000,0.000000,0.000000,"LINESTRING (-111.9381452 33.4219872, -111.9381450 33.4220520, -111.9381494 33.4223700, -111.9381521 33.4225867, -111.9381582 33.4230826, -111.9381595 33.4231914)",0.000000,0.000000,7.500000,7.500000,7.500000,13.983840,22.499999,0.000000,-nan(ind),18.645121,13.983840,29.999999,22.499999,18.645121,18.645121,18.645121,29.999999,29.999999,29.999999,0.267020,0.000000,18.645,18.645,18.645,18.645,18.645,18.645,-nan(ind),18.645,18.645,18.645,18.645,18.645,
10,527,357,234,78.0783,0.0000,0.0000,-1.0000,3200.0000,39.0391,0.0244,0.0870,0.0870,0.1500,4.0000,1.0000,34.8042,56.0000,3.939339,0.113186,3.939339,0.113186,0.113540,0.113540,"LINESTRING (-111.9381452 33.4219872, -111.9382510 33.4219878, -111.9389138 33.4219837, -111.9389328 33.4219836, -111.9390184 33.4219833)",78.078300,0.024399,7.487800,7.500000,7.512200,26.103167,41.999995,1600.000000,137040110.282339,34.804226,26.103169,56.000000,42.000000,34.591925,34.591923,34.695485,55.658407,55.658404,55.825036,0.087251,0.000000,34.804,34.768,34.732,34.695,34.659,34.623,26.103,34.623,34.659,34.695,34.732,34.768,
10,528,357,354,123.6342,0.0000,0.0000,-1.0000,3200.0000,61.8171,0.0386,0.1479,0.1479,0.1500,4.0000,1.0000,34.8042,56.0000,10.607645,0.304780,10.607645,0.304780,0.306317,0.306317,"LINESTRING (-111.9381462 33.4218977, -111.9380600 33.4218977, -111.9367560 33.4219096, -111.9366614 33.4219091)",123.634200,0.038636,7.480682,7.500000,7.519318,26.103153,41.999973,1600.000000,36658681.054838,34.804226,26.103169,56.000000,42.000000,34.468055,34.468043,34.629646,55.459100,55.459081,55.719100,0.148656,0.000000,34.804,34.746,34.688,34.629,34.571,34.513,26.103,34.513,34.571,34.629,34.688,34.746,
10,529,358,63,51.4769,0.0000,0.0000,-1.0000,1000.0000,51.4769,0.0515,0.2508,0.2508,0.1500,4.0000,1.0000,24.8601,40.0000,5.349566,0.215187,5.349566,0.215187,0.216652,0.216652,"LINESTRING (-111.9399581 33.4231886, -111.9398537 33.4231887, -111.9394081 33.4231893, -111.9386929 33.4231902, -111.9386834 33.4231902, -111.9382169 33.4231912, -111.9381595 33.4231914)",51.476900,0.051477,7.474262,7.500000,7.525738,18.645084,29.999940,1000.000000,12203607.680611,24.860161,18.645121,39.999999,29.999999,24.540230,24.540204,24.691959,39.485230,39.485188,39.729363,0.252524,0.000000,24.860,24.804,24.748,24.692,24.635,24.579,18.645,24.579,24.635,24.692,24.748,24.804,
10,530,358,210,92.6577,0.0000,0.0000,-1.0000,3600.0000,46.3288,0.0257,0.0926,0.0926,0.1500,4.0000,1.0000,29.8322,48.0000,4.266055,0.143002,4.266055,0.143002,0.143475,0.143475,"LINESTRING (-111.9400687 33.4231956, -111.9400741 33.4225274)",92.657700,0.025738,7.487131,7.500000,7.512869,22.374142,35.999995,1800.000000,132420219.685198,29.832193,22.374145,47.999999,35.999999,29.640236,29.640234,29.733744,47.691140,47.691137,47.841595,0.092907,0.000000,29.832,29.799,29.767,29.734,29.701,29.668,22.374,29.668,29.701,29.734,29.767,29.799,
10,531,358,213,167.0113,0.0000,0.0000,-1.0000,3600.0000,83.5057,0.0464,0.1141,0.1141,0.1500,4.0000,1.0000,29.8322,48.0000,9.471586,0.317495,9.471586,0.317495,0.319434,0.319434,"LINESTRING (-111.9399581 33.4231886, -111.9399609 33.4239039, -111.9399588 33.4240116)",167.011300,0.046392,7.476804,7.500000,7.523196,22.374116,35.999952,1800.000000,15205056.951768,29.832193,22.374145,47.999999,35.999999,29.486199,29.486179,29.651170,47.443295,47.443262,47.708732,0.114759,0.000000,29.832,29.772,29.711,29.651,29.590,29.530,22.374,29.530,29.590,29.651,29.711,29.772,
10,532,358,292,0.0000,0.0000,0.0000,-1.0000,1000.0000,0.0000,0.0000,0.2365,0.2365,0.1500,4.0000,1.0000,24.8602,40.0000,0.000000,0.000000,0.000000,0.000000,0.000000,0.000000,"LINESTRING (-111.9400687 33.4231956, -111.9406769 33.4232097, -111.9407266 33.4232270, -111.9409720 33.4234414, -111.9414688 33.4238299)",0.000000,0.000000,7.500000,7.500000,7.500000,18.645121,29.999999,0.000000,-nan(ind),24.860161,18.645121,39.999999,29.999999,24.860161,24.860161,24.860161,39.999999,39.999999,39.999999,0.236505,0.000000,24.860,24.860,24.860,24.860,24.860,24.860,-nan(ind),24.860,24.860,24.860,24.860,24.860,
10,533,359,60,80.5337,0.0000,0.0000,-1.0000,1000.0000,80.5337,0.0805,0.1382,0.1382,0.1500,4.0000,1.0000,18.6450,29.9998,3.459596,0.185551,3.459596,0.185551,0.187590,0.187590,"LINESTRING (-111.9399094 33.4147094, -111.9397742 33.4147095, -111.9397539 33.4147097, -111.9391660 33.4147167)",80.533700,0.080534,7.459733,7.500000,7.540267,13.983675,22.499733,1000.000000,1096532.154016,18.645121,13.983840,29.999999,22.499999,18.269730,18.269615,18.442300,29.395996,29.395811,29.673661,0.139760,0.000000,18.645,18.577,18.509,18.441,18.373,18.305,13.984,18.305,18.373,18.441,18.509,18.577,
10,534,359,76,0.0000,0.0000,0.0000,-1.0000,1000.0000,0.0000,0.0000,0.1705,0.1705,0.1500,4.0000,1.0000,18.6451,30.0000,0.000000,0.000000,0.000000,0.000000,0.000000,0.000000,"LINESTRING (-111.9399117 33.4147844, -111.9400782 33.4147851, -111.9400873 33.4147851, -111.9403353 33.4147856, -111.9404455 33.4147712, -111.9404554 33.4147699, -111.9405582 33.4147673, -111.9407211 33.4147621, -111.9408253 33.4147456)",0.000000,0.000000,7.500000,7.500000,7.500000,13.983840,22.499999,0.000000,-nan(ind),18.645121,13.983840,29.999999,22.499999,18.645121,18.645121,18.645121,29.999999,29.999999,29.999999,0.170520,0.000000,18.645,18.645,18.645,18.645,18.645,18.645,-nan(ind),18.645,18.645,18.645,18.645,18.645,
10,535,359,80,42.0140,0.0000,0.0000,-1.0000,3200.0000,21.0070,0.0131,0.0507,0.0507,0.1500,4.0000,1.0000,29.4220,47.3400,1.236136,0.035517,1.236136,0.035517,0.035576,0.035576,"LINESTRING (-111.9399094 33.4147094, -111.9399088 33.4146490, -111.9399085 33.4146357, -111.9399016 33.4142825)",42.014000,0.013129,7.493435,7.500000,7.506565,26.103169,41.999999,1600.000000,961459082.307547,34.804226,26.103169,56.000000,42.000000,34.689986,34.689986,34.746356,55.816188,55.816188,55.906887,0.050806,0.000000,34.804,34.785,34.766,34.746,34.727,34.708,26.103,34.708,34.727,34.746,34.766,34.785,
10,536,359,177,74.9642,0.0000,0.0000,-1.0000,3200.0000,37.4821,0.0234,0.0487,0.0487,0.1500,4.0000,1.0000,28.2474,45.4500,2.117541,0.060841,2.117541,0.060841,0.061024,0.061024,"LINESTRING (-111.9399117 33.4147844, -111.9399130 33.4148751, -111.9399169 33.4151943)",74.964200,0.023426,7.488287,7.500000,7.511713,26.103167,41.999996,1600.000000,90357657.229894,34.804226,26.103169,56.000000,42.000000,34.600392,34.600391,34.699922,55.672031,55.672029,55.832174,0.048843,0.000000,34.804,34.769,34.735,34.700,34.665,34.630,26.103,34.630,34.665,34.700,34.735,34.769,
10,537,360,86,0.0000,0.0000,0.0000,-1.0000,3600.0000,0.0000,0.0000,0.3781,0.3781,0.1500,4.0000,1.0000,34.8042,56.0000,0.000000,0.000000,0.000000,0.000000,0.000000,0.000000,"LINESTRING (-111.9262925 33.4146937, -111.9261094 33.4146978, -111.9260848 33.4146983, -111.9255249 33.4147028, -111.9253642 33.4147041, -111.9252052 33.4147053, -111.9251412 33.4147062, -111.9245817 33.4147173, -111.9243626 33.4147168, -111.9237731 33.4147156, -111.9234869 33.4147174, -111.9230209 33.4147167, -111.9228189 33.4147158, -111.9224969 33.4147141)",0.000000,0.000000,7.500000,7.500000,7.500000,26.103169,42.000000,0.000000,-nan(ind),34.804226,26.103169,56.000000,42.000000,34.804226,34.804226,34.804226,56.000000,56.000000,56.000000,0.378139,0.000000,34.804,34.804,34.804,34.804,34.804,34.804,-nan(ind),34.804,34.804,34.804,34.804,34.804,
10,538,360,195,0.0000,0.0000,0.0000,-1.0000,3600.0000,0.0000,0.0000,0.1078,0.1078,0.1500,4.0000,1.0000,34.8042,56.0000,0.000000,0.000000,0.000000,0.000000,0.000000,0.000000,"LINESTRING (-111.9262878 33.4148429, -111.9264799 33.4148394, -111.9273686 33.4148082)",0.000000,0.000000,7.500000,7.500000,7.500000,26.103169,42.000000,0.000000,-nan(ind),34.804226,26.103169,56.000000,42.000000,34.804226,34.804226,34.804226,56.000000,56.000000,56.000000,0.107754,0.000000,34.804,34.804,34.804,34.804,34.804,34.804,-nan(ind),34.804,34.804,34.804,34.804,34.804,
10,539,360,266,0.0000,0.0000,0.0000,-1.0000,5400.0000,0.0000,0.0000,0.0547,0.0547,0.1500,4.0000,1.0000,45.3139,72.9100,0.000000,0.000000,0.000000,0.000000,0.000000,0.000000,"LINESTRING (-111.9262878 33.4148429, -111.9262852 33.4149352, -111.9262895 33.4152234, -111.9262909 33.4153155, -111.9262927 33.4154363, -111.9262936 33.4155005)",0.000000,0.000000,7.500000,7.500000,7.500000,37.290241,59.999998,0.000000,-nan(ind),49.720322,37.290241,79.999998,59.999998,49.720322,49.720322,49.720322,79.999998,79.999998,79.999998,0.054683,0.000000,49.720,49.720,49.720,49.720,49.720,49.720,-nan(ind),49.720,49.720,49.720,49.720,49.720,
10,540,360,276,0.0000,0.0000,0.0000,-1.0000,5400.0000,0.0000,0.0000,0.0716,0.0716,0.1500,4.0000,1.0000,34.8042,56.0000,0.000000,0.000000,0.000000,0.000000,0.000000,0.000000,"LINESTRING (-111.9262925 33.4146937, -111.9262929 33.4146131, -111.9262941 33.4142863, -111.9262947 33.4141212, -111.9262948 33.4140912)",0.000000,0.000000,7.500000,7.500000,7.500000,26.103169,42.000000,0.000000,-nan(ind),34.804226,26.103169,56.000000,42.000000,34.804226,34.804226,34.804226,56.000000,56.000000,56.000000,0.071571,0.000000,34.804,34.804,34.804,34.804,34.804,34.804,-nan(ind),34.804,34.804,34.804,34.804,34.804,
10,541,361,88,0.0000,0.0000,0.0000,-1.0000,1000.0000,0.0000,0.0000,0.3282,0.3282,0.1500,4.0000,1.0000,24.8602,40.0000,0.000000,0.000000,0.000000,0.000000,0.000000,0.000000,"LINESTRING (-111.9306654 33.4146657, -111.9306650 33.4145842, -111.9306656 33.4140941, -111.9306575 33.4139710, -111.9306450 33.4138920, -111.9306308 33.4138130, -111.9305817 33.4136333, -111.9305606 33.4135119, -111.9305537 33.4127000)",0.000000,0.000000,7.500000,7.500000,7.500000,18.645121,29.999999,0.000000,-nan(ind),24.860161,18.645121,39.999999,29.999999,24.860161,24.860161,24.860161,39.999999,39.999999,39.999999,0.328185,0.000000,24.860,24.860,24.860,24.860,24.860,24.860,-nan(ind),24.860,24.860,24.860,24.860,24.860,
10,542,361,187,0.0000,0.0000,0.0000,-1.0000,3600.0000,0.0000,0.0000,0.1562,0.1562,0.1500,4.0000,1.0000,34.8042,56.0000,0.000000,0.000000,0.000000,0.000000,0.000000,0.000000,"LINESTRING (-111.9306499 33.4147876, -111.9314542 33.4147814, -111.9322177 33.4147716)",0.000000,0.000000,7.500000,7.500000,7.500000,26.103169,42.000000,0.000000,-nan(ind),34.804226,26.103169,56.000000,42.000000,34.804226,34.804226,34.804226,56.000000,56.000000,56.000000,0.156193,0.000000,34.804,34.804,34.804,34.804,34.804,34.804,-nan(ind),34.804,34.804,34.804,34.804,34.804,
10,543,361,192,0.0000,0.0000,0.0000,-1.0000,3600.0000,0.0000,0.0000,0.1514,0.1514,0.1500,4.0000,1.0000,34.8042,56.0000,0.000000,0.000000,0.000000,0.000000,0.000000,0.000000,"LINESTRING (-111.9306654 33.4146657, -111.9305094 33.4146672, -111.9303714 33.4146669, -111.9298286 33.4146655, -111.9291456 33.4146674)",0.000000,0.000000,7.500000,7.500000,7.500000,26.103169,42.000000,0.000000,-nan(ind),34.804226,26.103169,56.000000,42.000000,34.804226,34.804226,34.804226,56.000000,56.000000,56.000000,0.151404,0.000000,34.804,34.804,34.804,34.804,34.804,34.804,-nan(ind),34.804,34.804,34.804,34.804,34.804,
10,544,361,306,0.0000,0.0000,0.0000,-1.0000,2400.0000,0.0000,0.0000,0.0802,0.0802,0.1500,4.0000,1.0000,24.8602,40.0000,0.000000,0.000000,0.000000,0.000000,0.000000,0.000000,"LINESTRING (-111.9306499 33.4147876, -111.9306130 33.4148802, -111.9306049 33.4150435, -111.9305912 33.4151961, -111.9305745 33.4152628)",0.000000,0.000000,7.500000,7.500000,7.500000,18.645121,29.999999,0.000000,-nan(ind),24.860161,18.645121,39.999999,29.999999,24.860161,24.860161,24.860161,39.999999,39.999999,39.999999,0.080205,0.000000,24.860,24.860,24.860,24.860,24.860,24.860,-nan(ind),24.860,24.860,24.860,24.860,24.860,
10,545,362,18,0.0000,0.0000,0.0000,-1.0000,3600.0000,0.0000,0.0000,0.1279,0.1279,0.1500,4.0000,1.0000,29.8322,48.0000,0.000000,0.000000,0.000000,0.000000,0.000000,0.000000,"LINESTRING (-111.9400679 33.4273849, -111.9400679 33.4272820, -111.9400776 33.4264624)",0.000000,0.000000,7.500000,7.500000,7.500000,22.374145,35.999999,0.000000,-nan(ind),29.832193,22.374145,47.999999,35.999999,29.832193,29.832193,29.832193,47.999999,47.999999,47.999999,0.127850,0.000000,29.832,29.832,29.832,29.832,29.832,29.832,-nan(ind),29.832,29.832,29.832,29.832,29.832,
10,546,362,140,0.0000,0.0000,0.0000,-1.0000,1000.0000,0.0000,0.0000,0.3258,0.3258,0.1500,4.0000,1.0000,24.8602,40.0000,0.000000,0.000000,0.000000,0.000000,0.000000,0.000000,"LINESTRING (-111.9400679 33.4273849, -111.9401590 33.4273839, -111.9415120 33.4273775, -111.9420474 33.4273706, -111.9422487 33.4273804, -111.9424000 33.4274083)",0.000000,0.000000,7.500000,7.500000,7.500000,18.645121,29.999999,0.000000,-nan(ind),24.860161,18.645121,39.999999,29.999999,24.860161,24.860161,24.860161,39.999999,39.999999,39.999999,0.325755,0.000000,24.860,24.860,24.860,24.860,24.860,24.860,-nan(ind),24.860,24.860,24.860,24.860,24.860,
10,547,362,170,0.0000,0.0000,0.0000,-1.0000,3600.0000,0.0000,0.0000,0.1111,0.1111,0.1500,4.0000,1.0000,29.8322,48.0000,0.000000,0.000000,0.000000,0.000000,0.000000,0.000000,"LINESTRING (-111.9399633 33.4273851, -111.9399644 33.4274908, -111.9399642 33.4275269, -111.9399623 33.4275790, -111.9399618 33.4281865)",0.000000,0.000000,7.500000,7.500000,7.500000,22.374145,35.999999,0.000000,-nan(ind),29.832193,22.374145,47.999999,35.999999,29.832193,29.832193,29.832193,47.999999,47.999999,47.999999,0.111063,0.000000,29.832,29.832,29.832,29.832,29.832,29.832,-nan(ind),29.832,29.832,29.832,29.832,29.832,
10,548,363,133,0.0000,0.0000,0.0000,-1.0000,3200.0000,0.0000,0.0000,0.0824,0.0824,0.1500,4.0000,1.0000,34.8042,56.0000,0.000000,0.000000,0.000000,0.000000,0.000000,0.000000,"LINESTRING (-111.9400919 33.4296678, -111.9401871 33.4296574, -111.9409154 33.4295990)",0.000000,0.000000,7.500000,7.500000,7.500000,26.103169,42.000000,0.000000,-nan(ind),34.804226,26.103169,56.000000,42.000000,34.804226,34.804226,34.804226,56.000000,56.000000,56.000000,0.082436,0.000000,34.804,34.804,34.804,34.804,34.804,34.804,-nan(ind),34.804,34.804,34.804,34.804,34.804,
10,549,363,143,0.0000,0.0000,0.0000,-1.0000,3600.0000,0.0000,0.0000,0.0089,0.0089,0.1500,4.0000,1.0000,4.4251,7.1200,0.000000,0.000000,0.000000,0.000000,0.000000,0.000000,"LINESTRING (-111.9399677 33.4296814, -111.9399703 33.4297456)",0.000000,0.000000,7.500000,7.500000,7.500000,22.374145,35.999999,0.000000,-nan(ind),29.832193,22.374145,47.999999,35.999999,29.832193,29.832193,29.832193,47.999999,47.999999,47.999999,0.008900,0.000000,29.832,29.832,29.832,29.832,29.832,29.832,-nan(ind),29.832,29.832,29.832,29.832,29.832,
10,550,363,221,0.0000,0.0000,0.0000,-1.0000,3600.0000,0.0000,0.0000,0.2507,0.2507,0.1500,4.0000,1.0000,29.8322,48.0000,0.000000,0.000000,0.000000,0.000000,0.000000,0.000000,"LINESTRING (-111.9400872 33.4295692, -111.9400836 33.4294932, -111.9400739 33.4285325, -111.9400691 33.4277606)",0.000000,0.000000,7.500000,7.500000,7.500000,22.374145,35.999999,0.000000,-nan(ind),29.832193,22.374145,47.999999,35.999999,29.832193,29.832193,29.832193,47.999999,47.999999,47.999999,0.250663,0.000000,29.832,29.832,29.832,29.832,29.832,29.832,-nan(ind),29.832,29.832,29.832,29.832,29.832,
10,551,363,295,0.0000,0.0000,0.0000,-1.0000,3200.0000,0.0000,0.0000,0.1888,0.1888,0.1500,4.0000,1.0000,34.8042,56.0000,0.000000,0.000000,0.000000,0.000000,0.000000,0.000000,"LINESTRING (-111.9399635 33.4295773, -111.9398814 33.4295827, -111.9392114 33.4296405, -111.9390802 33.4296518, -111.9388274 33.4296956, -111.9387779 33.4297044, -111.9385345 33.4298061, -111.9381867 33.4300134)",0.000000,0.000000,7.500000,7.500000,7.500000,26.103169,42.000000,0.000000,-nan(ind),34.804226,26.103169,56.000000,42.000000,34.804226,34.804226,34.804226,56.000000,56.000000,56.000000,0.188764,0.000000,34.804,34.804,34.804,34.804,34.804,34.804,-nan(ind),34.804,34.804,34.804,34.804,34.804,
10,552,364,1,0.0000,0.0000,0.0000,-1.0000,1000.0000,0.0000,0.0000,0.5068,0.5068,0.1500,4.0000,1.0000,18.6451,30.0000,0.000000,0.000000,0.000000,0.000000,0.000000,0.000000,"LINESTRING (-111.9263814 33.4245047, -111.9264710 33.4245060, -111.9274180 33.4245018, -111.9275146 33.4245016, -111.9276205 33.4245014, -111.9278961 33.4244980, -111.9281214 33.4244812, -111.9282474 33.4244664, -111.9283655 33.4244526, -111.9286430 33.4244053, -111.9287135 33.4243933, -111.9289046 33.4243452, -111.9290798 33.4242989)",0.000000,0.000000,7.500000,7.500000,7.500000,13.983840,22.499999,0.000000,-nan(ind),18.645121,13.983840,29.999999,22.499999,18.645121,18.645121,18.645121,29.999999,29.999999,29.999999,0.506800,0.000000,18.645,18.645,18.645,18.645,18.645,18.645,-nan(ind),18.645,18.645,18.645,18.645,18.645,
10,553,364,119,0.0000,0.0000,0.0000,-1.0000,5400.0000,0.0000,0.0000,0.3572,0.3572,0.1500,4.0000,1.0000,34.8042,56.0000,0.000000,0.000000,0.000000,0.000000,0.000000,0.000000,"LINESTRING (-111.9262237 33.4245026, -111.9262235 33.4245838, -111.9262174 33.4268401, -111.9262149 33.4275095)",0.000000,0.000000,7.500000,7.500000,7.500000,26.103169,42.000000,0.000000,-nan(ind),34.804226,26.103169,56.000000,42.000000,34.804226,34.804226,34.804226,56.000000,56.000000,56.000000,0.357182,0.000000,34.804,34.804,34.804,34.804,34.804,34.804,-nan(ind),34.804,34.804,34.804,34.804,34.804,
10,554,364,123,0.0000,0.0000,0.0000,-1.0000,5400.0000,0.0000,0.0000,0.0738,0.0738,0.1500,4.0000,1.0000,34.8042,56.0000,0.000000,0.000000,0.000000,0.000000,0.000000,0.000000,"LINESTRING (-111.9263814 33.4245047, -111.9263820 33.4244228, -111.9263882 33.4238834)",0.000000,0.000000,7.500000,7.500000,7.500000,26.103169,42.000000,0.000000,-nan(ind),34.804226,26.103169,56.000000,42.000000,34.804226,34.804226,34.804226,56.000000,56.000000,56.000000,0.073811,0.000000,34.804,34.804,34.804,34.804,34.804,34.804,-nan(ind),34.804,34.804,34.804,34.804,34.804,
10,555,365,142,0.0000,0.0000,0.0000,-1.0000,3200.0000,0.0000,0.0000,0.3212,0.3212,0.1500,4.0000,1.0000,34.8042,56.0000,0.000000,0.000000,0.000000,0.000000,0.000000,0.000000,"LINESTRING (-111.9307660 33.4220427, -111.9332209 33.4220178, -111.9339909 33.4220122)",0.000000,0.000000,7.500000,7.500000,7.500000,26.103169,42.000000,0.000000,-nan(ind),34.804226,26.103169,56.000000,42.000000,34.804226,34.804226,34.804226,56.000000,56.000000,56.000000,0.321246,0.000000,34.804,34.804,34.804,34.804,34.804,34.804,-nan(ind),34.804,34.804,34.804,34.804,34.804,
10,556,365,230,0.0000,0.0000,0.0000,-1.0000,3200.0000,0.0000,0.0000,0.1173,0.1173,0.1500,4.0000,1.0000,34.8042,56.0000,0.000000,0.000000,0.000000,0.000000,0.000000,0.000000,"LINESTRING (-111.9307620 33.4219520, -111.9302053 33.4219599, -111.9297246 33.4219631, -111.9295985 33.4220148)",0.000000,0.000000,7.500000,7.500000,7.500000,26.103169,42.000000,0.000000,-nan(ind),34.804226,26.103169,56.000000,42.000000,34.804226,34.804226,34.804226,56.000000,56.000000,56.000000,0.117321,0.000000,34.804,34.804,34.804,34.804,34.804,34.804,-nan(ind),34.804,34.804,34.804,34.804,34.804,
10,557,366,29,42.0140,0.0000,0.0000,-1.0000,1200.0000,42.0140,0.0350,0.0633,0.0633,0.1500,4.0000,1.0000,29.8322,48.0000,1.321783,0.044307,1.321783,0.044307,0.044509,0.044509,"LINESTRING (-111.9399606 33.4254920, -111.9398427 33.4254931, -111.9394161 33.4254973)",42.014000,0.035012,7.482494,7.500000,7.517506,22.374136,35.999984,1200.000000,17490838.539826,29.832193,22.374145,47.999999,35.999999,29.571075,29.571068,29.697063,47.579859,47.579848,47.782574,0.063563,0.000000,29.832,29.787,29.742,29.697,29.652,29.607,22.374,29.607,29.652,29.697,29.742,29.787,
10,558,366,139,0.0000,0.0000,0.0000,-1.0000,1000.0000,0.0000,0.0000,0.1387,0.1387,0.1500,4.0000,1.0000,29.8322,48.0000,0.000000,0.000000,0.000000,0.000000,0.000000,0.000000,"LINESTRING (-111.9400797 33.4254922, -111.9406267 33.4254920, -111.9411959 33.4254872, -111.9412736 33.4254885)",0.000000,0.000000,7.500000,7.500000,7.500000,22.374145,35.999999,0.000000,-nan(ind),29.832193,22.374145,47.999999,35.999999,29.832193,29.832193,29.832193,47.999999,47.999999,47.999999,0.138738,0.000000,29.832,29.832,29.832,29.832,29.832,29.832,-nan(ind),29.832,29.832,29.832,29.832,29.832,
10,559,366,168,85.8591,0.0000,0.0000,-1.0000,1800.0000,85.8591,0.0477,0.1110,0.1110,0.1500,4.0000,1.0000,29.8322,48.0000,4.740127,0.158893,4.740127,0.158893,0.159892,0.159892,"LINESTRING (-111.9400797 33.4254922, -111.9400789 33.4246910)",85.859100,0.047700,7.476150,7.500000,7.523850,22.374112,35.999947,1800.000000,13230645.125193,29.832193,22.374145,47.999999,35.999999,29.476448,29.476425,29.645835,47.427605,47.427568,47.700149,0.111736,0.000000,29.832,29.770,29.708,29.645,29.583,29.521,22.374,29.521,29.583,29.645,29.708,29.770,
10,560,366,217,40.3305,0.0000,0.0000,-1.0000,3600.0000,20.1653,0.0112,0.0945,0.0945,0.1500,4.0000,1.0000,29.8322,48.0000,1.894456,0.063504,1.894456,0.063504,0.063594,0.063594,"LINESTRING (-111.9399606 33.4254920, -111.9399609 33.4257585, -111.9399592 33.4261737)",40.330500,0.011203,7.494399,7.500000,7.505601,22.374145,35.999999,1800.000000,3806253354.089477,29.832193,22.374145,47.999999,35.999999,29.748641,29.748641,29.789949,47.865564,47.865564,47.932029,0.094609,0.000000,29.832,29.818,29.804,29.790,29.776,29.762,22.374,29.762,29.776,29.790,29.804,29.818,
10,561,367,84,0.0000,0.0000,0.0000,-1.0000,1200.0000,0.0000,0.0000,0.0500,0.0500,0.1500,4.0000,1.0000,20.7209,33.3400,0.000000,0.000000,0.000000,0.000000,0.000000,0.000000,"LINESTRING (-111.9349552 33.4146147, -111.9349540 33.4145627, -111.9349493 33.4143140)",0.000000,0.000000,7.500000,7.500000,7.500000,18.645121,29.999999,0.000000,-nan(ind),24.860161,18.645121,39.999999,29.999999,24.860161,24.860161,24.860161,39.999999,39.999999,39.999999,0.050010,0.000000,24.860,24.860,24.860,24.860,24.860,24.860,-nan(ind),24.860,24.860,24.860,24.860,24.860,
10,562,367,172,0.0000,0.0000,0.0000,-1.0000,3600.0000,0.0000,0.0000,0.1169,0.1169,0.1500,4.0000,1.0000,34.8042,56.0000,0.000000,0.000000,0.000000,0.000000,0.000000,0.000000,"LINESTRING (-111.9349593 33.4147529, -111.9361331 33.4147441)",0.000000,0.000000,7.500000,7.500000,7.500000,26.103169,42.000000,0.000000,-nan(ind),34.804226,26.103169,56.000000,42.000000,34.804226,34.804226,34.804226,56.000000,56.000000,56.000000,0.116936,0.000000,34.804,34.804,34.804,34.804,34.804,34.804,-nan(ind),34.804,34.804,34.804,34.804,34.804,
10,563,367,304,0.0000,0.0000,0.0000,-1.0000,3600.0000,0.0000,0.0000,0.1229,0.1229,0.1500,4.0000,1.0000,34.8042,56.0000,0.000000,0.000000,0.000000,0.000000,0.000000,0.000000,"LINESTRING (-111.9349552 33.4146147, -111.9342965 33.4146294, -111.9338144 33.4146435, -111.9337225 33.4146441)",0.000000,0.000000,7.500000,7.500000,7.500000,26.103169,42.000000,0.000000,-nan(ind),34.804226,26.103169,56.000000,42.000000,34.804226,34.804226,34.804226,56.000000,56.000000,56.000000,0.122850,0.000000,34.804,34.804,34.804,34.804,34.804,34.804,-nan(ind),34.804,34.804,34.804,34.804,34.804,
10,564,368,127,0.0000,0.0000,0.0000,-1.0000,5400.0000,0.0000,0.0000,0.0959,0.0959,0.1500,4.0000,1.0000,34.8042,56.0000,0.000000,0.000000,0.000000,0.000000,0.000000,0.000000,"LINESTRING (-111.9262430 33.4220288, -111.9262405 33.4221644, -111.9262331 33.4228357)",0.000000,0.000000,7.500000,7.500000,7.500000,26.103169,42.000000,0.000000,-nan(ind),34.804226,26.103169,56.000000,42.000000,34.804226,34.804226,34.804226,56.000000,56.000000,56.000000,0.095850,0.000000,34.804,34.804,34.804,34.804,34.804,34.804,-nan(ind),34.804,34.804,34.804,34.804,34.804,
10,565,368,227,0.0000,0.0000,0.0000,-1.0000,3200.0000,0.0000,0.0000,0.0772,0.0772,0.1500,4.0000,1.0000,34.8042,56.0000,0.000000,0.000000,0.000000,0.000000,0.000000,0.000000,"LINESTRING (-111.9264076 33.4220275, -111.9264480 33.4220270, -111.9265015 33.4220263, -111.9268583 33.4220215, -111.9270745 33.4220186, -111.9271825 33.4220171)",0.000000,0.000000,7.500000,7.500000,7.500000,26.103169,42.000000,0.000000,-nan(ind),34.804226,26.103169,56.000000,42.000000,34.804226,34.804226,34.804226,56.000000,56.000000,56.000000,0.077196,0.000000,34.804,34.804,34.804,34.804,34.804,34.804,-nan(ind),34.804,34.804,34.804,34.804,34.804,
10,566,368,233,0.0000,0.0000,0.0000,-1.0000,3200.0000,0.0000,0.0000,0.0726,0.0726,0.1500,4.0000,1.0000,39.7763,64.0000,0.000000,0.000000,0.000000,0.000000,0.000000,0.000000,"LINESTRING (-111.9262430 33.4220288, -111.9261176 33.4220314, -111.9257789 33.4220309, -111.9256100 33.4220306, -111.9254096 33.4220303)",0.000000,0.000000,7.500000,7.500000,7.500000,29.832195,48.000002,0.000000,-nan(ind),39.776260,29.832195,64.000003,48.000002,39.776260,39.776260,39.776260,64.000003,64.000003,64.000003,0.072637,0.000000,39.776,39.776,39.776,39.776,39.776,39.776,-nan(ind),39.776,39.776,39.776,39.776,39.776,
10,567,368,277,0.0000,0.0000,0.0000,-1.0000,5400.0000,0.0000,0.0000,0.1351,0.1351,0.1500,4.0000,1.0000,34.8042,56.0000,0.000000,0.000000,0.000000,0.000000,0.000000,0.000000,"LINESTRING (-111.9264076 33.4220275, -111.9264070 33.4218739, -111.9264024 33.4215813, -111.9263986 33.4213363, -111.9263916 33.4208903)",0.000000,0.000000,7.500000,7.500000,7.500000,26.103169,42.000000,0.000000,-nan(ind),34.804226,26.103169,56.000000,42.000000,34.804226,34.804226,34.804226,56.000000,56.000000,56.000000,0.135096,0.000000,34.804,34.804,34.804,34.804,34.804,34.804,-nan(ind),34.804,34.804,34.804,34.804,34.804,
10,568,369,120,0.0000,0.0000,0.0000,-1.0000,5400.0000,0.0000,0.0000,0.0125,0.0125,0.1500,4.0000,1.0000,7.2281,11.6300,0.000000,0.000000,0.000000,0.000000,0.000000,0.000000,"LINESTRING (-111.9262837 33.4288957, -111.9262849 33.4289636, -111.9262855 33.4290006)",0.000000,0.000000,7.500000,7.500000,7.500000,26.103169,42.000000,0.000000,-nan(ind),34.804226,26.103169,56.000000,42.000000,34.804226,34.804226,34.804226,56.000000,56.000000,56.000000,0.012461,0.000000,34.804,34.804,34.804,34.804,34.804,34.804,-nan(ind),34.804,34.804,34.804,34.804,34.804,
10,569,369,245,0.0000,0.0000,0.0000,-1.0000,3200.0000,0.0000,0.0000,0.1639,0.1639,0.1500,4.0000,1.0000,34.8042,56.0000,0.000000,0.000000,0.000000,0.000000,0.000000,0.000000,"LINESTRING (-111.9262837 33.4288957, -111.9263202 33.4288977, -111.9264828 33.4289065, -111.9265235 33.4289081, -111.9275775 33.4289657, -111.9279262 33.4289480)",0.000000,0.000000,7.500000,7.500000,7.500000,26.103169,42.000000,0.000000,-nan(ind),34.804226,26.103169,56.000000,42.000000,34.804226,34.804226,34.804226,56.000000,56.000000,56.000000,0.163929,0.000000,34.804,34.804,34.804,34.804,34.804,34.804,-nan(ind),34.804,34.804,34.804,34.804,34.804,
10,570,369,262,0.0000,0.0000,0.0000,-1.0000,3200.0000,0.0000,0.0000,0.3993,0.3993,0.1500,4.0000,1.0000,34.8042,56.0000,0.000000,0.000000,0.000000,0.000000,0.000000,0.000000,"LINESTRING (-111.9262821 33.4287845, -111.9262453 33.4287821, -111.9261046 33.4287728, -111.9259767 33.4287644, -111.9256534 33.4287431, -111.9255294 33.4287349, -111.9252596 33.4287222, -111.9248331 33.4287021, -111.9246782 33.4287075, -111.9246266 33.4287093, -111.9244999 33.4287216, -111.9243730 33.4287458, -111.9240305 33.4288490, -111.9239513 33.4288729, -111.9239233 33.4288837, -111.9231230 33.4291905, -111.9228024 33.4292566, -111.9225407 33.4292718, -111.9224000 33.4292705)",0.000000,0.000000,7.500000,7.500000,7.500000,26.103169,42.000000,0.000000,-nan(ind),34.804226,26.103169,56.000000,42.000000,34.804226,34.804226,34.804226,56.000000,56.000000,56.000000,0.399289,0.000000,34.804,34.804,34.804,34.804,34.804,34.804,-nan(ind),34.804,34.804,34.804,34.804,34.804,
10,571,369,271,0.0000,0.0000,0.0000,-1.0000,5400.0000,0.0000,0.0000,0.0555,0.0555,0.1500,4.0000,1.0000,32.1690,51.7600,0.000000,0.000000,0.000000,0.000000,0.000000,0.000000,"LINESTRING (-111.9262821 33.4287845, -111.9262793 33.4286892, -111.9262793 33.4286766, -111.9262833 33.4283177)",0.000000,0.000000,7.500000,7.500000,7.500000,26.103169,42.000000,0.000000,-nan(ind),34.804226,26.103169,56.000000,42.000000,34.804226,34.804226,34.804226,56.000000,56.000000,56.000000,0.055457,0.000000,34.804,34.804,34.804,34.804,34.804,34.804,-nan(ind),34.804,34.804,34.804,34.804,34.804,
